CODCSB;CODINT;CODOFI;CNIVEL;CTIUNI;CODPLA;DNOMCO;DNOMAB;DDOMIC;CODPOS;DNOMTA;DDOMTA;CPREFI;CTEL01;CTEL02;CFAX;CTELEX;CORREO;SSWITF;CELECT;COFPRA;FAPERT;FCIERR;CBACIE;COFCIE;CBAMUT;COFMUT;CBACOM;COFCOM;CBALIQ;COFLIQ;CONLIQ;FULTAC;FINSTA;CSISCO;COFICO;XTIP00;XTIP01;XTIP02;XTIP03;XTIP04;XTIP05;XTIP06;XTIP07;XTIP08;XTIP09;XCAR01;XCAR02;XCAR03;XCAR04;XCAR05;XCAR06;XCAR07;XCAR08;XCAR09;XCAR10;XCAR11;XCAR12;XCAR13;XCAR14;XCAR20;XCAR21;COFS36;CMORA;CBASEX;COFSEX;CBACAR;COFCAR;CBADIS;COFDIS;CREM01;CPRI01;CREM02;CPRI02;COFIVA;CDIVIS;CACT01;FCAM01;CNUE01;CACT02;FCAM02;CNUE02;CACT03;FCAM03;CNUE03;CACT04;FCAM04;CNUE04;CACT05;FCAM05;CNUE05;CACT06;FCAM06;CNUE06;CACT07;FCAM07;CNUE07;CACT08;FCAM08;CNUE08;CACT09;FCAM09;CNUE09;CACT10;FCAM10;CNUE10;CACT11;FCAM11;CNUE11;CACT12;FCAM12;CNUE12;CACT13;FCAM13;CNUE13;CACT14;FCAM14;CNUE14;CACT15;FCAM15;CNUE15;CACT16;FCAM16;CNUE16;CACT17;FCAM17;CNUE17;CACT18;FCAM18;CNUE18;COD_NIVCOMPL;COD_CTEL03;DES_DIRECNET;QNU_TELIBERC   
0182;0001;0063;50;0000;350160024;D.T. CANARIAS                       ;D.T. CANARIAS       ;ALBAREDA, 6 PLTA6                   ;35008;                              ;                              ;0000;928451500;000000000;928271411;00000000;000000;00000000000;00;4145;010175;000000;0000;0000;0000;0000;0000;0000;0000;0000;00;2023-11-14;000000;0;0060;0;0;0;0;0;0;0;0;0;0100;1;0;0;1;0012;0;1;200090;0;0090;0;9;000100;00;1;0;0000;2536;0000;0000;0000;0000;0182;0027;0039;0050;0000;0000;0000;   ;0000;000000;0000;0000;000000;0000;0000;000000;0000;0063;000000;6055;0013;000000;6250;0001;000000;6024;0011;000000;0000;0060;000000;0000;0005;000000;8597;0000;000000;0000;1989;000000;0000;6352;000000;0000;0000;000000;6252;0000;000000;0000;0000;000000;0000;0000;000000;0000;8812;000000;8822;0000;000000;0000;00;000000000;                                        ;000000000                                                                                                    

0182;0001;0223;10;0014;080190001;MATARO-CERDANYOLA - OTP             ;MATARO-CERDAN - OTP ;AVINGUDA PUIG I CADAFALCH, 176-178  ;08303;                              ;                              ;0000;932009343;000000000;000000000;00000000;000000;           ;00;0000;231117;150221;0182;4159;0000;0000;0182;3992;0000;0000;00;2021-10-26;000000;0;3992;0;0;0;0;0;0;0;0;0;0100;1;0;0;0;0003;0;0;310090;1;0090;0;9;000770;00;7;7;0000;2542;0182;6252;0000;0000;0182;0027;0039;0035;0000;0000;1797;   ;9639;000000;0000;8962;000000;0000;0000;000000;0000;8302;000000;6055;0013;000000;6250;0001;000000;6024;0011;000000;0000;0060;000000;0000;0009;000000;8593;0008;000000;0000;0800;000000;0000;6352;000000;0000;0007;000000;6252;0000;170118;0011;0000;000000;0000;5855;000000;0000;0000;000000;0000;0000;000000;0000;00;000000000;                                        ;000000000                                                                                                    
0182;0001;0615;10;0001;320540001;OURENSE-JUAN XXIII                  ;OURENSE-JUAN XXIII  ;JUAN XXIII, 18                      ;32003;                              ;                              ;0000;988215045;988217276;000000000;00083193;000000;00000000000;00;0000;010175;231125;0182;4730;0000;0000;0182;4730;0000;0000;00;2025-11-21;250490;1;0000;0;0;0;0;0;0;0;0;0;1101;1;0;1;1;0003;0;0;310090;1;0090;0;9;001714;01;7;1;4730;2522;0182;6252;0000;0000;0182;0027;0039;0070;0000;0000;4730;   ;9361;000000;0000;9844;000000;0000;0000;000000;0000;1525;000000;6055;0013;000000;6250;0001;000000;6024;0011;000000;0000;0060;000000;0000;0011;000000;8591;0032;000000;0000;1985;000000;0000;6352;000000;0000;0010;000000;6252;0000;110220;0011;0000;000000;0000;5862;000000;0000;8815;000000;8825;0000;000000;0000;04;902224466;g010615a@bbva.com                       ;000000000                                                                                                    
0182;0001;0729;10;0018;000000000;GRAND CAYMAN-TREASURY               ;GRAND CAYMAN-TREASUR;1345 AVENUE O.THE AMERICAS,45-N.YORK;10105;                              ;                              ;0000;128261320;000000000;000000000;00000000;000000;00000000000;00;0000;010175;000000;0000;0000;0000;0000;0000;0000;0000;0000;00;2025-03-12;081194;1;0000;8;0;0;0;0;0;0;0;0;0102;1;0;2;3;0000;0;0;000090;0;0090;0;9;000000;00;0;0;0000;0000;0000;0000;0000;0000;0000;0000;9999;0099;0000;0000;0000;   ;8209;000000;0000;2483;000000;0000;2224;000000;0000;6596;000000;0000;7238;000000;7226;0001;000000;6881;0400;000000;0000;0060;000000;0000;0000;000000;0000;0000;000000;0000;0000;000000;0000;0000;000000;0000;0001;000000;0000;0206;000000;0000;0000;000000;0000;0000;000000;0000;0000;000000;0000;0000;000000;0000;00;000000000;                                        ;000000000                                                                                                    
0182;0001;0984;10;0006;280790001;INSTITUTIONAL CUSTODY NON RESIDENTS ;INSTUT.CUSTODY NON R;CALLE AZUL, 4                       ;28050;                              ;                              ;0000;999999999;000000000;913746969;00000000;000000;00000000000;00;0000;010175;000000;0000;0000;0000;0000;0000;0000;0000;0000;00;2021-11-23;110288;1;0000;0;0;0;0;0;0;0;0;0;0101;1;0;1;1;0013;0;1;310010;1;0010;0;1;000990;00;9;9;0000;0000;0000;0000;0000;0000;0182;0027;0039;0014;0000;0000;4000;   ;0000;000000;0000;0000;000000;0000;0000;000000;0000;0000;000000;4622;4747;000000;7721;0001;000000;6038;0011;000000;0000;0060;000000;0000;0012;000000;0000;0028;000000;0000;1555;000000;0000;0000;000000;0000;0001;000000;0000;0000;231121;0011;0000;000000;0000;0000;000000;0000;0000;000000;0000;0000;000000;0000;00;000000000;                                        ;000000000                                                                                                    
0182;0001;1051;10;0036;300370013;TORRE PACHECO                       ;TORRE PACHECO       ;AV. DE FONTES, 2                    ;30700;                              ;                              ;0000;968577512;000000000;000000000;00000000;000000;00000000000;00;0000;010175;000000;0000;0000;0000;0000;0000;0000;0000;0000;00;2023-04-04;250490;1;0000;0;0;0;0;0;0;0;0;0;1101;1;0;1;1;0003;0;0;310010;1;0010;0;1;009001;09;0;0;1051;2534;0182;6252;0000;0000;0182;0027;0039;0065;0000;0000;0152;   ;9565;000000;0000;9891;000000;0000;0000;000000;0000;1964;000000;6055;0013;000000;6250;0001;000000;6024;0011;000000;0000;0060;000000;0000;0014;000000;8595;0030;000000;0000;0595;141194;0139;6352;000000;0000;0009;000000;6252;0000;040423;0011;0000;000000;0002;5859;000000;0000;8814;000000;8824;0000;000000;0000;04;902224466;G011051A@BBVA.COM                       ;000000000                                                                                                    
0182;0001;1419;10;0001;070400012;PALMA DE MALLORCA-AV. SAN FERNANDO  ;PALMA M-AV.S.FERNAND;AV. SAN FERNANDO, 24                ;07011;                              ;                              ;0000;971455012;000000000;000000000;00000000;000000;00000000000;00;0000;150395;231125;0182;0284;0000;0000;0182;0284;0000;0000;00;2025-11-21;150395;1;0000;0;0;0;0;0;0;0;0;0;1101;1;0;1;1;0003;0;0;310090;1;0090;0;9;040714;40;7;1;4900;2534;0182;6252;0000;0000;0182;0027;0039;0075;0000;0000;4900;   ;9477;000000;0000;9883;000000;0000;0000;000000;0000;1964;000000;6055;0013;000000;6250;0001;000000;6024;0011;000000;0000;0060;000000;0000;0004;000000;8595;0007;000000;0000;0595;000000;0000;6352;000000;0000;0007;000000;6252;0000;110220;0011;0000;000000;0000;5859;000000;0000;8814;000000;8824;0000;000000;0000;06;902224466;G011419A@BBVA.COM                       ;000000000                                                                                                    
0182;0001;1562;10;0001;300161903;CARTAGENA-LA MANGA CLUB DE GOLF 1   ;LA MANGA-GOLF 1     ;C. COMERCIAL LAS SABINAS LA MANGA CL;30389;                              ;                              ;0000;968175194;000000000;000000000;00000000;000000;00000000000;00;0000;220195;000000;0000;0000;0000;0000;0000;0000;0000;0000;00;2021-02-04;220195;1;0000;0;0;0;0;0;0;0;0;0;1101;1;0;1;1;0003;0;0;310010;1;0010;0;1;001006;01;0;0;6855;2534;0182;6252;0000;0000;0182;0027;0039;0065;0000;0000;0152;   ;9566;000000;0000;9891;000000;0000;0000;000000;0000;1964;000000;6055;0013;000000;6250;0001;000000;6024;0011;000000;0000;0060;000000;0000;0014;000000;8595;0051;000000;0000;0595;000000;0000;6352;000000;0000;0009;000000;6252;0000;040221;0011;0000;000000;0000;5859;000000;0000;8814;000000;8824;0000;000000;0000;05;902224466;G011562A@BBVA.COM                       ;000000000                                                                                                    
0182;0001;1563;10;0001;200360004;HONDARRIBIA                         ;HONDARRIBIA         ;CALLE ZULOAGA, 1 (ENTRADA C/ S.PEDRO;20280;                              ;                              ;0000;943646022;943646142;000000000;00000000;000000;00000000000;00;0000;010175;000000;0000;0000;0000;0000;0000;0000;0000;0000;00;2020-02-11;250490;1;0000;0;0;0;0;0;0;0;0;0;1101;1;0;1;1;0003;0;0;310010;1;0010;0;1;008003;08;0;0;3160;2529;0182;6252;0000;0000;0182;0027;0039;0030;0000;0000;5700;   ;9175;000000;0000;9832;000000;0000;0000;000000;0000;1523;000000;6055;0013;000000;6250;0001;000000;6024;0011;000000;0000;0060;000000;0000;0015;000000;8592;0020;000000;0000;2017;000000;0000;6352;000000;0000;0008;000000;6252;0000;110220;0011;0000;000000;0000;5858;000000;0000;8816;000000;8826;0000;000000;0000;04;902224466;g011563a@bbva.com                       ;000000000                                                                                                    
0182;0001;1573;10;0001;312500008;BERA                                ;BERA                ;ALTZATE, 17                         ;31780;                              ;                              ;0000;948630007;000000000;000000000;00000000;000000;00000000000;00;0000;010175;000000;0000;0000;0000;0000;0000;0000;0000;0000;00;2020-02-11;250490;1;0000;0;0;0;0;0;0;0;0;0;1101;1;0;1;1;0003;0;0;310010;1;0010;0;1;001003;01;0;0;3160;2529;0182;6252;0000;0000;0182;0027;0039;0080;0000;0000;5000;   ;9175;000000;0000;9832;000000;0000;0000;000000;0000;1523;000000;6055;0013;000000;6250;0001;000000;6024;0011;000000;0000;0060;000000;0000;0013;000000;8592;0031;000000;0000;2017;000000;0000;6352;000000;0000;0013;000000;6252;0000;110220;0011;0000;000000;0000;5858;000000;0000;8816;000000;8826;0000;000000;0000;06;902224466;G011573A@BBVA.COM                       ;000000000                                                                                                    
0182;0001;1577;50;0000;350160024;DR CANARIAS-EMPRESAS                ;DR CANARIAS-EMPRESAS;ALBAREDA, 6 PLTA1                   ;35008;                              ;                              ;0000;928451570;928451528;928451576;00000000;000000;00000000000;00;9713;160794;000000;0000;0000;0000;0000;0000;0000;0000;0000;00;2021-11-26;000000;0;0060;0;0;0;0;0;0;0;0;0;0100;1;0;0;1;0012;0;1;200090;0;0090;0;9;000000;00;0;0;0000;0000;0000;0000;0000;0000;0182;0027;0039;0050;0000;0000;0000;   ;0000;000000;0000;0000;000000;0000;0000;000000;0000;1577;000000;8417;0058;000000;6051;0001;000000;6024;0011;000000;0000;0060;000000;0000;0005;000000;8597;0000;000000;0000;1989;000000;0000;6352;000000;0000;0000;000000;0000;0000;000000;0000;0000;000000;0000;5864;000000;0000;0000;000000;0000;0000;000000;0000;00;000000000;                                        ;000000000                                                                                                    
0182;0001;1611;10;0001;070140001;CALA RAJADA                         ;CALA RAJADA         ;CARRER DE L'AGULLA, 29 - LOCALES 3 Y;07590;CALA RATJADA                  ;                              ;0000;971564014;000000000;000000000;00000000;000000;00000000000;00;0000;010175;000000;0000;0000;0000;0000;0000;0000;0000;0000;00;2021-11-04;180488;1;0000;0;0;0;0;0;0;0;0;0;1101;1;0;1;1;0003;0;0;310010;1;0010;0;1;001000;01;0;0;0287;2534;0182;6252;0000;0000;0182;0027;0039;0075;0000;0000;4900;   ;9490;000000;0000;9883;000000;0000;0000;000000;0000;1964;000000;6055;0013;000000;6250;0001;000000;6024;0011;000000;0000;0060;000000;0000;0004;000000;8595;0007;000000;0000;0595;141194;1982;6352;000000;0000;0007;000000;6252;0000;041121;0011;0000;000000;0000;5859;010708;0000;8814;000000;8824;0000;000000;0000;06;902224466;G011611A@BBVA.COM                       ;000000000                                                                                                    
0182;0001;1636;10;0001;462020001;POBLA VALLBONA                      ;POBLA VALLBONA      ;AV. COLON, 129                      ;46185;                              ;                              ;0000;962760483;962760496;000000000;00000000;000000;00000000000;00;0000;010175;000000;0000;0000;0000;0000;0000;0000;0000;0000;00;2021-08-02;250490;1;0000;0;0;0;0;0;0;0;0;0;1101;1;0;1;1;0003;0;0;310010;1;0010;0;1;009000;09;0;0;0565;2534;0182;6252;0000;0000;0182;0027;0039;0065;0000;0000;7710;   ;9518;000000;0000;9889;000000;0000;0000;000000;0000;1964;000000;6055;0013;000000;6250;0001;000000;6024;0011;000000;0000;0060;000000;0000;0017;000000;8595;0046;000000;0000;0595;000000;0000;6352;000000;0000;0009;000000;6252;0000;110220;0011;0000;000000;0000;5859;000000;0000;8814;000000;8824;0000;000000;0000;05;902224466;G011636A@BBVA.COM                       ;000000000                                                                                                    
0182;0001;1831;10;0014;082700003;SITGES OTP                          ;SITGES OTP          ;PARELLADES, 40                      ;08870;                              ;                              ;0000;938949339;000000000;938948600;00000000;000000;           ;00;0000;030513;221121;0182;3397;0000;0000;0182;3397;0000;0000;00;2021-11-23;000000;0;3397;0;0;0;0;0;0;0;0;0;0100;1;0;0;1;0000;0;0;010090;1;0090;0;9;008770;08;7;7;0000;2542;0182;6252;0000;0000;0182;0027;0039;0035;0000;0000;1797;   ;9570;000000;0000;8963;000000;0000;0000;000000;0000;8302;000000;6055;0013;000000;6250;0001;000000;6024;0011;000000;0000;0060;000000;0000;0009;000000;8593;0008;000000;0000;0800;000000;0000;6352;000000;0000;0007;000000;6252;0000;170118;0011;0000;000000;0000;5855;000000;0000;8811;000000;8821;0000;000000;0000;00;000000000;                                        ;000000000                                                                                                    
0182;0001;1837;10;0018;000000000;CGL COAP MILAN                      ;CGL COAP MILAN      ;VIA CINO DEL DUCA, 8                ;20122;                              ;                              ;0000;999999999;000000000;000000000;00000000;000000;           ;00;0000;240413;000000;0000;0000;0000;0000;0000;0000;0000;0000;00;2013-05-07;240413;1;0000;8;0;0;0;0;0;0;0;0;0102;1;0;2;3;0000;0;0;000090;0;0090;0;9;000000;00;0;0;0000;0000;0000;0000;0000;0000;0000;0000;0000;0000;0000;0000;0000;   ;0000;000000;0000;0000;000000;0000;2222;000000;0000;0000;000000;0000;1852;000000;6052;0001;000000;0000;0005;000000;0000;0060;000000;0000;0000;000000;0000;0000;000000;0000;0000;000000;0000;0000;000000;0000;0001;000000;0000;0052;000000;0000;0000;000000;0000;0000;000000;0000;0000;000000;0000;0000;000000;0000;00;000000000;                                        ;000000000                                                                                                    
0182;0001;1838;10;0018;000000000;CGL COAP LONDRES                    ;CGL COAP LONDRES    ;100 CANNON STREET                   ;00000;                              ;                              ;0000;999999999;000000000;000000000;00000000;000000;           ;00;0000;240413;000000;0000;0000;0000;0000;0000;0000;0000;0000;00;2013-05-07;240413;1;0000;8;0;0;0;0;0;0;0;0;0102;1;0;2;3;0000;0;0;000090;0;0090;0;9;000000;00;0;0;0000;0000;0000;0000;0000;0000;0000;0000;0000;0000;0000;0000;0000;   ;0000;000000;0000;0000;000000;0000;2223;000000;0000;0000;000000;0000;1852;000000;6052;0001;000000;0000;0006;000000;0000;0060;000000;0000;0000;000000;0000;0000;000000;0000;0000;000000;0000;0000;000000;0000;0001;000000;0000;0725;000000;0000;0000;000000;0000;0000;000000;0000;0000;000000;0000;0000;000000;0000;00;000000000;                                        ;000000000                                                                                                    
0182;0001;1855;10;0015;280790001;LOAN PORTFOLIO UK                   ;LOAN PORTFOLIO UK   ;CALLE AZUL, 4                       ;28050;                              ;                              ;0000;913744286;000000000;000000000;00000000;000000;           ;00;0000;281114;000000;0000;0000;0000;0000;0000;0000;0000;0000;00;2025-01-31;271114;1;0000;7;0;0;0;0;0;0;0;0;0102;1;0;2;2;0003;0;0;310010;1;0010;0;1;000996;00;9;9;6208;0000;0000;0000;0000;0000;0182;0027;0039;0014;0000;0000;4000;   ;0000;000000;0000;0000;000000;0000;0000;000000;0000;0000;000000;0000;7797;000000;7657;0001;000000;6038;0011;000000;0000;0060;000000;0000;0012;000000;0000;0028;000000;0000;1555;000000;0000;0000;000000;0000;0001;000000;0000;0000;310125;0011;0000;000000;0000;0000;000000;0000;0000;000000;0000;0000;000000;0000;00;000000000;                                        ;000000000                                                                                                    
0182;0001;1878;10;0001;320720201;A RUA DE VALDEORRAS                 ;A RUA DE VALDEORRAS ;AV. DOCTOR VILA, 7                  ;32350;                              ;                              ;0000;988310642;988310643;000000000;00000000;000000;00000000000;00;0000;010175;000000;0000;0000;0000;0000;0000;0000;0000;0000;00;2020-02-11;250490;1;0000;0;0;0;0;0;0;0;0;0;1101;1;0;1;1;0003;0;0;310010;1;0010;0;1;001000;01;0;0;0369;2522;0182;6252;0000;0000;0182;0027;0039;0070;0000;0000;4730;   ;9357;000000;0000;9844;000000;0000;0000;000000;0000;1525;000000;6055;0013;000000;6250;0001;000000;6024;0011;000000;0000;0060;000000;0000;0011;000000;8591;0032;000000;0000;1985;000000;0000;6352;000000;0000;0010;000000;6252;0000;110220;0011;0000;000000;0000;5862;000000;0000;8815;000000;8825;0000;000000;0000;04;902224466;G011878A@BBVA.COM                       ;000000000                                                                                                    
0182;0001;1932;10;0001;280790001;MADRID-PADILLA                      ;MADRID-PADILLA      ;CLAUDIO COELLO, 92                  ;28006;                              ;                              ;0000;915761748;915762194;000000000;00000000;000000;00000000000;00;0000;140191;231125;0182;4017;0000;0000;0182;4017;0000;0000;00;2025-11-21;140191;1;0000;0;0;0;0;0;0;0;0;0;1101;1;0;1;1;0003;0;0;310090;1;0090;0;9;040714;40;7;1;4017;2528;0182;6252;0000;0000;0182;0027;0039;0014;0000;0000;4000;   ;8820;000000;0000;9812;000000;0000;0000;000000;0000;0051;000000;6055;0013;000000;6250;0001;000000;6024;0011;000000;0000;0060;000000;0000;0012;000000;8594;0028;000000;0000;0985;000000;0000;6352;000000;0000;0006;000000;6252;0000;110220;0011;0000;000000;0000;5856;000000;0000;8813;000000;8823;0000;000000;0000;05;902224466;G011932A@BBVA.COM                       ;000000000                                                                                                    
0182;0001;2105;10;0014;140210009;CORDOBA-LAS QUEMADAS - OTP          ;CORDOBA-QUEMADAS-OTP;AVD GABRIEL RAMOS BEJARANO PARC 64 M;14014;                              ;                              ;0000;957105668;000000000;000000000;00000000;000000;           ;00;0000;140615;280325;0182;2100;0000;0000;0182;2100;0000;0000;00;2025-03-31;000000;0;2100;0;0;0;0;0;0;0;0;0;0101;1;0;1;1;0000;0;0;010090;1;0090;0;9;000770;00;7;7;0000;2527;0182;6252;0000;0000;0182;0027;0039;0085;0000;0000;2100;   ;8929;000000;0000;9817;000000;0000;0000;000000;0000;0072;000000;6055;0013;000000;6250;0001;000000;6024;0011;000000;0000;0060;000000;0000;0001;000000;8596;0014;000000;0000;0479;000000;0000;6352;000000;0000;0012;000000;6252;0000;170118;0011;0000;000000;0000;0000;000000;0000;8817;000000;8827;0000;000000;0000;00;000000000;                                        ;000000000                                                                                                    
0182;0001;2138;10;0006;031390004;RESIDENCIA VILLAJOYOSA              ;RESIDENC.VILLAJOYOSA;CTRA. ALICANTE-VILLAJOYOSA          ;03570;                              ;                              ;0000;999999999;000000000;000000000;00000000;000000;00000000000;00;0000;010175;000000;0000;0000;0000;0000;0000;0000;0000;0000;00;2023-02-28;000000;0;0060;0;0;0;0;0;0;0;0;0;0101;1;0;1;2;0010;0;1;000090;0;0090;0;9;000100;00;1;0;0000;0000;0182;6252;0000;0000;0182;0027;0039;0065;0000;0000;0100;   ;0000;000000;0000;0000;000000;0000;0000;000000;0000;0000;000000;0000;2228;000000;3078;0001;000000;0000;0011;000000;0000;0060;000000;0000;0017;000000;0000;0003;000000;0000;0595;141194;0139;0000;000000;0000;0001;000000;6252;0000;000000;0000;0000;000000;0000;0000;000000;0000;0000;000000;0000;0000;000000;0000;00;000000000;                                        ;000000000                                                                                                    
0182;0001;2183;30;0000;000000000;ZONA FONDOS PROPIOS CHINA           ;Z. F.PROPIOS CHINA  ;S/D                                 ;00000;                              ;                              ;0000;999999999;000000000;000000000;00000000;000000;           ;00;0000;080914;000000;0000;0000;0000;0000;0000;0000;0000;0000;00;2014-09-25;000000;0;0000;0;0;0;0;0;0;0;0;0;0100;1;0;0;3;0000;0;0;000090;0;0090;0;9;000000;00;0;0;0000;0000;0000;0000;0000;0000;0000;0000;0000;0000;0000;0000;0000;   ;0000;000000;0000;2183;000000;0000;2246;000000;0000;7895;000000;0000;7773;000000;6212;0001;000000;6038;0720;000000;0000;0060;000000;0000;0000;000000;0000;0000;000000;0000;0000;000000;0000;0000;000000;0000;0000;000000;0000;0000;000000;0000;0000;000000;0000;0000;000000;0000;0000;000000;0000;0000;000000;0000;00;000000000;                                        ;000000000                                                                                                    
0182;0001;2188;30;0000;000000000;Z. MERCADOS CHINA                   ;Z. MERCADOS CHINA   ;S/D                                 ;00000;                              ;                              ;0000;999999999;000000000;000000000;00000000;000000;           ;00;0000;080914;000000;0000;0000;0000;0000;0000;0000;0000;0000;00;2014-09-08;000000;0;0000;0;0;0;0;0;0;0;0;0;0100;1;0;0;3;0000;0;0;000090;0;0090;0;9;000000;00;0;0;0000;0000;0000;0000;0000;0000;0000;0000;0000;0000;0000;0000;0000;   ;0000;000000;0000;2188;000000;0000;2246;000000;0000;7771;000000;0000;7770;000000;6213;0001;000000;6038;0720;000000;0000;0060;000000;0000;0000;000000;0000;0000;000000;0000;0000;000000;0000;0000;000000;0000;0000;000000;0000;0000;000000;0000;0000;000000;0000;0000;000000;0000;0000;000000;0000;0000;000000;0000;00;000000000;                                        ;000000000                                                                                                    
0182;0001;2189;20;0000;000000000;STF CHINA                           ;STF CHINA           ;S/D                                 ;00000;                              ;                              ;0000;999999999;000000000;000000000;00000000;000000;           ;00;0000;080914;000000;0000;0000;0000;0000;0000;0000;0000;0000;00;2014-09-25;000000;0;0000;0;0;0;0;0;0;0;0;0;0100;1;0;0;3;0000;0;0;000090;0;0090;0;9;000000;00;0;0;0000;0000;0000;0000;0000;0000;0000;0000;0000;0000;0000;0000;0000;   ;2189;000000;0000;0000;000000;0000;2246;000000;0000;0000;000000;0000;7698;000000;7721;0001;000000;6038;0720;000000;0000;0060;000000;0000;0000;000000;0000;0000;000000;0000;0000;000000;0000;0000;000000;0000;0000;000000;0000;0000;000000;0000;0000;000000;0000;0000;000000;0000;0000;000000;0000;0000;000000;0000;00;000000000;                                        ;000000000                                                                                                    
0182;0001;2246;40;0000;000000000;CHINA (R)                           ;CHINA (R)           ;S/D                                 ;00000;                              ;                              ;0000;999999999;000000000;000000000;00000000;000000;           ;00;0000;080914;000000;0000;0000;0000;0000;0000;0000;0000;0000;00;2014-09-05;000000;0;0000;0;0;0;0;0;0;0;0;0;0100;1;0;0;3;0000;0;0;000090;0;0090;0;9;000000;00;0;0;0000;0000;0000;0000;0000;0000;0000;0000;0000;0000;0000;0000;0000;   ;0000;000000;0000;0000;000000;0000;2246;000000;0000;0000;000000;0000;0000;000000;0000;0001;000000;0000;0720;000000;0000;0060;000000;0000;0000;000000;0000;0000;000000;0000;0000;000000;0000;0000;000000;0000;0000;000000;0000;0000;000000;0000;0000;000000;0000;0000;000000;0000;0000;000000;0000;0000;000000;0000;00;000000000;                                        ;000000000                                                                                                    
0182;0001;2257;10;0018;000000000;TP-DBU-CGL COAP TAIPEI              ;TP-DBU-CGL COAP TAIP;UNIT A, LEVEL 75, TAIPEI 101 TOWER N;00000;                              ;                              ;0000;999999999;000000000;000000000;00000000;000000;           ;00;0000;240413;000000;0000;0000;0000;0000;0000;0000;0000;0000;00;2013-05-07;240413;1;0000;8;0;0;0;0;0;0;0;0;0102;1;0;2;3;0000;0;0;000090;0;0090;0;9;000000;00;0;0;0000;0000;0000;0000;0000;0000;0000;0000;0000;0000;0000;0000;0000;   ;0000;000000;0000;0000;000000;0000;7268;000000;0000;0000;000000;0000;1852;000000;6052;0001;000000;0000;0736;000000;0000;0060;000000;0000;0000;000000;0000;0000;000000;0000;0000;000000;0000;0000;000000;0000;0001;000000;0000;0608;000000;0000;0000;000000;0000;0000;000000;0000;0000;000000;0000;0000;000000;0000;00;000000000;                                        ;000000000                                                                                                    
0182;0001;2267;10;0018;000000000;SE-PROYECT FINANCE                  ;SE-PROYECT FINANCE  ;5/F.SEOUL FINANCE CENTER, 84,TAEPYUN;00000;                              ;                              ;0000;999999999;000000000;000000000;00000000;000000;           ;00;0000;020611;000000;0000;0000;0000;0000;0000;0000;0000;0000;00;2013-03-14;020611;1;0000;8;0;0;0;0;0;0;0;0;0102;1;0;2;3;0000;0;0;000090;0;0090;0;9;000000;00;0;0;0000;0000;0000;0000;0000;0000;0000;0000;0000;0000;0000;0000;0000;   ;0000;000000;0000;0000;000000;0000;7251;000000;0000;7689;000000;0000;7682;000000;7657;0001;000000;6038;0728;000000;0000;0060;000000;0000;0000;000000;0000;0000;000000;0000;0000;000000;0000;0000;000000;0000;0000;000000;0000;0891;000000;0000;0000;000000;0000;0000;000000;0000;0000;000000;0000;0000;000000;0000;00;000000000;                                        ;000000000                                                                                                    
0182;0001;2271;10;0018;000000000;TP DBU CORP LENDING                 ;TP DBU CORP LENDING ;UNIT A, LEVEL 75, TAIPEI 101 TOWER N;00000;                              ;                              ;0000;999999999;000000000;000000000;00000000;000000;           ;00;0000;020611;000000;0000;0000;0000;0000;0000;0000;0000;0000;00;2019-12-10;020611;1;0000;8;0;0;0;0;0;0;0;0;0102;1;0;2;3;0000;0;0;000090;0;0090;0;9;000000;00;0;0;0000;0000;0000;0000;0000;0000;0000;0000;0000;0000;0000;0000;0000;   ;0000;000000;0000;0000;000000;0000;7268;000000;0000;0000;000000;0000;7672;000000;7657;0001;000000;6038;0736;000000;0000;0060;000000;0000;0000;000000;0000;0000;000000;0000;0000;000000;0000;0000;000000;0000;0000;000000;0000;0607;000000;0000;0000;000000;0000;0000;000000;0000;0000;000000;0000;0000;000000;0000;00;000000000;                                        ;000000000                                                                                                    
0182;0001;2317;10;0018;000000000;TP-DBU-TRADING TAIPEI               ;TP-DBU-TRADING TAIPE;UNIT A, LEVEL 75, TAIPEI 101 TOWER N;00000;                              ;                              ;0000;999999999;000000000;000000000;00000000;000000;           ;00;0000;240413;000000;0000;0000;0000;0000;0000;0000;0000;0000;00;2013-04-24;240413;1;0000;8;0;0;0;0;0;0;0;0;0102;1;0;2;3;0000;0;0;000090;0;0090;0;9;000000;00;0;0;0000;0000;0000;0000;0000;0000;0000;0000;0000;0000;0000;0000;0000;   ;0000;000000;0000;7313;000000;0000;7268;000000;0000;7771;000000;0000;7770;000000;6213;0001;000000;6038;0736;000000;0000;0060;000000;0000;0000;000000;0000;0000;000000;0000;0000;000000;0000;0000;000000;0000;0001;000000;0000;0609;000000;0000;0000;000000;0000;0000;000000;0000;0000;000000;0000;0000;000000;0000;00;000000000;                                        ;000000000                                                                                                    
0182;0001;2322;10;0018;000000000;CGL COAP HK                         ;CGL COAP HK         ;43/F.TWO INT.FIN.CENT. 8 FINANCE ST ;00000;                              ;                              ;0000;999999999;000000000;000000000;00000000;000000;           ;00;0000;240413;000000;0000;0000;0000;0000;0000;0000;0000;0000;00;2013-05-07;240413;1;0000;8;0;0;0;0;0;0;0;0;0102;1;0;2;3;0000;0;0;000090;0;0090;0;9;000000;00;0;0;0000;0000;0000;0000;0000;0000;0000;0000;0000;0000;0000;0000;0000;   ;0000;000000;0000;0000;000000;0000;7758;000000;0000;0000;000000;0000;1852;000000;6052;0001;000000;0000;0740;000000;0000;0060;000000;0000;0000;000000;0000;0000;000000;0000;0000;000000;0000;0000;000000;0000;0001;000000;0000;0538;000000;0000;0000;000000;0000;0000;000000;0000;0000;000000;0000;0000;000000;0000;00;000000000;                                        ;000000000                                                                                                    
0182;0001;2333;10;0018;000000000;CGL COAP SEUL                       ;CGL COAP SEUL       ;5/F.SEOUL FINANCE CENTER, 84,TAEPYUN;00000;                              ;                              ;0000;999999999;000000000;000000000;00000000;000000;           ;00;0000;240413;000000;0000;0000;0000;0000;0000;0000;0000;0000;00;2013-05-07;240413;1;0000;8;0;0;0;0;0;0;0;0;0102;1;0;2;3;0000;0;0;000090;0;0090;0;9;000000;00;0;0;0000;0000;0000;0000;0000;0000;0000;0000;0000;0000;0000;0000;0000;   ;0000;000000;0000;0000;000000;0000;7251;000000;0000;0000;000000;0000;1852;000000;6052;0001;000000;0000;0728;000000;0000;0060;000000;0000;0000;000000;0000;0000;000000;0000;0000;000000;0000;0000;000000;0000;0001;000000;0000;0892;000000;0000;0000;000000;0000;0000;000000;0000;0000;000000;0000;0000;000000;0000;00;000000000;                                        ;000000000                                                                                                    
0182;0001;2358;10;0018;000000000;TRADING SEUL                        ;TRADING SEUL        ;5/F.SEOUL FINANCE CENTER, 84,TAEPYUN;00000;                              ;                              ;0000;999999999;000000000;000000000;00000000;000000;           ;00;0000;240413;000000;0000;0000;0000;0000;0000;0000;0000;0000;00;2013-04-24;240413;1;0000;8;0;0;0;0;0;0;0;0;0102;1;0;2;3;0000;0;0;000090;0;0090;0;9;000000;00;0;0;0000;0000;0000;0000;0000;0000;0000;0000;0000;0000;0000;0000;0000;   ;0000;000000;0000;7309;000000;0000;7251;000000;0000;7771;000000;0000;7770;000000;6213;0001;000000;6038;0728;000000;0000;0060;000000;0000;0000;000000;0000;0000;000000;0000;0000;000000;0000;0000;000000;0000;0001;000000;0000;0893;000000;0000;0000;000000;0000;0000;000000;0000;0000;000000;0000;0000;000000;0000;00;000000000;                                        ;000000000                                                                                                    
0182;0001;2378;10;0001;380060003;CABO BLANCO                         ;CABO BLANCO         ;CTRA GENERAL A CABO BLANCO, NUMERO 1;38627;                              ;                              ;0000;922720992;922721125;000000000;00000000;000000;00000000000;00;0000;200598;000000;0000;0000;0000;0000;0000;0000;0000;0000;00;2023-02-22;200598;1;0000;0;0;0;0;0;0;0;0;0;1101;1;0;1;1;0003;0;0;310010;1;0010;0;1;008002;08;0;0;2930;2536;0182;6252;0000;0000;0182;0027;0039;0045;0000;0000;0770;   ;8863;000000;0000;9814;000000;0000;0000;000000;0000;0063;000000;6055;0013;000000;6250;0001;000000;6024;0011;000000;0000;0060;000000;0000;0005;000000;8597;0038;000000;0000;1989;000000;0000;6352;000000;0000;0011;000000;6252;0000;220223;0011;0000;000000;0000;0000;000000;0000;8812;000000;8822;0000;000000;0000;06;902224466;G012378A@BBVA.COM                       ;000000000                                                                                                    
0182;0001;2381;10;0018;000000000;SG-CGL-COAP SINGAPUR                ;SG-CGL-COAP SINGAPUR;UOB PLAZA, 1 55-02 80 RAFFLES PLACE ;00000;                              ;                              ;0000;999999999;000000000;000000000;00000000;000000;           ;00;0000;240413;000000;0000;0000;0000;0000;0000;0000;0000;0000;00;2013-05-07;240413;1;0000;8;0;0;0;0;0;0;0;0;0102;1;0;2;3;0000;0;0;000090;0;0090;0;9;000000;00;0;0;0000;0000;0000;0000;0000;0000;0000;0000;0000;0000;0000;0000;0000;   ;0000;000000;0000;0000;000000;0000;7901;000000;0000;0000;000000;0000;1852;000000;6052;0001;000000;0000;0706;000000;0000;0060;000000;0000;0000;000000;0000;0000;000000;0000;0000;000000;0000;0000;000000;0000;0001;000000;0000;0148;000000;0000;0000;000000;0000;0000;000000;0000;0000;000000;0000;0000;000000;0000;00;000000000;                                        ;000000000                                                                                                    
0182;0001;2385;40;0000;000000000;AUSTRALIA                           ;AUSTRALIA           ;FLOOR 42,CHIFLEY TOWER 2,SIDNEY,NSW ;00000;                              ;                              ;0000;999999999;000000000;000000000;00000000;000000;           ;00;0000;020611;000000;0000;0000;0000;0000;0000;0000;0000;0000;00;2011-11-09;000000;0;0000;0;0;0;0;0;0;0;0;0;0100;1;0;0;0;0000;0;0;000090;0;0090;0;9;000000;00;0;0;0000;0000;0000;0000;0000;0000;0000;0000;0000;0000;0000;0000;0000;   ;0000;000000;0000;0000;000000;0000;2385;000000;0000;0000;000000;0000;0000;000000;0000;0001;000000;0000;0800;000000;0000;0060;000000;0000;0000;000000;0000;0000;000000;0000;0000;000000;0000;0000;000000;0000;0000;000000;0000;0000;000000;0000;0000;000000;0000;0000;000000;0000;0000;000000;0000;0000;000000;0000;00;000000000;                                        ;000000000                                                                                                    
0182;0001;2387;20;0000;000000000;STF AUSTRALIA                       ;STF AUSTRALIA       ;FLOOR 42,CHIFLEY TOWER 2,SIDNEY,NSW ;00000;                              ;                              ;0000;999999999;000000000;000000000;00000000;000000;           ;00;0000;020611;000000;0000;0000;0000;0000;0000;0000;0000;0000;00;2013-03-14;000000;0;0000;0;0;0;0;0;0;0;0;0;0100;1;0;0;0;0000;0;0;000090;0;0090;0;9;000000;00;0;0;0000;0000;0000;0000;0000;0000;0000;0000;0000;0000;0000;0000;0000;   ;2387;000000;0000;0000;000000;0000;2385;000000;0000;0000;000000;0000;7698;000000;7721;0001;000000;6038;0800;000000;0000;0060;000000;0000;0000;000000;0000;0000;000000;0000;0000;000000;0000;0000;000000;0000;0000;000000;0000;0000;000000;0000;0000;000000;0000;0000;000000;0000;0000;000000;0000;0000;000000;0000;00;000000000;                                        ;000000000                                                                                                    
0182;0001;2394;30;0000;000000000;TB AUSTRALIA                        ;TB AUSTRALIA        ;FLOOR 42,CHIFLEY TOWER 2,SIDNEY,NSW ;00000;                              ;                              ;0000;999999999;000000000;000000000;00000000;000000;           ;00;0000;020611;000000;0000;0000;0000;0000;0000;0000;0000;0000;00;2011-11-08;000000;0;0000;0;0;0;0;0;0;0;0;0;0100;1;0;0;0;0000;0;0;000090;0;0090;0;9;000000;00;0;0;0000;0000;0000;0000;0000;0000;0000;0000;0000;0000;0000;0000;0000;   ;0000;000000;0000;2394;000000;0000;2385;000000;0000;0000;000000;0000;7723;000000;7721;0001;000000;6038;0800;000000;0000;0060;000000;0000;0000;000000;0000;0000;000000;0000;0000;000000;0000;0000;000000;0000;0000;000000;0000;0000;000000;0000;0000;000000;0000;0000;000000;0000;0000;000000;0000;0000;000000;0000;00;000000000;                                        ;000000000                                                                                                    
0182;0001;2399;30;0000;000000000;ZONA FONDOS PROPIOS AUSTRALIA       ;ZONA FONDOS PROPIOS ;FLOOR 42,CHIFLEY TOWER 2,SIDNEY,NSW ;00000;                              ;                              ;0000;999999999;000000000;000000000;00000000;000000;           ;00;0000;020611;000000;0000;0000;0000;0000;0000;0000;0000;0000;00;2011-11-08;000000;0;0000;0;0;0;0;0;0;0;0;0;0100;1;0;0;0;0000;0;0;000090;0;0090;0;9;000000;00;0;0;0000;0000;0000;0000;0000;0000;0000;0000;0000;0000;0000;0000;0000;   ;0000;000000;0000;2399;000000;0000;2385;000000;0000;7895;000000;0000;7773;000000;6212;0001;000000;6038;0800;000000;0000;0060;000000;0000;0000;000000;0000;0000;000000;0000;0000;000000;0000;0000;000000;0000;0000;000000;0000;0000;000000;0000;0000;000000;0000;0000;000000;0000;0000;000000;0000;0000;000000;0000;00;000000000;                                        ;000000000                                                                                                    
0182;0001;2403;20;0000;000000000;STF FRANCIA                         ;STF FRANCIA         ;GRAN VIA, 1 - PL. 6                 ;48001;                              ;                              ;0000;999999999;000000000;000000000;00000000;000000;00000000000;00;0000;110797;000000;0000;0000;0000;0000;0000;0000;0000;0000;00;2013-03-14;000000;0;0000;0;0;0;0;0;0;0;0;0;0100;1;0;0;3;0100;1;0;000090;0;0090;0;9;000100;00;1;0;0000;0000;0000;0000;0000;0000;0000;0000;9999;0099;0000;0000;0000;   ;2403;000000;0000;0000;000000;0000;2221;000000;0000;0000;000000;0000;7698;000000;7721;0001;000000;6038;0001;000000;0000;0060;000000;0000;0000;000000;0000;0000;000000;0000;0000;000000;0000;0000;000000;0000;0000;000000;0000;0000;000000;0000;0000;000000;0000;0000;290108;0000;0000;000000;0000;0000;000000;0000;00;000000000;                                        ;000000000                                                                                                    
0182;0001;2409;20;0000;000000000;TESORERIA-INGLATERRA                ;TESORERIA-INGLATERRA;GRAN VIA, 1 - PL. 6                 ;48001;                              ;                              ;0000;099999999;000000000;000000000;00000000;000000;00000000000;00;0000;031194;000000;0000;0000;0000;0000;0000;0000;0000;0000;00;2011-10-28;000000;0;0000;0;0;0;0;0;0;0;0;0;0100;1;0;0;3;0100;1;0;000090;0;0090;0;9;000100;00;1;0;0000;0000;0000;0000;0000;0000;0000;0000;9999;0099;0000;0000;0000;   ;2409;000000;0000;2431;000000;0000;2223;000000;0000;7771;000000;0000;7770;000000;6213;0001;000000;6038;0006;000000;0000;0060;000000;0000;0000;000000;0000;0000;000000;0000;0000;000000;0000;0000;000000;0000;0000;000000;0000;0000;000000;0000;0000;000000;0000;0000;000000;0000;0000;000000;0000;0000;000000;0000;00;000000000;                                        ;000000000                                                                                                    
0182;0001;2422;30;0000;000000000;ZONA MERCADOS AUSTRALIA             ;ZONA MERCADOS AUSTRA;FLOOR 42,CHIFLEY TOWER 2,SIDNEY,NSW ;00000;                              ;                              ;0000;999999999;000000000;000000000;00000000;000000;           ;00;0000;020611;000000;0000;0000;0000;0000;0000;0000;0000;0000;00;2011-11-08;000000;0;0000;0;0;0;0;0;0;0;0;0;0100;1;0;0;0;0000;0;0;000090;0;0090;0;9;000000;00;0;0;0000;0000;0000;0000;0000;0000;0000;0000;0000;0000;0000;0000;0000;   ;0000;000000;0000;2422;000000;0000;2385;000000;0000;7771;000000;0000;7770;000000;6213;0001;000000;6038;0800;000000;0000;0060;000000;0000;0000;000000;0000;0000;000000;0000;0000;000000;0000;0000;000000;0000;0000;000000;0000;0000;000000;0000;0000;000000;0000;0000;000000;0000;0000;000000;0000;0000;000000;0000;00;000000000;                                        ;000000000                                                                                                    
0182;0001;2431;30;0000;000000000;ZONA MERCADOS UK                    ;ZONA MERCADOS UK    ;GRAN VIA, 1 - PL. 8                 ;48001;                              ;                              ;0000;999999999;000000000;000000000;00000000;000000;00000000000;00;0000;031194;000000;0000;0000;0000;0000;0000;0000;0000;0000;00;2025-01-30;000000;0;0000;0;0;0;0;0;0;0;0;0;0100;1;0;0;3;0100;1;0;000090;0;0090;0;9;000100;00;1;0;0000;0000;0000;0000;0000;0000;0000;0000;9999;0099;0000;0000;0000;   ;0000;000000;0000;2431;000000;0000;2223;000000;0000;0000;000000;0000;7770;000000;6213;0001;000000;6038;0006;000000;0000;0060;000000;0000;0000;000000;0000;0000;000000;0000;0000;000000;0000;0000;000000;0000;0000;000000;0000;0000;000000;0000;0000;000000;0000;0000;000000;0000;0000;000000;0000;0000;000000;0000;00;000000000;                                        ;000000000                                                                                                    
0182;0001;2433;30;0000;000000000;BANCA AL POR MENOR - INGLATERRA     ;BCA.MENOR-INGLATERRA;GRAN VIA, 1 - PL. 6                 ;48001;                              ;                              ;0000;999999999;000000000;000000000;00000000;000000;           ;00;0000;230309;000000;0000;0000;0000;0000;0000;0000;0000;0000;00;2025-08-06;000000;0;0000;0;0;0;0;0;0;0;0;0;0100;1;0;0;3;0100;1;0;000090;0;0090;0;9;000100;00;1;0;0000;0000;0000;0000;0000;0000;0000;0000;9999;0099;0000;0000;0000;   ;0000;000000;0000;2433;000000;0000;2223;000000;0000;2427;000000;0000;7778;000000;6250;0001;000000;6024;0006;000000;0000;0060;000000;0000;0000;000000;0000;0000;000000;0000;0000;000000;0000;0000;000000;0000;0000;000000;0000;0000;000000;0000;0000;000000;0000;0000;000000;0000;0000;000000;0000;0000;000000;0000;00;000000000;                                        ;000000000                                                                                                    
0182;0001;2434;30;0000;000000000;ZONA FONDOS PROPIOS UK              ;ZONA FONDOS PROPIOS ;GRAN VIA, 1 - PL. 8                 ;48001;                              ;                              ;0000;999999999;000000000;000000000;00000000;000000;00000000000;00;0000;031194;000000;0000;0000;0000;0000;0000;0000;0000;0000;00;2025-01-30;000000;0;0000;0;0;0;0;0;0;0;0;0;0100;1;0;0;3;0100;1;0;000090;0;0090;0;9;000100;00;1;0;0000;0000;0000;0000;0000;0000;0000;0000;9999;0099;0000;0000;0000;   ;0000;000000;0000;2434;000000;0000;2223;000000;0000;7895;000000;0000;7773;000000;6212;0001;000000;6038;0006;000000;0000;0060;000000;0000;0000;000000;0000;0000;000000;0000;0000;000000;0000;0000;000000;0000;0000;000000;0000;0000;000000;0000;0000;000000;0000;0000;000000;0000;0000;000000;0000;0000;000000;0000;00;000000000;                                        ;000000000                                                                                                    
0182;0001;2443;10;0018;000000000;HK-CLIENT COVERAGE                  ;HK-CLIENT COVERAGE  ;43/F.TWO INT.FIN.CENT. 8 FINANCE ST ;00000;                              ;                              ;0000;025823111;000000000;028244868;00000000;000000;           ;00;0000;130711;000000;0000;0000;0000;0000;0000;0000;0000;0000;00;2011-10-10;130711;1;0000;8;0;0;0;0;0;0;0;0;0102;1;0;2;3;0000;0;0;000090;0;0090;0;9;000000;00;0;0;0000;0000;0000;0000;0000;0000;0000;0000;0000;0000;0000;0000;0000;   ;0000;000000;0000;0000;000000;0000;7758;000000;0000;0000;000000;0000;7785;000000;6212;0001;000000;6038;0740;000000;0000;0060;000000;0000;0000;000000;0000;0000;000000;0000;0000;000000;0000;0000;000000;0000;0000;000000;0000;0536;000000;0000;0000;000000;0000;0000;000000;0000;0000;000000;0000;0000;000000;0000;00;000000000;                                        ;000000000                                                                                                    
0182;0001;2448;10;0018;000000000;TK-CLIENT COVERAGE                  ;TK-CLIENT COVERAGE  ;2-2-2 UCHISAIWAICHO CHIYODA-KU-TOKYO;00000;                              ;                              ;0000;335011061;000000000;000000000;00000000;000000;           ;00;0000;130711;000000;0000;0000;0000;0000;0000;0000;0000;0000;00;2011-10-10;130711;1;0000;8;0;0;0;0;0;0;0;0;0102;1;0;2;3;0000;0;0;000090;0;0090;0;9;000000;00;0;0;0000;0000;0000;0000;0000;0000;0000;0000;0000;0000;0000;0000;0000;   ;0000;000000;0000;0000;000000;0000;2226;000000;0000;0000;000000;0000;7785;000000;6212;0001;000000;6038;0732;000000;0000;0060;000000;0000;0000;000000;0000;0000;000000;0000;0000;000000;0000;0000;000000;0000;0000;000000;0000;0309;000000;0000;0000;000000;0000;0000;000000;0000;0000;000000;0000;0000;000000;0000;00;000000000;                                        ;000000000                                                                                                    
0182;0001;2451;10;0018;000000000;SE-CLIENT COVERAGE                  ;SE-CLIENT COVERAGE  ;5/F.SEOUL FINANCE CENTER, 84,TAEPYUN;00000;                              ;                              ;0000;999999999;000000000;000000000;00000000;000000;           ;00;0000;130711;000000;0000;0000;0000;0000;0000;0000;0000;0000;00;2011-10-10;130711;1;0000;8;0;0;0;0;0;0;0;0;0102;1;0;2;3;0000;0;0;000090;0;0090;0;9;000000;00;0;0;0000;0000;0000;0000;0000;0000;0000;0000;0000;0000;0000;0000;0000;   ;0000;000000;0000;0000;000000;0000;7251;000000;0000;0000;000000;0000;7785;000000;6212;0001;000000;6038;0728;000000;0000;0060;000000;0000;0000;000000;0000;0000;000000;0000;0000;000000;0000;0000;000000;0000;0000;000000;0000;0890;000000;0000;0000;000000;0000;0000;000000;0000;0000;000000;0000;0000;000000;0000;00;000000000;                                        ;000000000                                                                                                    
0182;0001;2453;10;0018;000000000;TP CLIENT COVERAGE                  ;TP CLIENT COVERAGE  ;UNIT A, LEVEL 75, TAIPEI 101 TOWER N;00000;                              ;                              ;0000;999999999;000000000;000000000;00000000;000000;           ;00;0000;130711;000000;0000;0000;0000;0000;0000;0000;0000;0000;00;2013-03-14;130711;1;0000;8;0;0;0;0;0;0;0;0;0102;1;0;2;3;0000;0;0;000090;0;0090;0;9;000000;00;0;0;0000;0000;0000;0000;0000;0000;0000;0000;0000;0000;0000;0000;0000;   ;0000;000000;0000;0000;000000;0000;7268;000000;0000;0000;000000;0000;7785;000000;6212;0001;000000;6038;0736;000000;0000;0060;000000;0000;0000;000000;0000;0000;000000;0000;0000;000000;0000;0000;000000;0000;0000;000000;0000;0606;000000;0000;0000;000000;0000;0000;000000;0000;0000;000000;0000;0000;000000;0000;00;000000000;                                        ;000000000                                                                                                    
0182;0001;2457;10;0018;000000000;CREDIT PORTFOLIO MANAGEMENT-HK      ;CREDIT PORT.MANAG-HK;43/F.TWO INT.FIN.CENT. 8 FINANCE ST ;00000;                              ;                              ;0000;025823111;000000000;028244868;00000000;000000;           ;00;0000;130711;000000;0000;0000;0000;0000;0000;0000;0000;0000;00;2011-10-10;130711;1;0000;8;0;0;0;0;0;0;0;0;0102;1;0;2;3;0000;0;0;000090;0;0090;0;9;000000;00;0;0;0000;0000;0000;0000;0000;0000;0000;0000;0000;0000;0000;0000;0000;   ;0000;000000;0000;0000;000000;0000;7758;000000;0000;0000;000000;0000;7716;000000;7657;0001;000000;6038;0740;000000;0000;0060;000000;0000;0000;000000;0000;0000;000000;0000;0000;000000;0000;0000;000000;0000;0000;000000;0000;0535;000000;0000;0000;000000;0000;0000;000000;0000;0000;000000;0000;0000;000000;0000;00;000000000;                                        ;000000000                                                                                                    
0182;0001;2478;30;0000;000000000;ZONA FONDOS PROPIOS ITALIA          ;Z. FDOS.PROP.ITALIA ;GRAN VIA, 1 - PL. 8                 ;48001;                              ;                              ;0000;999999999;000000000;000000000;00000000;000000;00000000000;00;0000;031194;000000;0000;0000;0000;0000;0000;0000;0000;0000;00;2011-11-08;000000;0;0000;0;0;0;0;0;0;0;0;0;0100;1;0;0;3;0100;1;0;000090;0;0090;0;9;000100;00;1;0;0000;0000;0000;0000;0000;0000;0000;0000;9999;0099;0000;0000;0000;   ;0000;000000;0000;2478;000000;0000;2222;000000;0000;7895;000000;0000;7773;000000;6212;0001;000000;6038;0005;000000;0000;0060;000000;0000;0000;000000;0000;0000;000000;0000;0000;000000;0000;0000;000000;0000;0000;000000;0000;0000;000000;0000;0000;000000;0000;0000;000000;0000;0000;000000;0000;0000;000000;0000;00;000000000;                                        ;000000000                                                                                                    
0182;0001;2483;30;0000;000000000;ZONA MERCADOS-EE.UU                 ;Z. MERCADOS-EE.UU   ;GRAN VIA, 1 - PL. 8                 ;48001;                              ;                              ;0000;999999999;000000000;000000000;00000000;000000;00000000000;00;0000;031194;000000;0000;0000;0000;0000;0000;0000;0000;0000;00;2011-11-08;000000;0;0000;0;0;0;0;0;0;0;0;0;0100;1;0;0;3;0100;1;0;000090;0;0090;0;9;000100;00;1;0;0000;0000;0000;0000;0000;0000;0000;0000;9999;0099;0000;0000;0000;   ;0000;000000;0000;2483;000000;0000;2224;000000;0000;0000;000000;0000;7238;000000;7226;0001;000000;6881;0400;000000;0000;0060;000000;0000;0000;000000;0000;0000;000000;0000;0000;000000;0000;0000;000000;0000;0000;000000;0000;0000;000000;0000;0000;000000;0000;0000;000000;0000;0000;000000;0000;0000;000000;0000;00;000000000;                                        ;000000000                                                                                                    
0182;0001;2489;30;0000;000000000;ZONA MERCADOS-EE.UU-AMERICA         ;Z MER.-EE.UU-AMERICA;GRAN VIA, 1 - PL. 8                 ;48001;                              ;                              ;0000;999999999;000000000;000000000;00000000;000000;           ;00;0000;090807;000000;0000;0000;0000;0000;0000;0000;0000;0000;00;2011-11-08;000000;0;0000;0;0;0;0;0;0;0;0;0;0100;1;0;0;3;0100;1;0;000090;0;0090;0;9;000000;00;0;0;0000;0000;0000;0000;0000;0000;0000;0000;9999;0099;0000;0000;0000;   ;0000;000000;0000;2489;000000;0000;2224;000000;0000;7859;000000;0000;7238;000000;7226;0001;000000;6881;0400;000000;0000;0060;000000;0000;0000;000000;0000;0000;000000;0000;0000;000000;0000;0000;000000;0000;0000;000000;0000;0000;000000;0000;0000;000000;0000;0000;000000;0000;0000;000000;0000;0000;000000;0000;00;000000000;                                        ;000000000                                                                                                    
0182;0001;2492;30;0000;000000000;ZONA MERCADOS-ITALIA                ;Z. MERCADOS-ITALIA  ;GRAN VIA, 1 - PL. 8                 ;48001;                              ;                              ;0000;999999999;000000000;000000000;00000000;000000;00000000000;00;0000;031194;000000;0000;0000;0000;0000;0000;0000;0000;0000;00;2011-11-08;000000;0;0000;0;0;0;0;0;0;0;0;0;0100;1;0;0;3;0100;1;0;000090;0;0090;0;9;000100;00;1;0;0000;0000;0000;0000;0000;0000;0000;0000;9999;0099;0000;0000;0000;   ;0000;000000;0000;2492;000000;0000;2222;000000;0000;0000;000000;0000;7770;000000;6213;0001;000000;6038;0005;000000;0000;0060;000000;0000;0000;000000;0000;0000;000000;0000;0000;000000;0000;0000;000000;0000;0000;000000;0000;0000;000000;0000;0000;000000;0000;0000;000000;0000;0000;000000;0000;0000;000000;0000;00;000000000;                                        ;000000000                                                                                                    
0182;0001;2569;30;0000;350160024;ZONA (F) DT CANARIAS-CTROS APOYO    ;Z.(F)DT-CANARI. C.AP;ALBAREDA, 6                         ;35008;                              ;                              ;0000;999999999;000000000;000000000;00000000;000000;00000000000;00;0000;210394;000000;0000;0000;0000;0000;0000;0000;0000;0000;00;2012-02-28;000000;0;0000;0;0;0;0;0;0;0;0;0;0100;1;0;0;1;0000;0;0;000090;0;0090;0;9;000100;00;1;0;0000;2536;0000;0000;0000;0000;0182;0027;0039;0050;0000;0000;0000;   ;0000;000000;0000;2569;000000;0000;0000;000000;0000;0063;000000;6055;0013;000000;6250;0001;000000;6024;0011;000000;0000;0060;000000;0000;0005;000000;8597;0000;000000;0000;1989;000000;0000;0000;000000;0000;0000;000000;0000;0000;000000;0000;0000;000000;0000;0000;000000;0000;8812;000000;8822;0000;000000;0000;00;000000000;                                        ;000000000                                                                                                    
0182;0001;2578;30;0000;000000000;ZONA FONDOS PROPIOS FRANCIA         ;Z. FDOS.PRO.FRANCIA ;GRAN VIA, 1 - PL. 8                 ;48001;                              ;                              ;0000;999999999;000000000;000000000;00000000;000000;00000000000;00;0000;031194;000000;0000;0000;0000;0000;0000;0000;0000;0000;00;2011-11-08;000000;0;0000;0;0;0;0;0;0;0;0;0;0100;1;0;0;3;0100;1;0;000090;0;0090;0;9;000100;00;1;0;0000;0000;0000;0000;0000;0000;0000;0000;9999;0099;0000;0000;0000;   ;0000;000000;0000;2578;000000;0000;2221;000000;0000;7895;000000;0000;7773;000000;6212;0001;000000;6038;0001;000000;0000;0060;000000;0000;0000;000000;0000;0000;000000;0000;0000;000000;0000;0000;000000;0000;0000;000000;0000;0000;000000;0000;0000;000000;0000;0000;000000;0000;0000;000000;0000;0000;000000;0000;00;000000000;                                        ;000000000                                                                                                    
0182;0001;2596;10;0025;350160024;CTRO. HIPOTECARIO-DT CANARIAS       ;CTRO.HIP-DT CANARIAS;ALBAREDA, 6 PLTA3                   ;35008;                              ;                              ;0000;928451572;928451533;928451665;00000000;000000;00000000000;00;0000;150792;000000;0000;0000;0000;0000;0000;0000;0000;0000;00;2021-12-15;000000;0;0060;0;0;0;0;0;0;0;0;0;0100;1;0;0;1;1012;0;1;200090;0;0090;0;9;000900;00;9;0;0000;2536;0000;0000;0000;0000;0182;0027;0039;0050;0000;0000;4951;   ;0000;000000;0000;0000;000000;0000;0000;000000;0000;8410;000000;8002;0013;000000;6250;0001;000000;6024;0011;000000;0000;0060;000000;0000;0005;000000;0000;0035;000000;0000;1989;000000;0000;2596;000000;0000;0011;000000;0000;0000;000000;0000;0000;000000;0000;0000;000000;0000;8812;000000;8822;0000;000000;0000;01;000000000;                                        ;000000000                                                                                                    
0182;0001;2620;10;0001;330310229;LA FELGUERA                         ;LA FELGUERA         ;CELESTINO CABEZA, 18                ;33930;                              ;                              ;0000;985678038;985678177;000000000;00000000;000000;00000000000;00;0000;010175;000000;0000;0000;0000;0000;0000;0000;0000;0000;00;2020-09-08;091281;1;0000;0;0;0;0;0;0;0;0;0;1101;1;0;1;1;0003;0;0;310010;1;0010;0;1;008000;08;0;0;0608;2522;0182;6252;0000;0000;0182;0027;0039;0055;0000;0000;7253;   ;9284;000000;0000;9839;000000;0000;0000;000000;0000;1525;000000;6055;0013;000000;6250;0001;000000;6024;0011;000000;0000;0060;000000;0000;0003;000000;8591;0033;000000;0000;1985;000000;0000;6352;000000;0000;0010;000000;6252;0000;080920;0011;0000;000000;0000;5862;000000;0000;8815;000000;8825;0000;000000;0000;03;902224466;G012620A@BBVA.COM                       ;000000000                                                                                                    
0182;0001;2640;10;0001;270411004;FERREIRA DE PANTON                  ;FERREIRA DE PANTON  ;CTRA. DE ORENSE, 47                 ;27430;                              ;                              ;0000;982456032;000000000;000000000;00000000;000000;00000000000;00;0000;010175;000000;0000;0000;0000;0000;0000;0000;0000;0000;00;2020-02-11;171181;1;0000;0;0;0;0;0;0;0;0;0;0101;1;0;1;1;0003;0;0;310010;1;0010;0;1;009000;09;0;0;0369;2522;0182;6252;0000;0000;0182;0027;0039;0070;0000;0000;0625;   ;9357;000000;0000;9844;000000;0000;0000;000000;0000;1525;000000;6055;0013;000000;6250;0001;000000;6024;0011;000000;0000;0060;000000;0000;0011;000000;8591;0027;000000;0000;1985;000000;0000;6352;000000;0000;0010;000000;6252;0000;110220;0011;0000;000000;0000;5862;000000;0000;8815;000000;8825;0000;000000;0000;07;902224466;G012640A@BBVA.COM                       ;000000000                                                                                                    
0182;0001;2659;10;0001;041020007;PUEBLA DE VICAR                     ;PUEBLA DE VICAR     ;BULEVARD CIUDAD DE VICAR, 1254      ;04738;                              ;                              ;0000;950554084;950554089;000000000;00000000;000000;00000000000;00;0000;241095;000000;0000;0000;0000;0000;0000;0000;0000;0000;00;2020-02-11;241095;1;0000;0;0;0;0;0;0;0;0;0;1101;1;0;1;1;0003;0;0;310010;1;0010;0;1;009002;09;0;0;2420;2527;0182;6252;0000;0000;0182;0027;0039;0085;0000;0000;1809;   ;9008;000000;0000;9821;000000;0000;0000;000000;0000;0072;000000;6055;0013;000000;6250;0001;000000;6024;0011;000000;0000;0060;000000;0000;0001;000000;8596;0004;000000;0000;0479;000000;0000;6352;000000;0000;0012;000000;6252;0000;110220;0011;0000;000000;0000;0000;000000;0000;8817;000000;8827;0000;000000;0000;05;902224466;G012659A@BBVA.COM                       ;000000000                                                                                                    
0182;0001;2683;10;0001;281270004;LAS ROZAS-MONTEROZAS                ;LAS ROZAS-MONTEROZAS;AV. CAMILO JOSE CELA, 12 MONTERROZAS;28232;                              ;                              ;0000;916400054;916400108;000000000;00000000;000000;           ;00;0000;250900;000000;0000;0000;0000;0000;0000;0000;0000;0000;00;2021-08-04;250900;1;0000;0;0;0;0;0;0;0;0;0;1101;1;0;1;1;0003;0;0;310010;1;0010;0;1;001114;01;1;1;4049;2528;0182;6252;0000;0000;0182;0027;0039;0014;0000;0000;4000;   ;8789;000000;0000;9809;000000;0000;0000;000000;0000;0051;000000;6055;0013;000000;6250;0001;000000;6024;0011;000000;0000;0060;000000;0000;0012;000000;8594;0028;000000;0000;0985;000000;0000;6352;000000;0000;0006;000000;6252;0000;040821;0011;0000;000000;0000;5856;000000;0000;8813;000000;8823;0000;000000;0000;04;902224466;G012683A@BBVA.COM                       ;000000000                                                                                                    
0182;0001;2725;10;0001;270180901;A FONSAGRADA                        ;A FONSAGRADA        ;AV. GALICIA, 32                     ;27100;                              ;                              ;0000;982340032;000000000;000000000;00000000;000000;00000000000;00;0000;010175;000000;0000;0000;0000;0000;0000;0000;0000;0000;00;2020-02-11;260490;1;0000;0;0;0;0;0;0;0;0;0;0101;1;0;1;1;0003;0;0;310010;1;0010;0;1;009000;09;0;0;0625;2522;0182;6252;0000;0000;0182;0027;0039;0070;0000;0000;0625;   ;9355;000000;0000;9845;000000;0000;0000;000000;0000;1525;000000;6055;0013;000000;6250;0001;000000;6024;0011;000000;0000;0060;000000;0000;0011;000000;8591;0027;000000;0000;1985;000000;0000;6352;000000;0000;0010;000000;6252;0000;110220;0011;0000;000000;0000;5862;000000;0000;8815;000000;8825;0000;000000;0000;07;902224466;G012725A@BBVA.COM                       ;000000000                                                                                                    
0182;0001;2728;10;0001;150540001;FREIXEIRO                           ;FREIXEIRO           ;CTRA. DE CASTILLA, 336-338          ;15572;                              ;                              ;0000;981380800;000000000;000000000;00000000;000000;00000000000;00;0000;220195;000000;0000;0000;0000;0000;0000;0000;0000;0000;00;2020-02-11;220195;1;0000;0;0;0;0;0;0;0;0;0;1101;1;0;1;1;0003;0;0;310010;1;0010;0;1;001002;01;0;0;2680;2522;0182;6252;0000;0000;0182;0027;0039;0070;0000;0000;2200;   ;9408;000000;0000;9845;000000;0000;0000;000000;0000;1525;000000;6055;0013;000000;6250;0001;000000;6024;0011;000000;0000;0060;000000;0000;0011;000000;8591;0015;000000;0000;1985;000000;0000;6352;000000;0000;0010;000000;6252;0000;110220;0011;0000;000000;0000;5862;000000;0000;8815;000000;8825;0000;000000;0000;06;902224466;G012728A@BBVA.COM                       ;000000000                                                                                                    
0182;0001;2729;10;0001;380130009;FRONTERA DEL HIERRO                 ;FRONTERA            ;TIGADAY, 20                         ;38911;                              ;                              ;0000;922556032;922556033;000000000;00000000;000000;00000000000;00;0000;010175;000000;0000;0000;0000;0000;0000;0000;0000;0000;00;2020-02-11;201081;1;0000;0;0;0;0;0;0;0;0;0;1101;1;0;1;1;0003;0;0;310010;1;0010;0;1;009000;09;0;0;0772;2536;0182;6252;0000;0000;0182;0027;0039;0045;0000;0000;0770;   ;8870;000000;0000;9814;000000;0000;0000;000000;0000;0063;000000;6055;0013;000000;6250;0001;000000;6024;0011;000000;0000;0060;000000;0000;0005;000000;8597;0038;000000;0000;1989;000000;0000;6352;000000;0000;0011;000000;6252;0000;110220;0011;0000;000000;0000;0000;000000;0000;8812;000000;8822;0000;000000;0000;07;902224466;G012729A@BBVA.COM                       ;000000000                                                                                                    
0182;0001;2735;10;0036;290540001;FUENGIROLA-ALFONSO XIII             ;FUENGIROLA-ALFO.XIII;ALFONSO XIII, 6 EDIF.S.FERNANDO     ;29640;                              ;                              ;0000;952198067;000000000;000000000;00000000;000000;00000000000;00;0000;010175;000000;0000;0000;0000;0000;0000;0000;0000;0000;00;2020-02-11;240382;1;0000;0;0;0;0;0;0;0;0;0;1101;1;0;1;1;0003;0;0;310010;1;0010;0;1;007112;07;1;1;2735;2527;0182;6252;0000;0000;0182;0027;0039;0085;0000;0000;4100;   ;8914;000000;0000;9817;000000;0000;0000;000000;0000;0072;000000;6055;0013;000000;6250;0001;000000;6024;0011;000000;0000;0060;000000;0000;0001;000000;8596;0029;000000;0000;0479;000000;0000;6352;000000;0000;0012;000000;6252;0000;110220;0011;0000;000000;0002;0000;000000;0000;8817;000000;8827;0000;000000;0000;02;902224466;G012735A@BBVA.COM                       ;000000000                                                                                                    
0182;0001;2738;10;0001;480360003;GALDAKAO-JUAN BAUTISTA URIARTE      ;GALDAKAO-JB.URIARTE ;JUAN BAUTISTA URIARTE, 14-16        ;48960;                              ;                              ;0000;944562650;944562654;000000000;00000000;000000;00000000000;00;0000;010175;000000;0000;0000;0000;0000;0000;0000;0000;0000;00;2021-08-04;260881;1;0000;0;0;0;0;0;0;0;0;0;1101;1;0;1;1;0003;0;0;310010;1;0010;0;1;008000;08;0;0;0053;2529;0182;6252;0000;0000;0182;0027;0039;0030;0000;0000;1290;   ;9245;000000;0000;9836;000000;0000;0000;000000;0000;1523;000000;6055;0013;000000;6250;0001;000000;6024;0011;000000;0000;0060;000000;0000;0015;000000;8592;0048;000000;0000;2017;000000;0000;6352;000000;0000;0008;000000;6252;0000;120220;0011;0000;000000;0000;5858;000000;0000;8816;000000;8826;0000;000000;0000;03;902224466;G012738A@BBVA.COM                       ;000000000                                                                                                    
0182;0001;2745;10;0001;189050002;LAS GABIAS                          ;LAS GABIAS          ;REAL DE MALAGA, 6                   ;18110;                              ;                              ;0000;958580211;958580236;000000000;00000000;000000;00000000000;00;0000;010175;000000;0000;0000;0000;0000;0000;0000;0000;0000;00;2020-02-11;170282;1;0000;0;0;0;0;0;0;0;0;0;1101;1;0;1;1;0003;0;0;310010;1;0010;0;1;009000;09;0;0;0520;2527;0182;6252;0000;0000;0182;0027;0039;0085;0000;0000;2900;   ;8944;000000;0000;9821;000000;0000;0000;000000;0000;0072;000000;6055;0013;000000;6250;0001;000000;6024;0011;000000;0000;0060;000000;0000;0001;000000;8596;0018;000000;0000;0479;000000;0000;6352;000000;0000;0012;000000;6252;0000;110220;0011;0000;000000;0000;0000;000000;0000;8817;000000;8827;0000;000000;0000;05;902224466;g012745a@bbva.com                       ;000000000                                                                                                    
0182;0001;2811;10;0036;252030008;LA SEU D'URGELL                     ;LA SEU D'URGELL     ;SANT OT, 2                          ;25700;                              ;                              ;0000;973351350;000000000;000000000;00000000;000000;00000000000;00;0000;090600;000000;0000;0000;0000;0000;0000;0000;0000;0000;00;2020-02-11;040597;1;0000;0;0;0;0;0;0;0;0;0;0101;1;0;1;1;0003;0;0;310010;1;0010;0;1;007002;07;0;0;2811;2542;0182;6252;0000;0000;0182;0027;0039;0035;0000;0000;0249;   ;9651;000000;0000;9916;000000;0000;0000;000000;0000;8302;000000;6055;0013;000000;6250;0001;000000;6024;0011;000000;0000;0060;000000;0000;0009;000000;8593;0025;000000;0000;0800;000000;0000;6352;000000;0000;0007;000000;6252;0000;110220;0011;0000;000000;0002;5855;000000;0000;8811;000000;5207;0000;000000;0000;02;902224466;G012811A@BBVA.COM                       ;000000000                                                                                                    
0182;0001;2817;10;0001;020690001;LA RODA                             ;LA RODA             ;AVDA. REY FELIPE VI, 6              ;02630;                              ;                              ;0000;967441848;000000000;000000000;00000000;000000;           ;00;0000;211000;000000;0000;0000;0000;0000;0000;0000;0000;0000;00;2025-04-09;010100;1;0000;0;0;0;0;0;0;0;0;0;0101;1;0;1;1;0003;0;0;311010;1;1010;0;1;008001;08;0;0;1914;2528;0182;6252;0000;0000;0182;0027;0039;0014;0000;0000;1914;000;7136;000000;0000;9801;000000;0000;0000;000000;0000;0051;000000;6055;0013;000000;6250;0001;000000;6024;0011;000000;0000;0060;000000;0000;0008;000000;8594;0002;000000;0000;0985;000000;0000;6352;000000;0000;0013;000000;6252;0000;090425;0011;0000;000000;0000;5856;000000;0000;8813;000000;8823;0000;000000;0000;05;902224466;G012817A@BBVA.COM                       ;000000000                                                                                                    
0182;0001;2825;10;0001;070130001;CAMPOS                              ;CAMPOS              ;SOR MARIA RAFAELA, 1                ;07630;                              ;                              ;0000;971650075;000000000;000000000;00000000;000000;00000000000;00;0000;090600;000000;0000;0000;0000;0000;0000;0000;0000;0000;00;2020-02-11;090397;1;0000;0;0;0;0;0;0;0;0;0;0101;1;0;1;1;0003;0;0;310010;1;0010;0;1;009000;09;0;0;0287;2534;0182;6252;0000;0000;0182;0027;0039;0075;0000;0000;4900;   ;9490;000000;0000;9883;000000;0000;0000;000000;0000;1964;000000;6055;0013;000000;6250;0001;000000;6024;0011;000000;0000;0060;000000;0000;0004;000000;8595;0007;000000;0000;0595;000000;0000;6352;000000;0000;0007;000000;6252;0000;110220;0011;0000;000000;0000;5859;000000;0000;8814;000000;8824;0000;000000;0000;06;902224466;G012825A@BBVA.COM                       ;000000000                                                                                                    
0182;0001;2832;10;0001;170320001;CADAQUES                            ;CADAQUES            ;AV. CARITAT SERINYANA, 4            ;17488;CADAQUES                      ;                              ;0000;972258012;000000000;000000000;00000000;000000;00000000000;00;0000;090600;000000;0000;0000;0000;0000;0000;0000;0000;0000;00;2020-02-11;040597;1;0000;0;0;0;0;0;0;0;0;0;0101;1;0;1;1;0003;0;0;310010;1;0010;0;1;007005;07;0;0;5505;2542;0182;6252;0000;0000;0182;0027;0039;0035;0000;0000;2770;   ;9668;000000;0000;9920;000000;0000;0000;000000;0000;8302;000000;6055;0013;000000;6250;0001;000000;6024;0011;000000;0000;0060;000000;0000;0009;000000;8593;0017;000000;0000;0800;000000;0000;6352;000000;0000;0007;000000;6252;0000;110220;0011;0000;000000;0000;5855;221108;0000;8811;000000;5207;0000;000000;0000;05;902224466;G012832A@BBVA.COM                       ;000000000                                                                                                    
0182;0001;2833;10;0001;430470001;CONSTANTI                           ;CONSTANTI           ;AV. 11 DE SETEMBRE, 3               ;43120;                              ;                              ;0000;977520322;000000000;000000000;00000000;000000;00000000000;00;0000;090600;000000;0000;0000;0000;0000;0000;0000;0000;0000;00;2020-02-11;040597;1;0000;0;0;0;0;0;0;0;0;0;0101;1;0;1;1;0003;0;0;310010;1;0010;0;1;001002;01;0;0;2191;2542;0182;6252;0000;0000;0182;0027;0039;0035;0000;0000;6240;   ;9681;000000;0000;9928;000000;0000;0000;000000;0000;8302;000000;6055;0013;000000;6250;0001;000000;6024;0011;000000;0000;0060;000000;0000;0009;000000;8593;0043;000000;0000;0800;000000;0000;6352;000000;0000;0007;000000;6252;0000;110220;0011;0000;000000;0000;5855;000000;0000;8811;000000;5207;0000;000000;0000;05;902224466;G012833A@BBVA.COM                       ;000000000                                                                                                    
0182;0001;2863;10;0001;130530003;MANZANARES-EMPEDRADA                ;MANZANARES-EMPEDRADA;EMPEDRADA, 13                       ;13200;                              ;                              ;0000;926621194;000000000;000000000;00000000;000000;           ;00;0000;251100;000000;0000;0000;0000;0000;0000;0000;0000;0000;00;2020-02-11;010100;1;0000;0;0;0;0;0;0;0;0;0;0101;1;0;1;1;0003;0;0;311010;1;1010;0;1;008000;08;0;0;0393;2528;0182;6252;0000;0000;0182;0027;0039;0006;0000;0000;0390;000;6693;000000;0000;9801;000000;0000;0000;000000;0000;0051;000000;6055;0013;000000;6250;0001;000000;6024;0011;000000;0000;0060;000000;0000;0008;000000;8594;0013;000000;0000;0985;000000;0000;6352;000000;0000;0013;000000;6252;0000;110220;0011;0000;000000;0000;5856;000000;0000;8813;000000;8823;0000;000000;0000;05;902224466;G012863A@BBVA.COM                       ;000000000                                                                                                    
0182;0001;2884;10;0001;061490003;VILLAFRANCA DE LOS BARROS           ;VILLAFRANCA D.L.BAR.;ZAFRA ESQ. A SOLIS CARRASCO, 1      ;06220;                              ;                              ;0000;924523656;000000000;000000000;00000000;000000;           ;00;0000;071000;000000;0000;0000;0000;0000;0000;0000;0000;0000;00;2020-02-11;010100;1;0000;0;0;0;0;0;0;0;0;0;0101;1;0;1;1;0003;0;0;311010;1;1010;0;1;009000;09;0;0;0382;2527;0182;6252;0000;0000;0182;0027;0039;0096;0000;0000;1487;000;8993;000000;0000;9826;000000;0000;0000;000000;0000;0072;000000;6055;0013;000000;6250;0001;000000;6024;0011;000000;0000;0060;000000;0000;0010;000000;8596;0006;000000;0000;0479;000000;0000;6352;000000;0000;0013;000000;6252;0000;110220;0011;0000;000000;0000;0000;000000;0000;8817;000000;8827;0000;000000;0000;05;902224466;G012884A@BBVA.COM                       ;000000000                                                                                                    
0182;0001;2898;10;0001;070400012;PALMA AG. CAMP REDO                 ;PALMA AG.CAMP REDO  ;COLLIURE, 26                        ;07010;                              ;                              ;0000;971763054;971763088;000000000;00000000;000000;00000000000;00;0000;090600;130223;0182;0282;0000;0000;0182;0282;0000;0000;00;2023-02-10;200497;1;0000;0;0;0;0;0;0;0;0;0;0101;1;0;1;1;0003;0;0;310090;1;0090;0;9;040714;40;7;1;4900;2534;0182;6252;0000;0000;0182;0027;0039;0075;0000;0000;4900;   ;9477;000000;0000;9883;000000;0000;0000;000000;0000;1964;000000;6055;0013;000000;6250;0001;000000;6024;0011;000000;0000;0060;000000;0000;0004;000000;8595;0007;000000;0000;0595;000000;0000;6352;000000;0000;0007;000000;6252;0000;110220;0011;0000;000000;0000;5859;000000;0000;8814;000000;8824;0000;000000;0000;06;902224466;G012898A@BBVA.COM                       ;000000000                                                                                                    
0182;0001;2906;10;0001;082510006;SANTA MARGARIDA I MONJOS            ;S.MARGARIDA I MONJOS;AVINGUDA DE CATALUNYA, 84           ;08730;                              ;                              ;0000;938983490;000000000;000000000;00000000;000000;00000000000;00;0000;090600;000000;0000;0000;0000;0000;0000;0000;0000;0000;00;2021-08-02;040597;1;0000;0;0;0;0;0;0;0;0;0;0101;1;0;1;1;0003;0;0;310010;1;0010;0;1;009001;09;0;0;1683;2542;0182;6252;0000;0000;0182;0027;0039;0035;0000;0000;1797;   ;9573;000000;0000;9910;000000;0000;0000;000000;0000;8302;000000;6055;0013;000000;6250;0001;000000;6024;0011;000000;0000;0060;000000;0000;0009;000000;8593;0008;000000;0000;0800;000000;0000;6352;000000;0000;0007;000000;6252;0000;110220;0011;0000;000000;0000;5855;000000;0000;8811;000000;5207;0000;000000;0000;04;902224466;G012906A@BBVA.COM                       ;000000000                                                                                                    
0182;0001;2908;10;0001;172070101;LA VALL D'EN BAS                    ;LA VALL D'EN BAS    ;OLOT, 17-19                         ;17176;                              ;                              ;0000;972690150;000000000;000000000;00000000;000000;00000000000;00;0000;090600;000000;0000;0000;0000;0000;0000;0000;0000;0000;00;2021-11-24;040597;1;0000;0;0;0;0;0;0;0;0;0;0101;1;0;1;1;0003;0;0;310010;1;0010;0;1;009000;09;0;0;0841;2542;0182;6252;0000;0000;0182;0027;0039;0035;0000;0000;2770;   ;9666;000000;0000;5299;000000;0000;0000;000000;0000;8302;000000;6055;0013;000000;6250;0001;000000;6024;0011;000000;0000;0060;000000;0000;0009;000000;8593;0017;000000;0000;0800;000000;0000;6352;000000;0000;0007;000000;6252;0000;110220;0011;0000;000000;0000;5855;000000;0000;8811;000000;5207;0000;000000;0000;06;902224466;G012908A@BBVA.COM                       ;000000000                                                                                                    
0182;0001;2945;10;0001;221170008;GRAUS                               ;GRAUS               ;ANGEL SAMBLANCAT, 36                ;22430;                              ;                              ;0000;974540025;974540027;000000000;00000000;000000;00000000000;00;0000;010175;000000;0000;0000;0000;0000;0000;0000;0000;0000;00;2020-02-11;250486;1;0000;0;0;0;0;0;0;0;0;0;1101;1;0;1;1;0003;0;0;310010;1;0010;0;1;009000;09;0;0;0756;2529;0182;6252;0000;0000;0182;0027;0039;0080;0000;0000;3107;   ;9039;000000;0000;9828;000000;0000;0000;000000;0000;1523;000000;6055;0013;000000;6250;0001;000000;6024;0011;000000;0000;0060;000000;0000;0002;000000;8592;0022;000000;0000;2017;000000;0000;6352;000000;0000;0013;000000;6252;0000;110220;0011;0000;000000;0000;5858;000000;0000;8816;000000;8826;0000;000000;0000;04;902224466;G012945A@BBVA.COM                       ;000000000                                                                                                    
0182;0001;2958;10;0014;081660001;LA POBLA DE LILLET-OTP              ;LA POBLA LILLET-OTP ;PLAA MAJOR, 2                       ;08696;                              ;                              ;0000;938236088;000000000;938236088;00000000;000000;           ;00;0000;010716;101218;0182;1871;0000;0000;0182;1871;0000;0000;00;2018-12-07;000000;0;1871;0;0;0;0;0;0;0;0;0;1101;1;0;1;1;0000;0;0;010090;1;0090;0;9;008710;08;7;1;0000;2542;0182;6252;0000;0000;0182;0027;0039;0035;0000;0000;1797;   ;9625;000000;0000;9910;000000;0000;0000;000000;0000;8302;000000;6055;0013;000000;6250;0001;000000;6024;0011;000000;0000;0060;000000;0000;0009;000000;8593;0008;000000;0000;0800;000000;0000;6352;000000;0000;0007;000000;6252;0000;170118;0011;0000;000000;0000;5855;000000;0000;8811;000000;5207;0000;000000;0000;08;000000000;                                        ;000000000                                                                                                    
0182;0001;2972;10;0001;030650011;ELCHE-AV.NOVELDA                    ;ELCHE-AV.NOVELDA    ;AV. NOVELDA, 45                     ;03205;                              ;                              ;0000;966671042;000000000;000000000;00000000;000000;           ;00;0000;111100;000000;0000;0000;0000;0000;0000;0000;0000;0000;00;2021-11-24;010100;1;0000;0;0;0;0;0;0;0;0;0;0101;1;0;1;1;0003;0;0;311010;1;1010;0;1;040112;40;1;1;2499;2534;0182;6252;0000;0000;0182;0027;0039;0065;0000;0000;0100;000;9450;000000;0000;9884;000000;0000;0000;000000;0000;1964;000000;6055;0013;000000;6250;0001;000000;6024;0011;000000;0000;0060;000000;0000;0017;000000;8595;0003;000000;0000;0595;000000;0000;6352;000000;0000;0009;000000;6252;0000;110220;0011;0000;000000;0000;5859;000000;0000;8814;000000;8824;0000;000000;0000;05;902224466;G012972A@BBVA.COM                       ;000000000                                                                                                    
0182;0001;2985;10;0036;031220006;SAN VICENTE RASPEIG-ANCHA CASTELAR  ;S.VICENTE-A.CASTELAR;AV. ANCHA CASTELAR, 50              ;03690;                              ;                              ;0000;965677240;000000000;000000000;00000000;000000;           ;00;0000;111100;000000;0000;0000;0000;0000;0000;0000;0000;0000;00;2023-03-02;010100;1;0000;0;0;0;0;0;0;0;0;0;0101;1;0;1;1;0003;0;0;311010;1;1010;0;1;008002;08;0;0;2985;2534;0182;6252;0000;0000;0182;0027;0039;0065;0000;0000;0100;000;9457;000000;0000;9884;000000;0000;0000;000000;0000;1964;000000;6055;0013;000000;6250;0001;000000;6024;0011;000000;0000;0060;000000;0000;0017;000000;8595;0003;000000;0000;0595;000000;0000;6352;000000;0000;0009;000000;6252;0000;020323;0011;0000;000000;0002;5859;000000;0000;8814;000000;8824;0000;000000;0000;02;902224466;G012985A@BBVA.COM                       ;000000000                                                                                                    
0182;0001;2996;10;0001;380190011;PLAYA DE SAN JUAN                   ;PLAYA DE SAN JUAN   ;JUAN CARLOS I, 32                   ;38687;                              ;                              ;0000;922865906;922865954;000000000;00000000;000000;00000000000;00;0000;010175;000000;0000;0000;0000;0000;0000;0000;0000;0000;00;2021-08-03;061081;1;0000;0;0;0;0;0;0;0;0;0;1101;1;0;1;1;0003;0;0;310010;1;0010;0;1;008001;08;0;0;1055;2536;0182;6252;0000;0000;0182;0027;0039;0045;0000;0000;0770;   ;8861;000000;0000;9814;000000;0000;0000;000000;0000;0063;000000;6055;0013;000000;6250;0001;000000;6024;0011;000000;0000;0060;000000;0000;0005;000000;8597;0038;000000;0000;1989;000000;0000;6352;000000;0000;0011;000000;6252;0000;110220;0011;0000;000000;0000;0000;000000;0000;8812;000000;8822;0000;000000;0000;06;902224466;G012996A@BBVA.COM                       ;000000000                                                                                                    
0182;0001;3015;10;0049;000000000;OEIRAS                              ;OEIRAS              ;OEIRAS                              ;02780;                              ;                              ;0000;999999999;000000000;000000000;00000000;000000;           ;00;0000;200324;000000;0000;0000;0000;0000;0000;0000;0000;0000;00;2024-03-20;200324;1;0000;0;0;0;0;0;0;0;0;0;0100;1;0;0;3;0000;0;0;000090;0;0090;0;9;000100;00;1;0;0000;0000;0000;0000;0000;0000;0000;0000;0000;0000;0000;0000;0000;   ;0000;000000;0000;0000;000000;0000;4501;000000;0000;3084;000000;3082;3080;000000;0000;0001;000000;0000;0010;000000;0000;0000;000000;0000;0000;000000;8360;0000;000000;0000;0000;000000;0000;0000;000000;0000;0001;000000;0000;0000;000000;0000;0000;000000;0000;0000;000000;0000;0000;000000;0000;0000;000000;0000;00;000000000;                                        ;000000000                                                                                                    
0182;0001;3029;10;0001;030590002;CREVILLENTE                         ;CREVILLENTE         ;SALITRE, 15                         ;03330;                              ;                              ;0000;965406326;000000000;000000000;00000000;000000;           ;00;0000;251100;000000;0000;0000;0000;0000;0000;0000;0000;0000;00;2021-11-24;010100;1;0000;0;0;0;0;0;0;0;0;0;0101;1;0;1;1;0003;0;0;311010;1;1010;0;1;007002;07;0;0;2980;2534;0182;6252;0000;0000;0182;0027;0039;0065;0000;0000;0100;000;9563;000000;0000;9891;000000;0000;0000;000000;0000;1964;000000;6055;0013;000000;6250;0001;000000;6024;0011;000000;0000;0060;000000;0000;0017;000000;8595;0003;000000;0000;0595;000000;0000;6352;000000;0000;0009;000000;6252;0000;030821;0011;0000;000000;0000;5859;000000;0000;8814;000000;8824;0000;000000;0000;04;902224466;G013029A@BBVA.COM                       ;000000000                                                                                                    
0182;0001;3050;10;0036;081010001;L'HOSPITALET-CENTRO                 ;L'HOSPIT- CENTRO    ;RAMBLA JUST OLIVERES, 11            ;08901;                              ;                              ;0000;934014800;999999999;000000000;00000000;000000;00000000000;00;0000;010175;000000;0000;0000;0000;0000;0000;0000;0000;0000;00;2021-11-04;160282;1;0000;0;0;0;0;0;0;0;0;0;1101;1;0;1;1;0003;0;0;310110;1;0110;1;1;007003;07;0;0;3050;2542;0182;6252;0000;0000;0182;0027;0039;0035;0000;0000;1797;   ;9655;000000;0000;8963;000000;0000;0000;000000;0000;8302;000000;6055;0013;000000;6250;0001;000000;6024;0011;000000;0000;0060;000000;0000;0009;000000;8593;0008;000000;0000;0800;000000;0000;6352;000000;0000;0007;000000;6252;0000;041121;0011;0000;000000;0002;5855;000000;0000;8811;000000;8821;0000;000000;0000;01;902224466;G013050A@BBVA.COM                       ;000000000                                                                                                    
0182;0001;3054;10;0001;081010001;L'HOSPITALET - MIRAFLORES           ;L'HOSPIT- MIRAFLORES;AV. MIRAFLORS, 26                   ;08905;                              ;                              ;0000;934407514;000000000;000000000;00000000;000000;00000000000;00;0000;010175;000000;0000;0000;0000;0000;0000;0000;0000;0000;00;2020-02-11;090282;1;0000;0;0;0;0;0;0;0;0;0;1101;1;0;1;1;0003;0;0;310010;1;0010;0;1;008113;08;1;1;3052;2542;0182;6252;0000;0000;0182;0027;0039;0035;0000;0000;1797;   ;5278;000000;0000;8963;000000;0000;0000;000000;0000;8302;000000;6055;0013;000000;6250;0001;000000;6024;0011;000000;0000;0060;000000;0000;0009;000000;8593;0008;000000;0000;0800;000000;0000;6352;000000;0000;0007;000000;6252;0000;110220;0011;0000;000000;0000;5855;000000;0000;8811;000000;8821;0000;000000;0000;03;902224466;g013054a@bbva.com                       ;000000000                                                                                                    
0182;0001;3056;10;0001;081010001;L'HOSPITALET-SANT JOSEP             ;L'HOSPIT-SANT JOSEP ;ENRIC PRAT DE LA RIBA, 131          ;08901;                              ;                              ;0000;933382511;000000000;000000000;00000000;000000;00000000000;00;0000;010175;000000;0000;0000;0000;0000;0000;0000;0000;0000;00;2021-11-24;090282;1;0000;0;0;0;0;0;0;0;0;0;1101;1;0;1;1;0003;0;0;310010;1;0010;0;1;040113;40;1;1;3050;2542;0182;6252;0000;0000;0182;0027;0039;0035;0000;0000;1797;   ;9655;000000;0000;8963;000000;0000;0000;000000;0000;8302;000000;6055;0013;000000;6250;0001;000000;6024;0011;000000;0000;0060;000000;0000;0009;000000;8593;0008;000000;0000;0800;000000;0000;6352;000000;0000;0007;000000;6252;0000;110220;0011;0000;000000;0000;5855;000000;0000;8811;000000;8821;0000;000000;0000;04;902224466;G013056A@BBVA.COM                       ;000000000                                                                                                    
0182;0001;3065;10;0001;431620001;L'HOSPITALET DE L'INFANT            ;L'HOSPITALET INFANTE;VIA AUGUSTA, 23                     ;43890;                              ;                              ;0000;977823188;000000000;000000000;00000000;000000;00000000000;00;0000;010175;000000;0000;0000;0000;0000;0000;0000;0000;0000;00;2021-11-24;111181;1;0000;0;0;0;0;0;0;0;0;0;1101;1;0;1;1;0003;0;0;310010;1;0010;0;1;001000;01;0;0;0250;2542;0182;6252;0000;0000;0182;0027;0039;0035;0000;0000;6240;   ;9675;000000;0000;9928;000000;0000;0000;000000;0000;8302;000000;6055;0013;000000;6250;0001;000000;6024;0011;000000;0000;0060;000000;0000;0009;000000;8593;0043;000000;0000;0800;000000;0000;6352;000000;0000;0007;000000;6252;0000;110220;0011;0000;000000;0000;5855;000000;0000;8811;000000;5207;0000;000000;0000;05;902224466;G013065A@BBVA.COM                       ;000000000                                                                                                    
0182;0001;3085;10;0049;000000000;LISBOA-AV.LIBERDADE                 ;LISBOA-AV.LIBERDADE ;AV. DA LIBERDADE, 222 - LISBOA      ;01250;                              ;                              ;0000;003117200;000000000;000000000;00000000;000000;           ;00;0000;280691;000000;0000;0000;0000;0000;0000;0000;0000;0000;00;2021-06-07;300918;1;0000;0;0;0;0;0;0;0;0;0;0100;1;0;0;3;0000;0;0;000090;0;0090;0;9;000100;00;1;0;0000;0000;0000;0000;0000;0000;0000;0000;0000;0000;0000;0000;0000;   ;0000;000000;0000;0000;000000;0000;4501;000000;0000;3084;000000;3082;3080;000000;0000;0001;000000;0000;0010;000000;0000;0000;000000;0000;0000;000000;8360;0000;000000;0000;0000;000000;0000;0000;000000;0000;0001;000000;0000;0000;000000;0000;0000;000000;0000;0000;000000;0000;0000;000000;0000;0000;000000;0000;00;000000000;                                        ;000000000                                                                                                    
0182;0001;3119;10;0001;501260001;ILLUECA                             ;ILLUECA             ;CARRETERA DE ARANDA, 3              ;50250;                              ;                              ;0000;976820251;976822334;000000000;00000000;000000;00000000000;00;0000;010175;000000;0000;0000;0000;0000;0000;0000;0000;0000;00;2021-11-24;030486;1;0000;0;0;0;0;0;0;0;0;0;1101;1;0;1;1;0003;0;0;310010;1;0010;0;1;001000;01;0;0;0759;2529;0182;6252;0000;0000;0182;0027;0039;0080;0000;0000;6900;   ;9040;000000;0000;9828;000000;0000;0000;000000;0000;1523;000000;6055;0013;000000;6250;0001;000000;6024;0011;000000;0000;0060;000000;0000;0002;000000;8592;0050;000000;0000;2017;000000;0000;6352;000000;0000;0013;000000;6252;0000;110220;0011;0000;000000;0000;5858;000000;0000;8816;000000;8826;0000;000000;0000;05;902224466;G013119A@BBVA.COM                       ;000000000                                                                                                    
0182;0001;3159;10;0001;171990004;TORROELLA DE MONTGRI                ;TORROELLA DE MONTGRI;PRIMITIU ARTIGAS, 5                 ;17257;                              ;                              ;0000;972758950;000000000;000000000;00000000;000000;00000000000;00;0000;090600;000000;0000;0000;0000;0000;0000;0000;0000;0000;00;2020-02-11;180597;1;0000;0;0;0;0;0;0;0;0;0;0101;1;0;1;1;0003;0;0;310010;1;0010;0;1;007005;07;0;0;5505;2542;0182;6252;0000;0000;0182;0027;0039;0035;0000;0000;2770;   ;9668;000000;0000;9920;000000;0000;0000;000000;0000;8302;000000;6055;0013;000000;6250;0001;000000;6024;0011;000000;0000;0060;000000;0000;0009;000000;8593;0017;000000;0000;0800;000000;0000;6352;000000;0000;0007;000000;6252;0000;110220;0011;0000;000000;0000;5855;000000;0000;8811;000000;5207;0000;000000;0000;04;902224466;G013159A@BBVA.COM                       ;000000000                                                                                                    
0182;0001;3182;10;0001;461660001;MELIANA                             ;MELIANA             ;AV. SANTA MARIA, 10                 ;46133;                              ;                              ;0000;961494673;961494720;000000000;00000000;000000;00000000000;00;0000;200600;000000;0000;0000;0000;0000;0000;0000;0000;0000;00;2020-02-11;200600;1;0000;0;0;0;0;0;0;0;0;0;0101;1;0;1;1;0003;0;0;310010;1;0010;0;1;001001;01;0;0;1520;2534;0182;6252;0000;0000;0182;0027;0039;0065;0000;0000;7710;   ;9526;000000;0000;9889;000000;0000;0000;000000;0000;1964;000000;6055;0013;000000;6250;0001;000000;6024;0011;000000;0000;0060;000000;0000;0017;000000;8595;0046;000000;0000;0595;000000;0000;6352;000000;0000;0009;000000;6252;0000;110220;0011;0000;000000;0000;5859;000000;0000;8814;000000;8824;0000;000000;0000;05;902224466;G013182A@BBVA.COM                       ;000000000                                                                                                    
0182;0001;3186;10;0001;210420003;ISLA CRISTINA                       ;ISLA CRISTINA       ;PL. DE LAS FLORES, 10               ;21410;                              ;                              ;0000;959344204;000000000;000000000;00000000;000000;           ;00;0000;251100;000000;0000;0000;0000;0000;0000;0000;0000;0000;00;2023-03-02;010100;1;0000;0;0;0;0;0;0;0;0;0;0101;1;0;1;1;0003;0;0;311010;1;1010;0;1;001000;01;0;0;0456;2527;0182;6252;0000;0000;0182;0027;0039;0085;0000;0000;3100;000;8959;000000;0000;9826;000000;0000;0000;000000;0000;0072;000000;6055;0013;000000;6250;0001;000000;6024;0011;000000;0000;0060;000000;0000;0001;000000;8596;0021;000000;0000;0479;000000;0000;6352;000000;0000;0012;000000;6252;0000;020323;0011;0000;000000;0000;0000;000000;0000;8817;000000;8827;0000;000000;0000;05;902224466;G013186A@BBVA.COM                       ;000000000                                                                                                    
0182;0001;3199;10;0001;410290001;CASTILLEJA DE LA CUESTA             ;CASTILLEJA CUESTA   ;INES ROSALES, 5-7                   ;41950;                              ;                              ;0000;954165038;000000000;000000000;00000000;000000;           ;00;0000;111100;000000;0000;0000;0000;0000;0000;0000;0000;0000;00;2021-08-05;010100;1;0000;0;0;0;0;0;0;0;0;0;0101;1;0;1;1;0003;0;0;311010;1;1010;0;1;008002;08;0;0;2658;2527;0182;6252;0000;0000;0182;0027;0039;0085;0000;0000;6000;000;8966;000000;0000;9824;000000;0000;0000;000000;0000;0072;000000;6055;0013;000000;6250;0001;000000;6024;0011;000000;0000;0060;000000;0000;0001;000000;8596;0041;000000;0000;0479;000000;0000;6352;000000;0000;0012;000000;6252;0000;050821;0011;0000;000000;0000;0000;000000;0000;8817;000000;8827;0000;000000;0000;05;902224466;G013199A@BBVA.COM                       ;000000000                                                                                                    
0182;0001;3208;10;0001;300380018;LAS TORRES DE COTILLAS              ;L.TORRES DE COTILLAS;MAYOR, 26                           ;30565;                              ;                              ;0000;968625136;968625137;000000000;00000000;000000;00000000000;00;0000;040100;000000;0000;0000;0000;0000;0000;0000;0000;0000;00;2020-02-11;040100;1;0000;0;0;0;0;0;0;0;0;0;0101;1;0;1;1;0003;0;0;310010;1;0010;0;1;008007;08;0;0;7611;2534;0182;6252;0000;0000;0182;0027;0039;0065;0000;0000;0152;   ;9557;000000;0000;9891;000000;0000;0000;000000;0000;1964;000000;6055;0013;000000;6250;0001;000000;6024;0011;000000;0000;0060;000000;0000;0014;000000;8595;0030;000000;0000;0595;000000;0000;6352;000000;0000;0009;000000;6252;0000;110220;0011;0000;000000;0000;5859;000000;0000;8814;000000;8824;0000;000000;0000;04;902224466;G013208A@BBVA.COM                       ;000000000                                                                                                    
0182;0001;3209;10;0001;309020001;LOS ALCAZARES                       ;LOS ALCAZARES       ;AV. 13 DE OCTUBRE, 2                ;30710;                              ;                              ;0000;968170939;968170950;000000000;00000000;000000;00000000000;00;0000;271299;000000;0000;0000;0000;0000;0000;0000;0000;0000;00;2020-02-11;271299;1;0000;0;0;0;0;0;0;0;0;0;0101;1;0;1;1;0003;0;0;310010;1;0010;0;1;001001;01;0;0;1051;2534;0182;6252;0000;0000;0182;0027;0039;0065;0000;0000;0152;   ;9565;000000;0000;9891;000000;0000;0000;000000;0000;1964;000000;6055;0013;000000;6250;0001;000000;6024;0011;000000;0000;0060;000000;0000;0014;000000;8595;0030;000000;0000;0595;000000;0000;6352;000000;0000;0009;000000;6252;0000;110220;0011;0000;000000;0000;5859;000000;0000;8814;000000;8824;0000;000000;0000;06;902224466;G013209A@BBVA.COM                       ;000000000                                                                                                    
0182;0001;3225;10;0001;110350018;TARIFA                              ;TARIFA              ;BATALLA DEL SALADO, 4               ;11380;                              ;                              ;0000;956685350;000000000;000000000;00000000;000000;           ;00;0000;251100;000000;0000;0000;0000;0000;0000;0000;0000;0000;00;2020-02-11;010100;1;0000;0;0;0;0;0;0;0;0;0;0101;1;0;1;1;0003;0;0;311010;1;1010;0;1;007001;07;0;0;1076;2527;0182;6252;0000;0000;0182;0027;0039;0085;0000;0000;1600;000;8926;000000;0000;9822;000000;0000;0000;000000;0000;0072;000000;6055;0013;000000;6250;0001;000000;6024;0011;000000;0000;0060;000000;0000;0001;000000;8596;0011;000000;0000;0479;000000;0000;6352;000000;0000;0012;000000;6252;0000;110220;0011;0000;000000;0000;0000;000000;0000;8817;000000;8827;0000;000000;0000;04;902224466;G013225A@BBVA.COM                       ;000000000                                                                                                    
0182;0001;3230;10;0001;110080001;LOS BARRIOS                         ;LOS BARRIOS         ;SOLEDAD, 1                          ;11370;                              ;                              ;0000;956622571;000000000;000000000;00000000;000000;           ;00;0000;270101;000000;0000;0000;0000;0000;0000;0000;0000;0000;00;2020-02-11;010100;1;0000;0;0;0;0;0;0;0;0;0;0101;1;0;1;1;0003;0;0;311010;1;1010;0;1;008000;08;0;0;0485;2527;0182;6252;0000;0000;0182;0027;0039;0085;0000;0000;1600;000;8957;000000;0000;9822;000000;0000;0000;000000;0000;0072;000000;6055;0013;000000;6250;0001;000000;6024;0011;000000;0000;0060;000000;0000;0001;000000;8596;0011;000000;0000;0479;000000;0000;6352;000000;0000;0012;000000;6252;0000;110220;0011;0000;000000;0000;0000;000000;0000;8817;000000;8827;0000;000000;0000;04;902224466;G013230A@BBVA.COM                       ;000000000                                                                                                    
0182;0001;3237;10;0001;080680001;CERVELLO                            ;CERVELLO            ;MAJOR, 133                          ;08758;                              ;                              ;0000;936602051;000000000;000000000;00000000;000000;00000000000;00;0000;090600;000000;0000;0000;0000;0000;0000;0000;0000;0000;00;2023-02-01;090397;1;0000;0;0;0;0;0;0;0;0;0;0101;1;0;1;1;0003;0;0;310010;1;0010;0;1;008004;08;0;0;4388;2542;0182;6252;0000;0000;0182;0027;0039;0035;0000;0000;1797;   ;5233;000000;0000;9910;000000;0000;0000;000000;0000;8302;000000;6055;0013;000000;6250;0001;000000;6024;0011;000000;0000;0060;000000;0000;0009;000000;8593;0008;000000;0000;0800;000000;0000;6352;000000;0000;0007;000000;6252;0000;010223;0011;0000;000000;0000;5855;000000;0000;8811;000000;8821;0000;000000;0000;05;902224466;G013237A@BBVA.COM                       ;000000000                                                                                                    
0182;0001;3244;10;0001;110300004;ROTA-BASE NAVAL DE ROTA             ;ROTA-BASE NAVAL DE R;ZZ BASE NAVAL ROTA                  ;11530;                              ;                              ;0000;956841874;000000000;000000000;00000000;000000;           ;00;0000;080700;000000;0000;0000;0000;0000;0000;0000;0000;0000;00;2020-02-11;010100;1;0000;0;0;0;0;0;0;0;0;0;0101;1;0;1;1;0003;0;0;311010;1;1010;0;1;001113;01;1;1;3146;2527;0182;6252;0000;0000;0182;0027;0039;0085;0000;0000;1600;000;8920;000000;0000;9822;000000;0000;0000;000000;0000;0072;000000;6055;0013;000000;6250;0001;000000;6024;0011;000000;0000;0060;000000;0000;0001;000000;8596;0011;000000;0000;0479;000000;0000;6352;000000;0000;0012;000000;6252;0000;110220;0011;0000;000000;0000;0000;000000;0000;8817;000000;8827;0000;000000;0000;05;902224466;G013244A@BBVA.COM                       ;000000000                                                                                                    
0182;0001;3248;10;0001;110300004;ROTA-MARIA AUXILIADORA              ;ROTA-MARIA AUXILIADO;AV. MARIA AUXILIADORA, 78           ;11520;                              ;                              ;0000;956816100;956816106;000000000;00000000;000000;           ;00;0000;220900;000000;0000;0000;0000;0000;0000;0000;0000;0000;00;2020-02-11;010100;1;0000;0;0;0;0;0;0;0;0;0;0101;1;0;1;1;0003;0;0;311010;1;1010;0;1;001003;01;0;0;3146;2527;0182;6252;0000;0000;0182;0027;0039;0085;0000;0000;1600;000;8920;000000;0000;9822;000000;0000;0000;000000;0000;0072;000000;6055;0013;000000;6250;0001;000000;6024;0011;000000;0000;0060;000000;0000;0001;000000;8596;0011;000000;0000;0479;000000;0000;6352;000000;0000;0012;000000;6252;0000;110220;0011;0000;000000;0000;0000;000000;0000;8817;000000;8827;0000;000000;0000;03;902224466;G013248A@BBVA.COM                       ;000000000                                                                                                    
0182;0001;3257;10;0001;140210008;CERRO MURIANO                       ;CERRO MURIANO       ;CR. DE BADAJOZ, S/N                 ;14340;                              ;                              ;0000;957350621;000000000;000000000;00000000;000000;           ;00;0000;211000;000000;0000;0000;0000;0000;0000;0000;0000;0000;00;2021-08-04;010100;1;0000;0;0;0;0;0;0;0;0;0;0101;1;0;1;1;0003;0;0;311010;1;1010;0;1;001000;01;0;0;0424;2527;0182;6252;0000;0000;0182;0027;0039;0085;0000;0000;2100;000;8928;000000;0000;9817;000000;0000;0000;000000;0000;0072;000000;6055;0013;000000;6250;0001;000000;6024;0011;000000;0000;0060;000000;0000;0001;000000;8596;0014;000000;0000;0479;000000;0000;6352;000000;0000;0012;000000;6252;0000;110220;0011;0000;000000;0000;0000;000000;0000;8817;000000;8827;0000;000000;0000;06;902224466;G013257A@BBVA.COM                       ;000000000                                                                                                    
0182;0001;3265;10;0001;170860002;LA JONQUERA                         ;LA JONQUERA         ;MAJOR, 88                           ;17700;JONQUERA (LA)                 ;                              ;0000;972554976;972554699;000000000;00000000;000000;00000000000;00;0000;010175;000000;0000;0000;0000;0000;0000;0000;0000;0000;00;2020-02-11;251181;1;0000;0;0;0;0;0;0;0;0;0;1101;1;0;1;1;0003;0;0;310010;1;0010;0;1;007000;07;0;0;0263;2542;0182;6252;0000;0000;0182;0027;0039;0035;0000;0000;2770;   ;9665;000000;0000;9920;000000;0000;0000;000000;0000;8302;000000;6055;0013;000000;6250;0001;000000;6024;0011;000000;0000;0060;000000;0000;0009;000000;8593;0017;000000;0000;0800;000000;0000;6352;000000;0000;0007;000000;6252;0000;110220;0011;0000;000000;0000;5855;221108;0000;8811;000000;5207;0000;000000;0000;04;902224466;G013265A@BBVA.COM                       ;000000000                                                                                                    
0182;0001;3271;10;0001;140660001;VILLA DEL RIO                       ;VILLA DEL RIO       ;ALTA, 20                            ;14640;                              ;                              ;0000;957176366;000000000;000000000;00000000;000002;           ;00;0000;251100;000000;0000;0000;0000;0000;0000;0000;0000;0000;00;2021-08-04;010100;1;0000;0;0;0;0;0;0;0;0;0;0101;1;0;1;1;0003;0;0;311010;1;1010;0;1;009000;09;0;0;0148;2527;0182;6252;0000;0000;0182;0027;0039;0085;0000;0000;2100;000;8945;000000;0000;9821;000000;0000;0000;000000;0000;0072;000000;6055;0013;000000;6250;0001;000000;6024;0011;000000;0000;0060;000000;0000;0001;000000;8596;0014;000000;0000;0479;000000;0000;6352;000000;0000;0012;000000;6252;0000;110220;0011;0000;000000;0000;0000;000000;0000;8817;000000;8827;0000;000000;0000;06;902224466;G013271A@BBVA.COM                       ;000000000                                                                                                    
0182;0001;3272;10;0001;210600002;PUNTA UMBRIA                        ;PUNTA UMBRIA        ;AV. ANDALUCIA, S/N                  ;21100;PUNTA UMBRIA                  ;                              ;0000;959311426;959315080;000000000;00000000;000000;           ;00;0000;071000;000000;0000;0000;0000;0000;0000;0000;0000;0000;00;2021-08-04;010100;1;0000;0;0;0;0;0;0;0;0;0;0101;1;0;1;1;0003;0;0;311010;1;1010;0;1;001000;01;0;0;0456;2527;0182;6252;0000;0000;0182;0027;0039;0085;0000;0000;3100;000;8959;000000;0000;9826;000000;0000;0000;000000;0000;0072;000000;6055;0013;000000;6250;0001;000000;6024;0011;000000;0000;0060;000000;0000;0001;000000;8596;0021;000000;0000;0479;000000;0000;6352;000000;0000;0012;000000;6252;0000;110220;0011;0000;000000;0000;0000;010708;0000;8817;000000;8827;0000;000000;0000;06;902224466;G013272A@BBVA.COM                       ;000000000                                                                                                    
0182;0001;3281;10;0001;380230004;LA CUESTA-LA LAGUNA                 ;LA CUESTA-LA LAGUNA ;CTRA. GENERAL TACO - LA CUESTA, 17  ;38320;                              ;                              ;0000;922640511;922651285;000000000;00000000;000000;00000000000;00;0000;010175;000000;0000;0000;0000;0000;0000;0000;0000;0000;00;2020-02-11;171181;1;0000;0;0;0;0;0;0;0;0;0;0101;1;0;1;1;0003;0;0;310010;1;0010;0;1;008000;08;0;0;0774;2536;0182;6252;0000;0000;0182;0027;0039;0045;0000;0000;0770;   ;8869;000000;0000;9814;000000;0000;0000;000000;0000;0063;000000;6055;0013;000000;6250;0001;000000;6024;0011;000000;0000;0060;000000;0000;0005;000000;8597;0038;000000;0000;1989;000000;0000;6352;000000;0000;0011;000000;6252;0000;110220;0011;0000;000000;0000;0000;000000;0000;8812;000000;8822;0000;000000;0000;04;902224466;g013281a@bbva.com                       ;000000000                                                                                                    
0182;0001;3282;10;0001;380230020;TEJINA-LA LAGUNA                    ;TEJINA-LA LAGUNA    ;ARRIBA, 25                          ;38260;                              ;                              ;0000;922545753;922545851;000000000;00000000;000000;00000000000;00;0000;010175;000000;0000;0000;0000;0000;0000;0000;0000;0000;00;2020-02-11;171181;1;0000;0;0;0;0;0;0;0;0;0;1101;1;0;1;1;0003;0;0;310010;1;0010;0;1;008000;08;0;0;0772;2536;0182;6252;0000;0000;0182;0027;0039;0045;0000;0000;0770;   ;8870;000000;0000;9814;000000;0000;0000;000000;0000;0063;000000;6055;0013;000000;6250;0001;000000;6024;0011;000000;0000;0060;000000;0000;0005;000000;8597;0038;000000;0000;1989;000000;0000;6352;000000;0000;0011;000000;6252;0000;110220;0011;0000;000000;0000;0000;000000;0000;8812;000000;8822;0000;000000;0000;05;902224466;g013282a@bbva.com                       ;000000000                                                                                                    
0182;0001;3289;10;0014;080730003;CORNELLA SANT ILDEFONS-OTP          ;CORNELLA SANT IL-OTP;AVDA. DE SANT ILDEFONS, 20          ;08940;                              ;                              ;0000;933760397;000000000;933762604;00000000;000000;           ;00;0000;010716;221121;0182;9726;0000;0000;0182;9726;0000;0000;00;2021-11-23;000000;0;9726;0;0;0;0;0;0;0;0;0;1101;1;0;1;1;0000;0;0;010090;1;0090;0;9;001770;01;7;7;0000;2542;0182;6252;0000;0000;0182;0027;0039;0035;0000;0000;1797;   ;9660;000000;0000;8963;000000;0000;0000;000000;0000;8302;000000;6055;0013;000000;6250;0001;000000;6024;0011;000000;0000;0060;000000;0000;0009;000000;8593;0008;000000;0000;0800;000000;0000;6352;000000;0000;0007;000000;6252;0000;170118;0011;0000;000000;0000;5855;000000;0000;8811;000000;8821;0000;000000;0000;08;000000000;                                        ;000000000                                                                                                    
0182;0001;3328;10;0049;000000000;BOAVISTA                            ;BOAVISTA            ;P. M. DE ALBUQUERQUE, 41 - PORTO    ;04100;                              ;                              ;0000;910000000;000000000;000000000;00000000;000000;           ;00;0000;300908;000000;0000;0000;0000;0000;0000;0000;0000;0000;00;2021-06-07;300918;1;0000;0;0;0;0;0;0;0;0;0;0100;1;0;0;3;0000;0;0;000010;0;0010;0;1;000000;00;0;0;0000;0000;0000;0000;0000;0000;0000;0000;0000;0000;0000;0000;0000;   ;0000;000000;0000;0000;000000;0000;4501;000000;0000;3290;000000;3082;3080;000000;0000;0001;000000;0000;0010;000000;0000;0000;000000;0000;0000;000000;8360;0000;000000;0000;0000;000000;0000;0000;000000;0000;0000;000000;0000;0000;000000;0000;0000;000000;0000;0000;000000;0000;0000;000000;0000;0000;000000;0000;00;000000000;                                        ;000000000                                                                                                    
0182;0001;3341;10;0001;180560001;CULLAR                              ;CULLAR              ;PL. GREGORIO SALVADOR, 18           ;18850;                              ;                              ;0000;958732715;000000000;000000000;00000000;000006;           ;00;0000;111100;000000;0000;0000;0000;0000;0000;0000;0000;0000;00;2023-03-02;010100;1;0000;0;0;0;0;0;0;0;0;0;0101;1;0;1;1;0003;0;0;311010;1;1010;0;1;009000;09;0;0;0455;2527;0182;6252;0000;0000;0182;0027;0039;0085;0000;0000;2900;000;8943;000000;0000;9821;000000;0000;0000;000000;0000;0072;000000;6055;0013;000000;6250;0001;000000;6024;0011;000000;0000;0060;000000;0000;0001;000000;8596;0018;000000;0000;0479;000000;0000;6352;000000;0000;0012;000000;6252;0000;020323;0011;0000;000000;0000;0000;000000;0000;8817;000000;8827;0000;000000;0000;06;902224466;G013341A@BBVA.COM                       ;000000000                                                                                                    
0182;0001;3347;10;0001;080050001;L'AMETLLA DEL VALLES                ;L'AMETLLA DEL VALLES;TORREGASSA, 4                       ;08480;                              ;                              ;0000;938432726;000000000;000000000;00000000;000000;00000000000;00;0000;090600;000000;0000;0000;0000;0000;0000;0000;0000;0000;00;2023-02-01;040597;1;0000;0;0;0;0;0;0;0;0;0;0101;1;0;1;1;0003;0;0;310010;1;0010;0;1;007008;07;0;0;8759;2542;0182;6252;0000;0000;0182;0027;0039;0035;0000;0000;1797;   ;5275;000000;0000;5299;000000;0000;0000;000000;0000;8302;000000;6055;0013;000000;6250;0001;000000;6024;0011;000000;0000;0060;000000;0000;0009;000000;8593;0008;000000;0000;0800;000000;0000;6352;000000;0000;0007;000000;6252;0000;010223;0011;0000;000000;0000;5855;000000;0000;8811;000000;5207;0000;000000;0000;04;902224466;G013347A@BBVA.COM                       ;000000000                                                                                                    
0182;0001;3350;10;0001;230240001;LA CAROLINA                         ;LA CAROLINA         ;MADRID, 1                           ;23200;                              ;                              ;0000;953662288;953662286;000000000;00000000;000000;           ;00;0000;251100;000000;0000;0000;0000;0000;0000;0000;0000;0000;00;2021-08-04;010100;1;0000;0;0;0;0;0;0;0;0;0;0101;1;0;1;1;0003;0;0;311010;1;1010;0;1;001003;01;0;0;3348;2527;0182;6252;0000;0000;0182;0027;0039;0085;0000;0000;6836;000;8946;000000;0000;9821;000000;0000;0000;000000;0000;0072;000000;6055;0013;000000;6250;0001;000000;6024;0011;000000;0000;0060;000000;0000;0001;000000;8596;0023;000000;0000;0479;000000;0000;6352;000000;0000;0012;000000;6252;0000;110220;0011;0000;000000;0000;0000;000000;0000;8817;000000;8827;0000;000000;0000;05;902224466;G013350A@BBVA.COM                       ;000000000                                                                                                    
0182;0001;3353;10;0001;230020001;ALCALA LA REAL                      ;ALCALA LA REAL      ;MIGUEL DE CERVANTES, 2              ;23680;                              ;                              ;0000;953584959;000000000;000000000;00000000;000000;           ;00;0000;071000;000000;0000;0000;0000;0000;0000;0000;0000;0000;00;2021-08-05;010100;1;0000;0;0;0;0;0;0;0;0;0;0101;1;0;1;1;0003;0;0;311010;1;1010;0;1;007003;07;0;0;3560;2527;0182;6252;0000;0000;0182;0027;0039;0085;0000;0000;6836;000;8933;000000;0000;9817;000000;0000;0000;000000;0000;0072;000000;6055;0013;000000;6250;0001;000000;6024;0011;000000;0000;0060;000000;0000;0001;000000;8596;0023;000000;0000;0479;000000;0000;6352;000000;0000;0012;000000;6252;0000;050821;0011;0000;000000;0000;0000;000000;0000;8817;000000;8827;0000;000000;0000;04;902224466;G013353A@BBVA.COM                       ;000000000                                                                                                    
0182;0001;3354;10;0001;230590001;MARMOLEJO                           ;MARMOLEJO           ;PL. DE AMPARO, 7                    ;23770;                              ;                              ;0000;953540082;953540216;000000000;00000000;000000;           ;00;0000;270101;000000;0000;0000;0000;0000;0000;0000;0000;0000;00;2023-03-02;010100;1;0000;0;0;0;0;0;0;0;0;0;0101;1;0;1;1;0003;0;0;311010;1;1010;0;1;009000;09;0;0;0148;2527;0182;6252;0000;0000;0182;0027;0039;0085;0000;0000;6836;000;8945;000000;0000;9821;000000;0000;0000;000000;0000;0072;000000;6055;0013;000000;6250;0001;000000;6024;0011;000000;0000;0060;000000;0000;0001;000000;8596;0023;000000;0000;0479;000000;0000;6352;000000;0000;0012;000000;6252;0000;020323;0011;0000;000000;0000;0000;000000;0000;8817;000000;8827;0000;000000;0000;06;902224466;G013354A@BBVA.COM                       ;000000000                                                                                                    
0182;0001;3355;10;0001;230100001;BAILEN                              ;BAILEN              ;SEBASTIAN ELCANO, 12                ;23710;                              ;                              ;0000;953675291;953675292;000000000;00000000;000000;           ;00;0000;071000;000000;0000;0000;0000;0000;0000;0000;0000;0000;00;2021-08-05;010100;1;0000;0;0;0;0;0;0;0;0;0;0101;1;0;1;1;0003;0;0;311010;1;1010;0;1;009000;09;0;0;0148;2527;0182;6252;0000;0000;0182;0027;0039;0085;0000;0000;6836;000;8945;000000;0000;9821;000000;0000;0000;000000;0000;0072;000000;6055;0013;000000;6250;0001;000000;6024;0011;000000;0000;0060;000000;0000;0001;000000;8596;0023;000000;0000;0479;000000;0000;6352;000000;0000;0012;000000;6252;0000;050821;0011;0000;000000;0000;0000;000000;0000;8817;000000;8827;0000;000000;0000;04;902224466;G013355A@BBVA.COM                       ;000000000                                                                                                    
0182;0001;3356;10;0001;230580001;MANCHA REAL                         ;MANCHA REAL         ;MAESTRA, 134                        ;23100;                              ;                              ;0000;953354466;000000000;000000000;00000000;000000;           ;00;0000;211000;000000;0000;0000;0000;0000;0000;0000;0000;0000;00;2021-08-04;010100;1;0000;0;0;0;0;0;0;0;0;0;0101;1;0;1;1;0003;0;0;311010;1;1010;0;1;008006;08;0;0;6836;2527;0182;6252;0000;0000;0182;0027;0039;0085;0000;0000;6836;000;8949;000000;0000;9821;000000;0000;0000;000000;0000;0072;000000;6055;0013;000000;6250;0001;000000;6024;0011;000000;0000;0060;000000;0000;0001;000000;8596;0023;000000;0000;0479;000000;0000;6352;000000;0000;0012;000000;6252;0000;110220;0011;0000;000000;0000;0000;000000;0000;8817;000000;8827;0000;000000;0000;05;902224466;G013356A@BBVA.COM                       ;000000000                                                                                                    
0182;0001;3419;10;0001;082630001;SANT VICENC DELS HORTS              ;SANT VICENC DELS HOR;MN. JACINT VERDAGUER, 30-32         ;08620;                              ;                              ;0000;936768663;000000000;000000000;00000000;000000;           ;00;0000;010716;000000;0000;0000;0000;0000;0000;0000;0000;0000;00;2021-08-02;290616;1;0000;0;0;0;0;0;0;0;0;0;1101;1;0;1;1;0003;0;0;310010;1;0010;0;1;008118;08;1;1;8196;2542;0182;6252;0000;0000;0182;0027;0039;0035;0000;0000;1797;   ;9577;000000;0000;9910;000000;0000;0000;000000;0000;8302;000000;6055;0013;000000;6250;0001;000000;6024;0011;000000;0000;0060;000000;0000;0009;000000;8593;0008;000000;0000;0800;000000;0000;6352;000000;0000;0007;000000;6252;0000;110220;0011;0000;000000;0000;5855;000000;0000;8811;000000;8821;0000;000000;0000;03;000000000;G013419A@BBVA.COM                       ;000000000                                                                                                    
0182;0001;3446;10;0001;250030001;AGRAMUNT                            ;AGRAMUNT            ;AVINGUDA AGUSTI ROS, 2              ;25310;                              ;                              ;0000;973390740;000000000;000000000;00000000;000000;00000000000;00;0000;090600;000000;0000;0000;0000;0000;0000;0000;0000;0000;00;2020-02-11;060497;1;0000;0;0;0;0;0;0;0;0;0;0101;1;0;1;1;0003;0;0;310010;1;0010;0;1;008000;08;0;0;0846;2542;0182;6252;0000;0000;0182;0027;0039;0035;0000;0000;0249;   ;5177;000000;0000;9916;000000;0000;0000;000000;0000;8302;000000;6055;0013;000000;6250;0001;000000;6024;0011;000000;0000;0060;000000;0000;0009;000000;8593;0025;000000;0000;0800;000000;0000;6352;000000;0000;0007;000000;6252;0000;110220;0011;0000;000000;0000;5855;000000;0000;8811;000000;5207;0000;000000;0000;05;902224466;G013446A@BBVA.COM                       ;000000000                                                                                                    
0182;0001;3506;10;0001;081380001;MOIA                                ;MOIA                ;AV. DE LA VILA, 15                  ;08180;                              ;                              ;0000;938300250;000000000;000000000;00000000;000000;00000000000;00;0000;090600;000000;0000;0000;0000;0000;0000;0000;0000;0000;00;2021-11-24;230297;1;0000;0;0;0;0;0;0;0;0;0;0101;1;0;1;1;0003;0;0;310010;1;0010;0;1;007006;07;0;0;6308;2542;0182;6252;0000;0000;0182;0027;0039;0035;0000;0000;1797;   ;5272;000000;0000;5299;000000;0000;0000;000000;0000;8302;000000;6055;0013;000000;6250;0001;000000;6024;0011;000000;0000;0060;000000;0000;0009;000000;8593;0008;000000;0000;0800;000000;0000;6352;000000;0000;0007;000000;6252;0000;110220;0011;0000;000000;0000;5855;000000;0000;8811;000000;5207;0000;000000;0000;04;902224466;G013506A@BBVA.COM                       ;000000000                                                                                                    
0182;0001;3570;10;0001;080160001;BAGA                                ;BAGA                ;RAVAL, 1                            ;08695;                              ;                              ;0000;938244039;000000000;000000000;00000000;000000;00000000000;00;0000;090600;000000;0000;0000;0000;0000;0000;0000;0000;0000;00;2023-02-01;040597;1;0000;0;0;0;0;0;0;0;0;0;0101;1;0;1;1;0003;0;0;310010;1;0010;0;1;001001;01;0;0;1373;2542;0182;6252;0000;0000;0182;0027;0039;0035;0000;0000;1797;   ;9625;000000;0000;9910;000000;0000;0000;000000;0000;8302;000000;6055;0013;000000;6250;0001;000000;6024;0011;000000;0000;0060;000000;0000;0009;000000;8593;0008;000000;0000;0800;000000;0000;6352;000000;0000;0007;000000;6252;0000;010223;0011;0000;000000;0000;5855;000000;0000;8811;000000;5207;0000;000000;0000;06;902224466;G013570A@BBVA.COM                       ;000000000                                                                                                    
0182;0001;3629;10;0006;070400012;PALMA MALLORCA-S.MIGUEL,30          ;PALMA M.-S.MIGUEL,30;PL. DE L'OLIVAR, 6 PLTA2            ;07002;                              ;                              ;0000;971179017;000000000;000000000;00000000;000000;00000000000;00;0000;191094;000000;0000;0000;0000;0000;0000;0000;0000;0000;00;2021-11-22;000000;0;0000;0;0;0;0;0;0;0;0;0;0100;1;0;0;1;0100;1;0;000090;0;0090;0;9;000100;00;1;0;0000;0000;0000;0000;0000;0000;0000;0000;0000;0000;0000;0000;4900;   ;0000;000000;0000;0000;000000;0000;0000;000000;0000;0000;000000;0000;2228;000000;3078;0001;000000;0000;0011;000000;0000;0060;000000;0000;0004;000000;0000;0007;000000;0000;0000;000000;0000;0000;000000;0000;0007;000000;0000;0000;000000;0000;0000;000000;0000;0000;000000;0000;0000;000000;0000;0000;000000;0000;00;000000000;                                        ;000000000                                                                                                    
0182;0001;3882;10;0001;082780005;TARADELL                            ;TARADELL            ;DOMENEC SERT, 55                    ;08552;                              ;                              ;0000;938800830;000000000;000000000;00000000;000000;00000000000;00;0000;090600;000000;0000;0000;0000;0000;0000;0000;0000;0000;00;2023-02-23;090397;1;0000;0;0;0;0;0;0;0;0;0;0101;1;0;1;1;0003;0;0;310010;1;0010;0;1;001003;01;0;0;3507;2542;0182;6252;0000;0000;0182;0027;0039;0035;0000;0000;1797;   ;9627;000000;0000;5299;000000;0000;0000;000000;0000;8302;000000;6055;0013;000000;6250;0001;000000;6024;0011;000000;0000;0060;000000;0000;0009;000000;8593;0008;000000;0000;0800;000000;0000;6352;000000;0000;0007;000000;6252;0000;110220;0011;0000;000000;0000;5855;000000;0000;8811;000000;5207;0000;000000;0000;04;902224466;G013882A@BBVA.COM                       ;000000000                                                                                                    
0182;0001;3975;10;0049;000000000;M&A                                 ;M&A                 ;AV. LIBERDADE, 222 - LISBOA         ;01200;                              ;                              ;0000;910000000;000000000;000000000;00000000;000000;           ;00;0000;070119;000000;0000;0000;0000;0000;0000;0000;0000;0000;00;2021-06-07;011218;1;0000;0;0;0;0;0;0;0;0;0;0100;1;0;0;3;0000;0;0;000010;0;0010;0;1;000100;00;1;0;0000;0000;0000;0000;0000;0000;0000;0000;0000;0000;0000;0000;0000;   ;0000;000000;0000;0000;000000;0000;4501;000000;0000;0000;000000;3966;3080;000000;0000;0001;000000;0000;0010;000000;0000;0000;000000;0000;0000;000000;8388;0000;000000;0000;0000;000000;0000;0000;000000;0000;0001;000000;0000;0000;000000;0000;0000;000000;0000;0000;000000;0000;0000;000000;0000;0000;000000;0000;00;000000000;                                        ;000000000                                                                                                    
0182;0001;3980;10;0049;000000000;DEBT CAPITAL MARKETS                ;DEBT CAPITAL MARKETS;AV. LIBERDADE, 222 - LISBOA         ;01200;                              ;                              ;0000;910000000;000000000;000000000;00000000;000000;           ;00;0000;070119;000000;0000;0000;0000;0000;0000;0000;0000;0000;00;2021-06-07;011218;1;0000;0;0;0;0;0;0;0;0;0;0100;1;0;0;3;0000;0;0;000010;0;0010;0;1;000100;00;1;0;0000;0000;0000;0000;0000;0000;0000;0000;0000;0000;0000;0000;0000;   ;0000;000000;0000;0000;000000;0000;4501;000000;0000;0000;000000;3966;3080;000000;0000;0001;000000;0000;0010;000000;0000;0000;000000;0000;0000;000000;8388;0000;000000;0000;0000;000000;0000;0000;000000;0000;0001;000000;0000;0000;000000;0000;0000;000000;0000;0000;000000;0000;0000;000000;0000;0000;000000;0000;00;000000000;                                        ;000000000                                                                                                    
0182;0001;3981;10;0049;000000000;OPERATIONS PORTUGAL                 ;OPERATIONS PORTUGAL ;AV. LIBERDADE, 222 - LISBOA         ;01200;                              ;                              ;0000;910000000;000000000;000000000;00000000;000000;           ;00;0000;070119;000000;0000;0000;0000;0000;0000;0000;0000;0000;00;2021-06-07;011218;1;0000;0;0;0;0;0;0;0;0;0;0100;1;0;0;3;0000;0;0;000010;0;0010;0;1;000100;00;1;0;0000;0000;0000;0000;0000;0000;0000;0000;0000;0000;0000;0000;0000;   ;0000;000000;0000;0000;000000;0000;4501;000000;0000;0000;000000;3966;3080;000000;0000;0001;000000;0000;0010;000000;0000;0000;000000;0000;0000;000000;8388;0000;000000;0000;0000;000000;0000;0000;000000;0000;0001;000000;0000;0000;000000;0000;0000;000000;0000;0000;000000;0000;0000;000000;0000;0000;000000;0000;00;000000000;                                        ;000000000                                                                                                    
0182;0001;3983;40;0000;000000000;R CENTRO CF                         ;R CENTRO CF         ;S.D.                                ;00000;                              ;                              ;0000;999999999;000000000;000000000;00000000;000000;           ;00;0000;291111;000000;0000;0000;0000;0000;0000;0000;0000;0000;00;2018-03-23;000000;0;0060;0;0;0;0;0;0;0;0;0;0100;1;0;0;0;0000;0;0;000090;0;0090;0;9;000000;00;0;0;0000;0000;0000;0000;0000;0000;0000;0000;0000;0000;0000;0000;0000;   ;0000;000000;0000;0000;000000;0000;3983;000000;0000;0000;000000;5219;6057;000000;6250;0001;000000;6024;0011;000000;0000;0060;000000;0000;0000;000000;0000;0000;000000;0000;0000;000000;0000;0000;000000;0000;0000;000000;0000;0000;000000;0000;0000;000000;0000;0000;000000;0000;0000;000000;0000;0000;000000;0000;00;000000000;                                        ;000000000                                                                                                    
0182;0001;3984;40;0000;000000000;R NORTE CF                          ;R NORTE CF          ;S.D.                                ;00000;                              ;                              ;0000;999999999;000000000;000000000;00000000;000000;           ;00;0000;291111;000000;0000;0000;0000;0000;0000;0000;0000;0000;00;2018-03-23;000000;0;0060;0;0;0;0;0;0;0;0;0;0100;1;0;0;0;0000;0;0;000090;0;0090;0;9;000000;00;0;0;0000;0000;0000;0000;0000;0000;0000;0000;0000;0000;0000;0000;0000;   ;0000;000000;0000;0000;000000;0000;3984;000000;0000;0000;000000;5219;6057;000000;6250;0001;000000;6024;0011;000000;0000;0060;000000;0000;0000;000000;0000;0000;000000;0000;0000;000000;0000;0000;000000;0000;0000;000000;0000;0000;000000;0000;0000;000000;0000;0000;000000;0000;0000;000000;0000;0000;000000;0000;00;000000000;                                        ;000000000                                                                                                    
0182;0001;3986;40;0000;000000000;R ESTE CF                           ;R ESTE CF           ;S.D.                                ;00000;                              ;                              ;0000;099999999;000000000;000000000;00000000;000000;           ;00;0000;291111;000000;0000;0000;0000;0000;0000;0000;0000;0000;00;2018-03-23;000000;0;0060;0;0;0;0;0;0;0;0;0;0100;1;0;0;0;0000;0;0;000090;0;0090;0;9;000000;00;0;0;0000;0000;0000;0000;0000;0000;0000;0000;0000;0000;0000;0000;0000;   ;0000;000000;0000;0000;000000;0000;3986;000000;0000;0000;000000;5219;6057;000000;6250;0001;000000;6024;0011;000000;0000;0060;000000;0000;0000;000000;0000;0000;000000;0000;0000;000000;0000;0000;000000;0000;0000;000000;0000;0000;000000;0000;0000;000000;0000;0000;000000;0000;0000;000000;0000;0000;000000;0000;00;000000000;                                        ;000000000                                                                                                    
0182;0001;3987;40;0000;000000000;R SUR CF                            ;R SUR CF            ;S.D.                                ;00000;                              ;                              ;0000;999999999;000000000;000000000;00000000;000000;           ;00;0000;291111;000000;0000;0000;0000;0000;0000;0000;0000;0000;00;2018-03-23;000000;0;0060;0;0;0;0;0;0;0;0;0;0100;1;0;0;0;0000;0;0;000090;0;0090;0;9;000000;00;0;0;0000;0000;0000;0000;0000;0000;0000;0000;0000;0000;0000;0000;0000;   ;0000;000000;0000;0000;000000;0000;3987;000000;0000;0000;000000;5219;6057;000000;6250;0001;000000;6024;0011;000000;0000;0060;000000;0000;0000;000000;0000;0000;000000;0000;0000;000000;0000;0000;000000;0000;0000;000000;0000;0000;000000;0000;0000;000000;0000;0000;000000;0000;0000;000000;0000;0000;000000;0000;00;000000000;                                        ;000000000                                                                                                    
0182;0001;3988;40;0000;000000000;R RESTO CF                          ;R RESTO CF          ;S.D.                                ;00000;                              ;                              ;0000;999999999;000000000;000000000;00000000;000000;           ;00;0000;291111;000000;0000;0000;0000;0000;0000;0000;0000;0000;00;2018-03-23;000000;0;0060;0;0;0;0;0;0;0;0;0;0100;1;0;0;0;0000;0;0;000090;0;0090;0;9;000000;00;0;0;0000;0000;0000;0000;0000;0000;0000;0000;0000;0000;0000;0000;0000;   ;0000;000000;0000;0000;000000;0000;3988;000000;0000;0000;000000;5219;6057;000000;6250;0001;000000;6024;0011;000000;0000;0060;000000;0000;0000;000000;0000;0000;000000;0000;0000;000000;0000;0000;000000;0000;0000;000000;0000;0000;000000;0000;0000;000000;0000;0000;000000;0000;0000;000000;0000;0000;000000;0000;00;000000000;                                        ;000000000                                                                                                    
0182;0001;3996;10;0049;000000000;COMPLEMENTO CIB                     ;COMPLEMENTO CIB     ;AV. LIBERDADE, 222 - LISBOA         ;01200;                              ;                              ;0000;910000000;000000000;000000000;00000000;000000;           ;00;0000;070119;000000;0000;0000;0000;0000;0000;0000;0000;0000;00;2021-06-07;011218;1;0000;0;0;0;0;0;0;0;0;0;0100;1;0;0;3;0000;0;0;000010;0;0010;0;1;000100;00;1;0;0000;0000;0000;0000;0000;0000;0000;0000;0000;0000;0000;0000;0000;   ;0000;000000;0000;0000;000000;0000;4501;000000;0000;0000;000000;3966;3080;000000;0000;0001;000000;0000;0010;000000;0000;0000;000000;0000;0000;000000;8388;0000;000000;0000;0000;000000;0000;0000;000000;0000;0001;000000;0000;0000;000000;0000;0000;000000;0000;0000;000000;0000;0000;000000;0000;0000;000000;0000;00;000000000;                                        ;000000000                                                                                                    
0182;0001;4014;10;0001;280790001;MADRID-O'DONNELL                    ;MADRID-O'DONNELL    ;O'DONNELL, 18-20                    ;28009;                              ;                              ;0000;915758393;000000000;000000000;00000000;000000;00000000000;00;0000;010175;231125;0182;0901;0000;0000;0182;0901;0000;0000;00;2025-11-21;140482;1;0000;0;0;0;0;0;0;0;0;0;1101;1;0;1;1;0003;0;0;310090;1;0090;0;9;040712;40;7;1;2458;2528;0182;6252;0000;0000;0182;0027;0039;0014;0000;0000;4000;   ;8807;000000;0000;9812;000000;0000;0000;000000;0000;0051;000000;6055;0013;000000;6250;0001;000000;6024;0011;000000;0000;0060;000000;0000;0012;000000;8594;0028;000000;0000;0985;000000;0000;6352;000000;0000;0006;000000;6252;0000;110220;0011;0000;000000;0000;5856;000000;0000;8813;000000;8823;0000;000000;0000;04;902224466;G014014A@BBVA.COM                       ;000000000                                                                                                    
0182;0001;4091;10;0001;081180001;EL MASNOU                           ;EL MASNOU           ;PASSEIG ROMAN FABRA, 11             ;08320;                              ;                              ;0000;935403853;000000000;000000000;00000000;000000;           ;00;0000;010716;000000;0000;0000;0000;0000;0000;0000;0000;0000;00;2020-02-11;290616;1;0000;0;0;0;0;0;0;0;0;0;1101;1;0;1;1;0003;0;0;310010;1;0010;0;1;007110;07;1;1;0257;2542;0182;6252;0000;0000;0182;0027;0039;0035;0000;0000;1797;   ;9638;000000;0000;8962;000000;0000;0000;000000;0000;8302;000000;6055;0013;000000;6250;0001;000000;6024;0011;000000;0000;0060;000000;0000;0009;000000;8593;0008;000000;0000;0800;000000;0000;6352;000000;0000;0007;000000;6252;0000;110220;0011;0000;000000;0000;5855;000000;0000;8811;000000;8821;0000;000000;0000;04;000000000;G014091A@BBVA.COM                       ;000000000                                                                                                    
0182;0001;4103;10;0001;299010001;TORREMOLINOS-MONTEMAR               ;TORREMOLINOS        ;AV. DE CARLOTA ALEXANDRE, 204       ;29620;                              ;                              ;0000;952378770;952378475;000000000;00000000;000000;00000000000;00;0000;010175;000000;0000;0000;0000;0000;0000;0000;0000;0000;00;2020-02-11;030382;1;0000;0;0;0;0;0;0;0;0;0;1101;1;0;1;1;0003;0;0;310010;1;0010;0;1;007000;07;0;0;0481;2527;0182;6252;0000;0000;0182;0027;0039;0085;0000;0000;4100;   ;8918;000000;0000;9817;000000;0000;0000;000000;0000;0072;000000;6055;0013;000000;6250;0001;000000;6024;0011;000000;0000;0060;000000;0000;0001;000000;8596;0029;000000;0000;0479;000000;0000;6352;000000;0000;0012;000000;6252;0000;110220;0011;0000;000000;0000;0000;000000;0000;8817;000000;8827;0000;000000;0000;03;902224466;G014103A@BBVA.COM                       ;000000000                                                                                                    
0182;0001;4136;10;0001;290690013;SAN PEDRO ALCANTARA                 ;S.PEDRO ALCANTARA   ;LAGASCA ESQ.ALVAREZ QUINTERO        ;29670;                              ;                              ;0000;952799877;952799720;000000000;00000000;000000;00000000000;00;0000;010175;000000;0000;0000;0000;0000;0000;0000;0000;0000;00;2020-02-11;020184;1;0000;0;0;0;0;0;0;0;0;0;1101;1;0;1;1;0003;0;0;310010;1;0010;0;1;007004;07;0;0;4135;2527;0182;6252;0000;0000;0182;0027;0039;0085;0000;0000;4100;   ;8913;000000;0000;9817;000000;0000;0000;000000;0000;0072;000000;6055;0013;000000;6250;0001;000000;6024;0011;000000;0000;0060;000000;0000;0001;000000;8596;0029;000000;0000;0479;000000;0000;6352;000000;0000;0012;000000;6252;0000;110220;0011;0000;000000;0000;0000;000000;0000;8817;000000;8827;0000;000000;0000;03;902224466;G014136A@BBVA.COM                       ;000000000                                                                                                    
0182;0001;4145;10;0013;350160024;COMPLEMENTO D.T. CANARIAS           ;COMP. D.T.CANARIAS  ;ALBAREDA, 6                         ;35008;                              ;                              ;0000;928451591;928451592;928451670;00000000;000000;           ;00;0000;151003;000000;0000;0000;0000;0000;0000;0000;0000;0000;00;2009-12-03;221003;1;0000;0;0;0;0;0;0;0;0;0;0102;1;0;2;2;0000;0;0;000010;0;0010;0;1;000000;00;0;0;0000;0000;0000;0000;0000;0000;0182;0027;0039;0050;0000;0000;4951;   ;0000;000000;0000;2569;000000;0000;0000;000000;0000;0063;000000;6055;0013;000000;6250;0001;000000;6024;0011;000000;0000;0060;000000;0000;0005;000000;8597;0035;000000;0000;1989;000000;0000;6352;000000;0000;0000;000000;0000;0000;000000;0000;0000;000000;0000;0000;000000;0000;0000;000000;0000;0000;000000;0000;00;000000000;                                        ;000000000                                                                                                    
0182;0001;4235;10;0001;070400012;PALMA AG. SON RAPINYA               ;PALMA AG.SON RAPINYA;CAMI VEINAL SON RAPINYA, 37         ;07013;                              ;                              ;0000;971798125;971798193;000000000;00000000;000000;00000000000;00;0000;090600;000000;0000;0000;0000;0000;0000;0000;0000;0000;00;2021-11-24;200497;1;0000;0;0;0;0;0;0;0;0;0;0101;1;0;1;1;0003;0;0;310010;1;0010;0;1;040114;40;1;1;4900;2534;0182;6252;0000;0000;0182;0027;0039;0075;0000;0000;4900;   ;9477;000000;0000;9883;000000;0000;0000;000000;0000;1964;000000;6055;0013;000000;6250;0001;000000;6024;0011;000000;0000;0060;000000;0000;0004;000000;8595;0007;000000;0000;0595;000000;0000;6352;000000;0000;0007;000000;6252;0000;110220;0011;0000;000000;0000;5859;000000;0000;8814;000000;8824;0000;000000;0000;07;902224466;G014235A@BBVA.COM                       ;000000000                                                                                                    
0182;0001;4239;10;0001;082150001;SANT HIPOLIT VOLTREGA               ;S.HIPOLIT VOLTREGA  ;PARES, 31                           ;08512;                              ;                              ;0000;938502651;000000000;000000000;00000000;000000;00000000000;00;0000;090600;000000;0000;0000;0000;0000;0000;0000;0000;0000;00;2021-11-24;180597;1;0000;0;0;0;0;0;0;0;0;0;0101;1;0;1;1;0003;0;0;310010;1;0010;0;1;001009;01;0;0;9784;2542;0182;6252;0000;0000;0182;0027;0039;0035;0000;0000;1797;   ;5288;000000;0000;5299;000000;0000;0000;000000;0000;8302;000000;6055;0013;000000;6250;0001;000000;6024;0011;000000;0000;0060;000000;0000;0009;000000;8593;0008;000000;0000;0800;000000;0000;6352;000000;0000;0007;000000;6252;0000;110220;0011;0000;000000;0000;5855;000000;0000;8811;000000;5207;0000;000000;0000;05;902224466;G014239A@BBVA.COM                       ;000000000                                                                                                    
0182;0001;4245;10;0001;070400012;PALMA AG. SON CASTELLO              ;PALMA AG.SON CASTELL;GRAN VIA ASIMA, 4                   ;07009;                              ;                              ;0000;971436057;971436295;000000000;00000000;000000;00000000000;00;0000;090600;000000;0000;0000;0000;0000;0000;0000;0000;0000;00;2021-11-23;200497;1;0000;0;0;0;0;0;0;0;0;0;0101;1;0;1;1;0003;0;0;310010;1;0010;0;1;007111;07;1;1;1783;2534;0182;6252;0000;0000;0182;0027;0039;0075;0000;0000;4900;   ;9480;000000;0000;9883;000000;0000;0000;000000;0000;1964;000000;6055;0013;000000;6250;0001;000000;6024;0011;000000;0000;0060;000000;0000;0004;000000;8595;0007;000000;0000;0595;000000;0000;6352;000000;0000;0007;000000;6252;0000;231121;0011;0000;000000;0000;5859;000000;0000;8814;000000;8824;0000;000000;0000;04;902224466;G014245A@BBVA.COM                       ;000000000                                                                                                    
0182;0001;4263;10;0001;070400012;PALMA AG. COMTE. SALLENT            ;PALMA AG.COMTE.SALLE;AVGDA. COMTE. SALLENT, 18           ;07003;                              ;                              ;0000;971763078;971763186;000000000;00068743;000179;00000000000;00;0000;090600;000000;0000;0000;0000;0000;0000;0000;0000;0000;00;2021-11-24;200497;1;0000;0;0;0;0;0;0;0;0;0;0101;1;0;1;1;0003;0;0;310010;1;0010;0;1;040114;40;1;1;4900;2534;0182;6252;0000;0000;0182;0027;0039;0075;0000;0000;4900;   ;9477;000000;0000;9883;000000;0000;0000;000000;0000;1964;000000;6055;0013;000000;6250;0001;000000;6024;0011;000000;0000;0060;000000;0000;0004;000000;8595;0007;000000;0000;0595;000000;0000;6352;000000;0000;0007;000000;6252;0000;110220;0011;0000;000000;0000;5859;000000;0000;8814;000000;8824;0000;000000;0000;05;902224466;G014263A@BBVA.COM                       ;000000000                                                                                                    
0182;0001;4273;10;0001;430920001;MIAMI PLATJA                        ;MIAMI-PLATJA        ;PL. TARRAGONA, 3                    ;43892;                              ;                              ;0000;977810205;000000000;000000000;00000000;000000;00000000000;00;0000;010175;000000;0000;0000;0000;0000;0000;0000;0000;0000;00;2021-11-24;111181;1;0000;0;0;0;0;0;0;0;0;0;1101;1;0;1;1;0003;0;0;310010;1;0010;0;1;001000;01;0;0;0250;2542;0182;6252;0000;0000;0182;0027;0039;0035;0000;0000;6240;   ;9675;000000;0000;9928;000000;0000;0000;000000;0000;8302;000000;6055;0013;000000;6250;0001;000000;6024;0011;000000;0000;0060;000000;0000;0009;000000;8593;0043;000000;0000;0800;000000;0000;6352;000000;0000;0007;000000;6252;0000;110220;0011;0000;000000;0000;5855;000000;0000;8811;000000;5207;0000;000000;0000;05;902224466;G014273A@BBVA.COM                       ;000000000                                                                                                    
0182;0001;4284;10;0001;290070002;ALHAURIN DE LA TORRE                ;ALHAURIN DE LA TORRE;JOVELLANOS, S/N - ESQ. SAN PABLO    ;29130;                              ;                              ;0000;952416653;952416936;000000000;00000000;000000;00000000000;00;0000;080199;000000;0000;0000;0000;0000;0000;0000;0000;0000;00;2020-02-11;080199;1;0000;0;0;0;0;0;0;0;0;0;1101;1;0;1;1;0003;0;0;310010;1;0010;0;1;008000;08;0;0;0481;2527;0182;6252;0000;0000;0182;0027;0039;0085;0000;0000;4100;   ;8918;000000;0000;9817;000000;0000;0000;000000;0000;0072;000000;6055;0013;000000;6250;0001;000000;6024;0011;000000;0000;0060;000000;0000;0001;000000;8596;0029;000000;0000;0479;000000;0000;6352;000000;0000;0012;000000;6252;0000;110220;0011;0000;000000;0000;0000;000000;0000;8817;000000;8827;0000;000000;0000;03;902224466;G014284A@BBVA.COM                       ;000000000                                                                                                    
0182;0001;4328;10;0001;191900004;MOLINA DE ARAGON                    ;MOLINA DE ARAGON    ;PS. DE LOS ADARVES, 13              ;19300;                              ;                              ;0000;949830947;949830336;000000000;00000000;000000;00000000000;00;0000;010175;000000;0000;0000;0000;0000;0000;0000;0000;0000;00;2021-11-24;070782;1;0000;0;0;0;0;0;0;0;0;0;1101;1;0;1;1;0003;0;0;310010;1;0010;0;1;009000;09;0;0;0180;2528;0182;6252;0000;0000;0182;0027;0039;0014;0000;0000;0180;   ;7774;000000;0000;9801;000000;0000;0000;000000;0000;0051;000000;6055;0013;000000;6250;0001;000000;6024;0011;000000;0000;0060;000000;0000;0008;000000;8594;0019;000000;0000;0985;000000;0000;6352;000000;0000;0013;000000;6252;0000;110220;0011;0000;000000;0000;5856;000000;0000;8813;000000;8823;0000;000000;0000;05;902224466;G014328A@BBVA.COM                       ;000000000                                                                                                    
0182;0001;4424;10;0001;030110001;L'ALFAS DEL PI-GARCIA LORCA         ;L'ALFAS-G.LORCA     ;FEDERICO GARCIA LORCA, 33           ;03580;                              ;                              ;0000;965888275;000000000;000000000;00000000;000000;           ;00;0000;251100;000000;0000;0000;0000;0000;0000;0000;0000;0000;00;2020-02-11;010100;1;0000;0;0;0;0;0;0;0;0;0;0101;1;0;1;1;0003;0;0;311010;1;1010;0;1;007001;07;0;0;1140;2534;0182;6252;0000;0000;0182;0027;0039;0065;0000;0000;0100;000;9444;000000;0000;9884;000000;0000;0000;000000;0000;1964;000000;6055;0013;000000;6250;0001;000000;6024;0011;000000;0000;0060;000000;0000;0017;000000;8595;0003;000000;0000;0595;000000;0000;6352;000000;0000;0009;000000;6252;0000;110220;0011;0000;000000;0000;5859;000000;0000;8814;000000;8824;0000;000000;0000;05;902224466;g014424a@bbva.com                       ;000000000                                                                                                    
0182;0001;4439;10;0049;000000000;DERIVADOS PORTUGAL                  ;DERIVADOS PORTUGAL  ;AV. LIBERDADE, 222 - LISBOA         ;01200;                              ;                              ;0000;910000000;000000000;000000000;00000000;000000;           ;00;0000;311218;000000;0000;0000;0000;0000;0000;0000;0000;0000;00;2021-06-07;311218;1;0000;0;0;0;0;0;0;0;0;0;0100;1;0;0;3;0000;0;0;000010;0;0010;0;1;000100;00;1;0;0000;0000;0000;0000;0000;0000;0000;0000;0000;0000;0000;0000;0000;   ;0000;000000;0000;0000;000000;0000;4501;000000;0000;0000;000000;3966;3080;000000;0000;0001;000000;0000;0010;000000;0000;0000;000000;0000;0000;000000;8388;0000;000000;0000;0000;000000;0000;0000;000000;0000;0001;000000;0000;0000;000000;0000;0000;000000;0000;0000;000000;0000;0000;000000;0000;0000;000000;0000;00;000000000;                                        ;000000000                                                                                                    
0182;0001;4449;10;0049;000000000;EDIFICIO OLAIAS                     ;EDIFICIO OLAIAS     ;AV. LIBERDADE, 222 - LISBOA         ;01200;                              ;                              ;0000;213117200;000000000;000000000;00000000;000000;           ;00;0000;230117;000000;0000;0000;0000;0000;0000;0000;0000;0000;00;2021-06-07;300918;1;0000;0;0;0;0;0;0;0;0;0;0100;1;0;0;3;0000;0;0;000000;0;0000;0;0;000000;00;0;0;0000;0000;0000;0000;0000;0000;0000;0000;0000;0000;0000;0000;0000;   ;0000;000000;0000;4155;000000;0000;4501;000000;0000;0000;000000;4132;3080;000000;0000;0001;000000;0000;0010;000000;0000;0000;000000;0000;0000;000000;8360;0000;000000;0000;0000;000000;0000;0000;000000;0000;0000;000000;0000;0000;000000;0000;0000;000000;0000;0000;000000;0000;0000;000000;0000;0000;000000;0000;00;000000000;                                        ;000000000                                                                                                    
0182;0001;4453;10;0001;030940001;LA NUCIA                            ;LA NUCIA            ;URB. ARCO ESTE, 1                   ;03530;                              ;                              ;0000;966877233;000000000;000000000;00000000;000000;           ;00;0000;251100;000000;0000;0000;0000;0000;0000;0000;0000;0000;00;2020-02-11;010100;1;0000;0;0;0;0;0;0;0;0;0;0101;1;0;1;1;0003;0;0;311010;1;1010;0;1;001001;01;0;0;1140;2534;0182;6252;0000;0000;0182;0027;0039;0065;0000;0000;0100;000;9444;000000;0000;9884;000000;0000;0000;000000;0000;1964;000000;6055;0013;000000;6250;0001;000000;6024;0011;000000;0000;0060;000000;0000;0017;000000;8595;0003;000000;0000;0595;000000;0000;6352;000000;0000;0009;000000;6252;0000;110220;0011;0000;000000;0000;5859;000000;0000;8814;000000;8824;0000;000000;0000;05;902224466;g014453a@bbva.com                       ;000000000                                                                                                    
0182;0001;4462;10;0001;030110001;L'ALFAS DEL PI-EL ALBIR             ;L'ALFAS-EL ALBIR    ;AV. D'ALBIR, 2                      ;03580;                              ;                              ;0000;966865112;000000000;000000000;00000000;000000;           ;00;0000;251100;000000;0000;0000;0000;0000;0000;0000;0000;0000;00;2020-02-11;010100;1;0000;0;0;0;0;0;0;0;0;0;0101;1;0;1;1;0003;0;0;311010;1;1010;0;1;007111;07;1;1;1140;2534;0182;6252;0000;0000;0182;0027;0039;0065;0000;0000;0100;000;9444;000000;0000;9884;000000;0000;0000;000000;0000;1964;000000;6055;0013;000000;6250;0001;000000;6024;0011;000000;0000;0060;000000;0000;0017;000000;8595;0003;000000;0000;0595;000000;0000;6352;000000;0000;0009;000000;6252;0000;110220;0011;0000;000000;0000;5859;000000;0000;8814;000000;8824;0000;000000;0000;05;902224466;g014462a@bbva.com                       ;000000000                                                                                                    
0182;0001;4465;10;0001;030820002;JAVEA-EL ARENAL                     ;JAVEA-EL ARENAL     ;AV. LIBERTAD, 9 - LOCAL 1           ;03730;                              ;                              ;0000;965793011;000000000;000000000;00000000;000000;           ;00;0000;251100;000000;0000;0000;0000;0000;0000;0000;0000;0000;00;2020-02-11;010100;1;0000;0;0;0;0;0;0;0;0;0;0101;1;0;1;1;0003;0;0;311010;1;1010;0;1;008110;08;1;1;0116;2534;0182;6252;0000;0000;0182;0027;0039;0065;0000;0000;0100;000;9440;000000;0000;9884;000000;0000;0000;000000;0000;1964;000000;6055;0013;000000;6250;0001;000000;6024;0011;000000;0000;0060;000000;0000;0017;000000;8595;0003;000000;0000;0595;000000;0000;6352;000000;0000;0009;000000;6252;0000;110220;0011;0000;000000;0000;5859;000000;0000;8814;000000;8824;0000;000000;0000;05;902224466;g014465a@bbva.com                       ;000000000                                                                                                    
0182;0001;4469;10;0001;039020001;PILAR DE LA HORADADA                ;PILAR DE LA HORADADA;CALVO SOTELO, 2 ESQ MAYOR           ;03190;                              ;                              ;0000;965351775;000000000;000000000;00000000;000000;           ;00;0000;071000;000000;0000;0000;0000;0000;0000;0000;0000;0000;00;2021-08-03;010100;1;0000;0;0;0;0;0;0;0;0;0;0101;1;0;1;1;0003;0;0;311010;1;1010;0;1;008001;08;0;0;1051;2534;0182;6252;0000;0000;0182;0027;0039;0065;0000;0000;0100;000;9565;000000;0000;9891;000000;0000;0000;000000;0000;1964;000000;6055;0013;000000;6250;0001;000000;6024;0011;000000;0000;0060;000000;0000;0017;000000;8595;0003;000000;0000;0595;000000;0000;6352;000000;0000;0009;000000;6252;0000;030821;0011;0000;000000;0000;5859;000000;0000;8814;000000;8824;0000;000000;0000;05;902224466;G014469A@BBVA.COM                       ;000000000                                                                                                    
0182;0001;4511;10;0049;000000000;COMPLEMENTO CORPORATIVA             ;COMPLEMENTO CORPORAT;AV. LIBERDADE, 222 - LISBOA         ;01200;                              ;                              ;0000;910000000;000000000;000000000;00000000;000000;           ;00;0000;070119;000000;0000;0000;0000;0000;0000;0000;0000;0000;00;2021-06-07;011218;1;0000;0;0;0;0;0;0;0;0;0;0100;1;0;0;3;0000;0;0;000010;0;0010;0;1;000100;00;1;0;0000;0000;0000;0000;0000;0000;0000;0000;0000;0000;0000;0000;0000;   ;0000;000000;0000;0000;000000;0000;4501;000000;0000;0000;000000;3398;3080;000000;0000;0001;000000;0000;0010;000000;0000;0000;000000;0000;0000;000000;8360;0000;000000;0000;0000;000000;0000;0000;000000;0000;0001;000000;0000;0000;000000;0000;0000;000000;0000;0000;000000;0000;0000;000000;0000;0000;000000;0000;00;000000000;                                        ;000000000                                                                                                    
0182;0001;4590;10;0001;150540001;NARON-XUBIA                         ;NARON-XUBIA         ;CTRA. DE CASTILLA, 885 - NARON-JUBIA;15570;                              ;                              ;0000;981382103;981382410;000000000;00000000;000017;00000000000;00;0000;010175;000000;0000;0000;0000;0000;0000;0000;0000;0000;00;2020-02-11;090282;1;0000;0;0;0;0;0;0;0;0;0;1101;1;0;1;1;0003;0;0;310010;1;0010;0;1;008002;08;0;0;2680;2522;0182;6252;0000;0000;0182;0027;0039;0070;0000;0000;2200;   ;9408;000000;0000;9845;000000;0000;0000;000000;0000;1525;000000;6055;0013;000000;6250;0001;000000;6024;0011;000000;0000;0060;000000;0000;0011;000000;8591;0015;000000;0000;1985;000000;0000;6352;000000;0000;0010;000000;6252;0000;110220;0011;0000;000000;0000;5862;000000;0000;8815;000000;8825;0000;000000;0000;04;902224466;G014590A@BBVA.COM                       ;000000000                                                                                                    
0182;0001;4617;55;0000;000000000;PM IB&F                             ;PM IB&F             ;S.D.                                ;48001;                              ;                              ;0000;999999999;000000000;000000000;00000000;000000;           ;00;0000;300320;000000;0000;0000;0000;0000;0000;0000;0000;0000;00;2020-03-31;000000;0;0000;0;0;0;0;0;0;0;0;0;0100;1;0;0;1;0000;0;0;000090;0;0090;0;9;000000;00;0;0;0000;0000;0000;0000;0000;0000;0000;0000;0000;0000;0000;0000;0000;   ;0000;000000;0000;0000;000000;0000;0000;000000;0000;0000;000000;4617;0000;000000;0000;0000;000000;0000;0011;000000;0000;0060;000000;0000;0000;000000;0000;0000;000000;0000;0000;000000;0000;0000;000000;0000;0000;000000;0000;0000;000000;0000;0000;000000;0000;0000;000000;0000;0000;000000;0000;0000;000000;0000;00;000000000;                                        ;000000000                                                                                                    
0182;0001;4622;55;0000;000000000;PM GT.B                             ;PM GT.B             ;S.D.                                ;48001;                              ;                              ;0000;999999999;000000000;000000000;00000000;000000;           ;00;0000;300320;000000;0000;0000;0000;0000;0000;0000;0000;0000;00;2020-03-31;000000;0;0000;0;0;0;0;0;0;0;0;0;0100;1;0;0;1;0000;0;0;000090;0;0090;0;9;000000;00;0;0;0000;0000;0000;0000;0000;0000;0000;0000;0000;0000;0000;0000;0000;   ;0000;000000;0000;0000;000000;0000;0000;000000;0000;0000;000000;4622;0000;000000;0000;0000;000000;0000;0011;000000;0000;0060;000000;0000;0000;000000;0000;0000;000000;0000;0000;000000;0000;0000;000000;0000;0000;000000;0000;0000;000000;0000;0000;000000;0000;0000;000000;0000;0000;000000;0000;0000;000000;0000;00;000000000;                                        ;000000000                                                                                                    
0182;0001;4625;30;0000;000000000;BANCA AL POR MENOR - ALEMANIA       ;BCA.MENOR-ALEMANIA  ;GRAN VIA, 1 - PL. 6                 ;48001;                              ;                              ;0000;999999999;000000000;000000000;00000000;000000;           ;00;0000;200220;000000;0000;0000;0000;0000;0000;0000;0000;0000;00;2020-02-24;000000;0;0000;0;0;0;0;0;0;0;0;0;0100;1;0;0;3;0000;0;0;000090;0;0090;0;9;000100;00;1;0;0000;0000;0000;0000;0000;0000;0000;0000;9999;0099;0000;0000;0000;   ;0000;000000;0000;4625;000000;0000;4777;000000;0000;4644;000000;0000;7778;000000;6250;0001;000000;6024;0004;000000;0000;0060;000000;0000;0000;000000;0000;0000;000000;0000;0000;000000;0000;0000;000000;0000;0000;000000;0000;0000;000000;0000;0000;000000;0000;0000;000000;0000;0000;000000;0000;0000;000000;0000;00;000000000;                                        ;000000000                                                                                                    
0182;0001;4644;50;0000;000000000;BANCA AL POR MENOR - ALEMANIA       ;BCA.MENOR-ALEMANIA  ;GRAN VIA, 1 - PL. 6                 ;48001;                              ;                              ;0000;999999999;000000000;000000000;00000000;000000;           ;00;0000;200220;000000;0000;0000;0000;0000;0000;0000;0000;0000;00;2020-02-21;000000;0;0000;0;0;0;0;0;0;0;0;0;0100;1;0;0;3;0000;0;0;000090;0;0090;0;9;000100;00;1;0;0000;0000;0000;0000;0000;0000;0000;0000;9999;0099;0000;0000;0000;   ;0000;000000;0000;0000;000000;0000;0000;000000;0000;4644;000000;0000;7778;000000;6250;0001;000000;6024;0004;000000;0000;0060;000000;0000;0000;000000;0000;0000;000000;0000;0000;000000;0000;0000;000000;0000;0000;000000;0000;0000;000000;0000;0000;000000;0000;0000;000000;0000;0000;000000;0000;0000;000000;0000;00;000000000;                                        ;000000000                                                                                                    
0182;0001;4661;10;0018;000000000;GF PF SUSTAINABILITY                ;GF PF SUSTAIN.      ;1345 AVENUE OF THE AMERICAS, 45     ;10105;                              ;                              ;0000;999999999;000000000;000000000;00000000;000000;           ;00;0000;160124;000000;0000;0000;0000;0000;0000;0000;0000;0000;00;2024-01-16;160124;1;0000;8;0;0;0;0;0;0;0;0;0102;1;0;2;3;0000;0;0;000090;0;0090;0;9;000000;00;0;0;0000;0000;0000;0000;0000;0000;0000;0000;9999;0099;0000;0000;0000;   ;0000;000000;0000;0000;000000;0000;2224;000000;0000;7649;000000;0000;7871;000000;7612;0001;000000;6881;0400;000000;0000;0060;000000;0000;0000;000000;0000;0000;000000;0000;0000;000000;0000;0000;000000;0000;0001;000000;0000;0281;000000;0000;0000;000000;0000;0000;000000;0000;0000;000000;0000;0000;000000;0000;00;000000000;                                        ;000000000                                                                                                    
0182;0001;4682;10;0001;070400012;PALMA DE MALLORCA-CIUDAD JARDIN     ;PALMA-CIUDAD JARDIN ;CARDENAL ROSELL, 22                 ;07007;                              ;                              ;0000;971746320;000000000;000000000;00000000;000000;           ;00;0000;120301;000000;0000;0000;0000;0000;0000;0000;0000;0000;00;2020-02-11;120301;1;0000;0;0;0;0;0;0;0;0;0;0101;1;0;1;1;0003;0;0;310010;1;0010;0;1;001111;01;1;1;1783;2534;0182;6252;0000;0000;0182;0027;0039;0075;0000;0000;4900;   ;9480;000000;0000;9883;000000;0000;0000;000000;0000;1964;000000;6055;0013;000000;6250;0001;000000;6024;0011;000000;0000;0060;000000;0000;0004;000000;8595;0007;000000;0000;0595;000000;0000;6352;000000;0000;0007;000000;6252;0000;110220;0011;0000;000000;0000;5859;000000;0000;8814;000000;8824;0000;000000;0000;05;902224466;G014682A@BBVA.COM                       ;000000000                                                                                                    
0182;0001;4690;10;0001;150590916;ORDES                               ;ORDES               ;AV. ALFONSO SENRA, 93               ;15680;                              ;                              ;0000;981688316;981688690;000000000;00000000;000000;00000000000;00;0000;010175;000000;0000;0000;0000;0000;0000;0000;0000;0000;00;2020-02-11;101181;1;0000;0;0;0;0;0;0;0;0;0;1101;1;0;1;1;0003;0;0;310010;1;0010;0;1;009000;09;0;0;0612;2522;0182;6252;0000;0000;0182;0027;0039;0070;0000;0000;2200;   ;9405;000000;0000;9845;000000;0000;0000;000000;0000;1525;000000;6055;0013;000000;6250;0001;000000;6024;0011;000000;0000;0060;000000;0000;0011;000000;8591;0015;000000;0000;1985;000000;0000;6352;000000;0000;0010;000000;6252;0000;110220;0011;0000;000000;0000;5862;000000;0000;8815;000000;8825;0000;000000;0000;04;902224466;G014690A@BBVA.COM                       ;000000000                                                                                                    
0182;0001;4693;30;0000;350160024;ZONA PATRIMONIOS CANARIAS           ;ZONA PATR CANARIAS  ;ALBAREDA, 6 PLTA4                   ;35008;                              ;                              ;0000;902224466;000000000;000000000;00000000;000000;           ;00;0000;200120;000000;0000;0000;0000;0000;0000;0000;0000;0000;00;2021-12-15;000000;0;0000;0;0;0;0;0;0;0;0;0;0000;0;0;0;1;0000;0;0;000090;0;0090;0;9;000000;00;0;0;0000;0000;0000;0000;0000;0000;0182;0027;0039;0085;0000;0000;0000;   ;0000;000000;0000;4693;000000;0000;0000;000000;0000;6452;000000;8002;0013;000000;6250;0001;000000;6024;0011;000000;0000;0060;000000;0000;0005;000000;8597;0000;000000;0000;1989;000000;0000;6352;000000;0000;0000;000000;0000;0000;000000;0000;0000;000000;0000;0000;000000;0000;0000;000000;0000;0000;000000;0000;00;000000000;                                        ;000000000                                                                                                    
0182;0001;4695;30;0000;000000000;Z. MERCADOS JAPON                   ;Z. MERCADOS JAPON   ;S/D                                 ;00000;                              ;                              ;0000;999999999;000000000;000000000;00000000;000000;           ;00;0000;010916;000000;0000;0000;0000;0000;0000;0000;0000;0000;00;2016-09-01;000000;0;0000;0;0;0;0;0;0;0;0;0;0100;1;0;0;3;0000;0;0;000090;0;0090;0;9;000000;00;0;0;0000;0000;0000;0000;0000;0000;0000;0000;0000;0000;0000;0000;0000;   ;0000;000000;0000;4695;000000;0000;2226;000000;0000;7771;000000;0000;7770;000000;6213;0001;000000;6038;0732;000000;0000;0060;000000;0000;0000;000000;0000;0000;000000;0000;0000;000000;0000;0000;000000;0000;0000;000000;0000;0000;000000;0000;0000;000000;0000;0000;000000;0000;0000;000000;0000;0000;000000;0000;00;000000000;                                        ;000000000                                                                                                    
0182;0001;4701;10;0018;000000000;GF CL SUSTAINABILITY                ;GF CL SUSTAIN.      ;1345 AVENUE OF THE AMERICAS, 45     ;10105;                              ;                              ;0000;999999999;000000000;000000000;00000000;000000;           ;00;0000;160124;000000;0000;0000;0000;0000;0000;0000;0000;0000;00;2024-01-16;160124;1;0000;8;0;0;0;0;0;0;0;0;0102;1;0;2;3;0000;0;0;000090;0;0090;0;9;000000;00;0;0;0000;0000;0000;0000;0000;0000;0000;0000;9999;0099;0000;0000;0000;   ;2512;000000;0000;8206;000000;0000;2224;000000;0000;0000;000000;0000;7627;000000;7612;0001;000000;6881;0400;000000;0000;0060;000000;0000;0000;000000;0000;0000;000000;0000;0000;000000;0000;0000;000000;0000;0001;000000;0000;0282;000000;0000;0000;000000;0000;0000;000000;0000;0000;000000;0000;0000;000000;0000;00;000000000;                                        ;000000000                                                                                                    
0182;0001;4713;10;0018;000000000;GTB SUSTAINABILITY                  ;GTB SUSTAIN.        ;1345 AVENUE OF THE AMERICAS, 45     ;10105;                              ;                              ;0000;999999999;000000000;000000000;00000000;000000;           ;00;0000;160124;000000;0000;0000;0000;0000;0000;0000;0000;0000;00;2024-01-16;160124;1;0000;8;0;0;0;0;0;0;0;0;0102;1;0;2;3;0000;0;0;000090;0;0090;0;9;000000;00;0;0;0000;0000;0000;0000;0000;0000;0000;0000;9999;0099;0000;0000;0000;   ;0000;000000;0000;0000;000000;0000;2224;000000;0000;0000;000000;0000;6281;000000;7619;0001;000000;6881;0400;000000;0000;0060;000000;0000;0000;000000;0000;0000;000000;0000;0000;000000;0000;0000;000000;0000;0001;000000;0000;0283;000000;0000;0000;000000;0000;0000;000000;0000;0000;000000;0000;0000;000000;0000;00;000000000;                                        ;000000000                                                                                                    
0182;0001;4735;10;0014;082790004;TERRASSA-JOSEP TARRADELLAS-OTP      ;TERR.-J.TARRADEL-OTP;AVINGUDA DE JOSEP TARRADELLAS, 111-1;08225;                              ;                              ;0000;937888027;000000000;937892176;00000000;000000;           ;00;0000;010716;270921;0182;8110;0000;0000;0182;8110;0000;0000;00;2021-09-28;000000;0;8110;0;0;0;0;0;0;0;0;0;1101;1;0;1;1;0000;0;0;010090;1;0090;0;9;008770;08;7;7;0000;2542;0182;6252;0000;0000;0182;0027;0039;0035;0000;0000;1797;   ;5256;000000;0000;5296;000000;0000;0000;000000;0000;8302;000000;6055;0013;000000;6250;0001;000000;6024;0011;000000;0000;0060;000000;0000;0009;000000;8593;0008;000000;0000;0800;000000;0000;6352;000000;0000;0007;000000;6252;0000;170118;0011;0000;000000;0000;5855;000000;0000;8811;000000;5207;0000;000000;0000;08;000000000;                                        ;000000000                                                                                                    
0182;0001;4746;10;0018;000000000;GM SUSTAINABILITY                   ;GM SUSTAIN.         ;1345 AVENUE OF THE AMERICAS, 45     ;10105;                              ;                              ;0000;999999999;000000000;000000000;00000000;000000;           ;00;0000;160124;000000;0000;0000;0000;0000;0000;0000;0000;0000;00;2024-01-16;160124;1;0000;8;0;0;0;0;0;0;0;0;0102;1;0;2;3;0000;0;0;000090;0;0090;0;9;000000;00;0;0;0000;0000;0000;0000;0000;0000;0000;0000;9999;0099;0000;0000;0000;   ;8209;000000;0000;2483;000000;0000;2224;000000;0000;6596;000000;0000;7238;000000;7226;0001;000000;6881;0400;000000;0000;0060;000000;0000;0000;000000;0000;0000;000000;0000;0000;000000;0000;0000;000000;0000;0001;000000;0000;0284;000000;0000;0000;000000;0000;0000;000000;0000;0000;000000;0000;0000;000000;0000;00;000000000;                                        ;000000000                                                                                                    
0182;0001;4761;10;0018;000000000;SUPPORT SUSTAINABILITY              ;SUPPORT SUSTAIN.    ;1345 AVENUE OF THE AMERICAS, 45     ;10105;                              ;                              ;0000;999999999;000000000;000000000;00000000;000000;           ;00;0000;160124;000000;0000;0000;0000;0000;0000;0000;0000;0000;00;2024-01-16;160124;1;0000;8;0;0;0;0;0;0;0;0;0102;1;0;2;3;0000;0;0;000090;0;0090;0;9;000000;00;0;0;0000;0000;0000;0000;0000;0000;0000;0000;9999;0099;0000;0000;0000;   ;0000;000000;0000;8208;000000;0000;2224;000000;0000;6531;000000;0000;7236;000000;7223;0001;000000;6881;0400;000000;0000;0060;000000;0000;0000;000000;0000;0000;000000;0000;0000;000000;0000;0000;000000;0000;0001;000000;0000;0285;000000;0000;0000;000000;0000;0000;000000;0000;0000;000000;0000;0000;000000;0000;00;000000000;                                        ;000000000                                                                                                    
0182;0001;4770;10;0036;380260019;LA OROTAVA                          ;LA OROTAVA          ;PL. DE LA CONSTITUCION, 4-5         ;38300;                              ;                              ;0000;922332711;922332790;000000000;00000000;000007;00000000000;00;0000;010175;000000;0000;0000;0000;0000;0000;0000;0000;0000;00;2023-03-02;080981;1;0000;0;0;0;0;0;0;0;0;0;1101;1;0;1;1;0003;0;0;310010;1;0010;0;1;008004;08;0;0;4770;2536;0182;6252;0000;0000;0182;0027;0039;0045;0000;0000;0770;   ;8865;000000;0000;9814;000000;0000;0000;000000;0000;0063;000000;6055;0013;000000;6250;0001;000000;6024;0011;000000;0000;0060;000000;0000;0005;000000;8597;0038;000000;0000;1989;000000;0000;6352;000000;0000;0011;000000;6252;0000;020323;0011;0000;000000;0002;0000;000000;0000;8812;000000;8822;0000;000000;0000;03;902224466;G014770A@BBVA.COM                       ;000000000                                                                                                    
0182;0001;4771;10;0001;380260019;LA OROTAVA-A.PERDOMA                ;LA OROTAVA A.PERDOMA;CARRETERA GENERAL, 80 (LA PERDOMA)  ;38315;                              ;                              ;0000;922308500;922330504;000000000;00000000;000000;00000000000;00;0000;010175;000000;0000;0000;0000;0000;0000;0000;0000;0000;00;2021-08-04;080981;1;0000;0;0;0;0;0;0;0;0;0;1101;1;0;1;1;0003;0;0;310010;1;0010;0;1;008114;08;1;1;4770;2536;0182;6252;0000;0000;0182;0027;0039;0045;0000;0000;0770;   ;8865;000000;0000;9814;000000;0000;0000;000000;0000;0063;000000;6055;0013;000000;6250;0001;000000;6024;0011;000000;0000;0060;000000;0000;0005;000000;8597;0038;000000;0000;1989;000000;0000;6352;000000;0000;0011;000000;6252;0000;040821;0011;0000;000000;0000;0000;000000;0000;8812;000000;8822;0000;000000;0000;05;902224466;G014771A@BBVA.COM                       ;000000000                                                                                                    
0182;0001;4773;10;0018;000000000;GCC SUSTAINABILITY                  ;GCC SUSTAIN.        ;1345 AVENUE OF THE AMERICAS, 45     ;10105;                              ;                              ;0000;999999999;000000000;000000000;00000000;000000;           ;00;0000;160124;000000;0000;0000;0000;0000;0000;0000;0000;0000;00;2024-01-16;160124;1;0000;8;0;0;0;0;0;0;0;0;0102;1;0;2;3;0000;0;0;000090;0;0090;0;9;000000;00;0;0;0000;0000;0000;0000;0000;0000;0000;0000;9999;0099;0000;0000;0000;   ;0000;000000;0000;8208;000000;0000;2224;000000;0000;6531;000000;0000;7236;000000;7223;0001;000000;6881;0400;000000;0000;0060;000000;0000;0000;000000;0000;0000;000000;0000;0000;000000;0000;0000;000000;0000;0001;000000;0000;0286;000000;0000;0000;000000;0000;0000;000000;0000;0000;000000;0000;0000;000000;0000;00;000000000;                                        ;000000000                                                                                                    
0182;0001;4776;10;0018;000000000;PF RENEWABLES                       ;PF RENEWABLES       ;1345 AVENUE OF THE AMERICAS, 45     ;10105;                              ;                              ;0000;999999999;000000000;000000000;00000000;000000;           ;00;0000;160124;000000;0000;0000;0000;0000;0000;0000;0000;0000;00;2024-04-10;160124;1;0000;8;0;0;0;0;0;0;0;0;0102;1;0;2;3;0000;0;0;000090;0;0090;0;9;000000;00;0;0;0000;0000;0000;0000;0000;0000;0000;0000;9999;0099;0000;0000;0000;   ;0000;000000;0000;0000;000000;0000;2224;000000;0000;7649;000000;0000;7871;000000;7612;0001;000000;6881;0400;000000;0000;0060;000000;0000;0000;000000;0000;0000;000000;0000;0000;000000;0000;0000;000000;0000;0001;000000;0000;0287;000000;0000;0000;000000;0000;0000;000000;0000;0000;000000;0000;0000;000000;0000;00;000000000;                                        ;000000000                                                                                                    
0182;0001;4777;40;0000;000000000;ALEMANIA (R)                        ;ALEMANIA (R)        ;S.D.                                ;00000;                              ;                              ;0000;999999999;000000000;000000000;00000000;000000;00000000000;00;0000;080194;000000;0000;0000;0000;0000;0000;0000;0000;0000;00;2011-11-09;000000;0;0000;0;0;0;0;0;0;0;0;0;0100;1;0;0;3;0100;1;0;000090;0;0090;0;9;000100;00;1;0;0000;0000;0000;0000;0000;0000;0000;0000;0000;0000;0000;0000;0000;   ;0000;000000;0000;0000;000000;0000;4777;000000;0000;0000;000000;0000;0000;000000;0000;0001;000000;0000;0004;000000;0000;0060;000000;0000;0000;000000;0000;0000;000000;0000;0000;000000;0000;0000;000000;0000;0000;000000;0000;0000;000000;0000;0000;000000;0000;0000;000000;0000;0000;000000;0000;0000;000000;0000;00;000000000;                                        ;000000000                                                                                                    
0182;0001;4901;10;0001;070400012;PALMA DE MALLORCA-BORNE             ;PALMA M BORNE       ;PLAZA JUAN CARLOS I (PRIMERO), 1    ;07012;                              ;                              ;0000;971228070;971228323;000000000;00000000;000000;00000000000;00;0000;010175;000000;0000;0000;0000;0000;0000;0000;0000;0000;00;2021-11-24;111281;1;0000;0;0;0;0;0;0;0;0;0;1101;1;0;1;1;0003;0;0;310110;1;0110;1;1;040114;40;1;1;4900;2534;0182;6252;0000;0000;0182;0027;0039;0075;0000;0000;4900;   ;9477;000000;0000;9883;000000;0000;0000;000000;0000;1964;000000;6055;0013;000000;6250;0001;000000;6024;0011;000000;0000;0060;000000;0000;0004;000000;8595;0007;000000;0000;0595;141194;1982;6352;000000;0000;0007;000000;6252;0000;110220;0011;0000;000000;0000;5859;000000;0000;8814;000000;8824;0000;000000;0000;04;902224466;G014901A@BBVA.COM                       ;000000000                                                                                                    
0182;0001;4903;10;0001;070400012;PALMA DE MALLORCA-FONERS            ;PALMA M-FONERS      ;JUAN ALCOVER (ES.A HONDEROS)        ;07006;                              ;                              ;0000;971469011;000000000;000000000;00000000;000000;00000000000;00;0000;010175;000000;0000;0000;0000;0000;0000;0000;0000;0000;00;2021-11-24;091281;1;0000;0;0;0;0;0;0;0;0;0;1101;1;0;1;1;0003;0;0;310010;1;0010;0;1;040114;40;1;1;4900;2534;0182;6252;0000;0000;0182;0027;0039;0075;0000;0000;4900;   ;9477;000000;0000;9883;000000;0000;0000;000000;0000;1964;000000;6055;0013;000000;6250;0001;000000;6024;0011;000000;0000;0060;000000;0000;0004;000000;8595;0007;000000;0000;0595;141194;1982;6352;000000;0000;0007;000000;6252;0000;110220;0011;0000;000000;0000;5859;000000;0000;8814;000000;8824;0000;000000;0000;06;902224466;G014903A@BBVA.COM                       ;000000000                                                                                                    
0182;0001;4907;10;0001;070400003;CAN PASTILLA-PALMA DE MALLORCA      ;CAN PASTILLA-P MALLO;PL. DE PIO IX, 1                    ;07610;                              ;                              ;0000;971745078;971745094;000000000;00000000;000000;00000000000;00;0000;010175;000000;0000;0000;0000;0000;0000;0000;0000;0000;00;2020-02-11;091281;1;0000;0;0;0;0;0;0;0;0;0;0101;1;0;1;1;0003;0;0;310010;1;0010;0;1;008001;08;0;0;1783;2534;0182;6252;0000;0000;0182;0027;0039;0075;0000;0000;4900;   ;9480;000000;0000;9883;000000;0000;0000;000000;0000;1964;000000;6055;0013;000000;6250;0001;000000;6024;0011;000000;0000;0060;000000;0000;0004;000000;8595;0007;000000;0000;0595;141194;1982;6352;000000;0000;0007;000000;6252;0000;110220;0011;0000;000000;0000;5859;000000;0000;8814;000000;8824;0000;000000;0000;05;902224466;g014907a@bbva.com                       ;000000000                                                                                                    
0182;0001;4912;10;0001;070400012;PALMA DE MALLORCA-ES RAFAL          ;PALMA M-ES RAFAL    ;ARAGO, 212                          ;07008;                              ;                              ;0000;971409150;971409151;000000000;00000000;000000;00000000000;00;0000;010498;000000;0000;0000;0000;0000;0000;0000;0000;0000;00;2020-02-11;010498;1;0000;0;0;0;0;0;0;0;0;0;1101;1;0;1;1;0003;0;0;310010;1;0010;0;1;008111;08;1;1;1783;2534;0182;6252;0000;0000;0182;0027;0039;0075;0000;0000;4900;   ;9480;000000;0000;9883;000000;0000;0000;000000;0000;1964;000000;6055;0013;000000;6250;0001;000000;6024;0011;000000;0000;0060;000000;0000;0004;000000;8595;0007;000000;0000;0595;000000;0000;6352;000000;0000;0007;000000;6252;0000;110220;0011;0000;000000;0000;5859;000000;0000;8814;000000;8824;0000;000000;0000;04;902224466;g014912a@bbva.com                       ;000000000                                                                                                    
0182;0001;4947;10;0001;350160024;LAS PALMAS-TARAHALES                ;LAS PALMAS-TARAHALES;AV. DE ESCALERITAS, 179             ;35013;                              ;                              ;0000;928428112;928428113;000000000;00000000;000000;00000000000;00;0000;171298;000000;0000;0000;0000;0000;0000;0000;0000;0000;00;2020-02-11;171298;1;0000;0;0;0;0;0;0;0;0;0;0101;1;0;1;1;0003;0;0;310010;1;0010;0;1;001110;01;1;1;0769;2536;0182;6252;0000;0000;0182;0027;0039;0050;0000;0000;4951;   ;8894;000000;0000;9816;000000;0000;0000;000000;0000;0063;000000;6055;0013;000000;6250;0001;000000;6024;0011;000000;0000;0060;000000;0000;0005;000000;8597;0035;000000;0000;1989;000000;0000;6352;000000;0000;0011;000000;6252;0000;110220;0011;0000;000000;0000;0000;000000;0000;8812;000000;8822;0000;000000;0000;05;902224466;g014947a@bbva.com                       ;000000000                                                                                                    
0182;0001;4951;10;0001;350160024;LAS PALMAS-ALBAREDA                 ;LAS PALMAS-ALBAREDA ;ALBAREDA, 6                         ;35008;                              ;                              ;0000;928451666;928451693;000000000;00000000;002279;00000000000;00;0000;010175;000000;0000;0000;0000;0000;0000;0000;0000;0000;00;2021-11-24;151281;1;0000;0;0;0;0;0;0;0;0;0;1101;1;0;1;1;0003;0;0;310010;1;0010;0;1;040000;40;0;0;0764;2536;0182;6252;0000;0000;0182;0027;0039;0050;0000;0000;4951;   ;8890;000000;0000;9816;000000;0000;0000;000000;0000;0063;000000;6055;0013;000000;6250;0001;000000;6024;0011;000000;0000;0060;000000;0000;0005;000000;8597;0035;000000;0000;1989;000000;0000;6352;000000;0000;0011;000000;6252;0000;020221;0011;0000;000000;0000;0000;000000;0000;8812;000000;8822;0000;000000;0000;03;902224466;G014951A@BBVA.COM                       ;000000000                                                                                                    
0182;0001;4955;10;0001;350160036;TAMARACEITE-LAS PALMAS              ;TAMARACEITE-L.PALMAS;CRUZ DE OVEJERO, 6 (TAMARACEITE)    ;35018;                              ;                              ;0000;928671152;000000000;000000000;00000000;000000;00000000000;00;0000;010175;000000;0000;0000;0000;0000;0000;0000;0000;0000;00;2020-02-11;011281;1;0000;0;0;0;0;0;0;0;0;0;1101;1;0;1;1;0003;0;0;310010;1;0010;0;1;008000;08;0;0;0550;2536;0182;6252;0000;0000;0182;0027;0039;0050;0000;0000;4951;   ;8898;000000;0000;9816;000000;0000;0000;000000;0000;0063;000000;6055;0013;000000;6250;0001;000000;6024;0011;000000;0000;0060;000000;0000;0005;000000;8597;0035;000000;0000;1989;000000;0000;6352;000000;0000;0011;000000;6252;0000;110220;0011;0000;000000;0000;0000;000000;0000;8812;000000;8822;0000;000000;0000;04;902224466;G014955A@BBVA.COM                       ;000000000                                                                                                    
0182;0001;4957;10;0001;350160024;LAS PALMAS-JUAN REJON               ;LAS PALMAS-J.REJON  ;JUAN REJON, 103                     ;35008;                              ;                              ;0000;928462121;928462249;000000000;00000000;000000;00000000000;00;0000;010175;000000;0000;0000;0000;0000;0000;0000;0000;0000;00;2021-02-02;011281;1;0000;0;0;0;0;0;0;0;0;0;1101;1;0;1;1;0003;0;0;310010;1;0010;0;1;040110;40;1;1;0764;2536;0182;6252;0000;0000;0182;0027;0039;0050;0000;0000;4951;   ;8890;000000;0000;9816;000000;0000;0000;000000;0000;0063;000000;6055;0013;000000;6250;0001;000000;6024;0011;000000;0000;0060;000000;0000;0005;000000;8597;0035;000000;0000;1989;000000;0000;6352;000000;0000;0011;000000;6252;0000;020221;0011;0000;000000;0000;0000;000000;0000;8812;000000;8822;0000;000000;0000;03;902224466;G014957A@BBVA.COM                       ;000000000                                                                                                    
0182;0001;4958;10;0001;350160024;LAS PALMAS-L.DORESTE SILVA          ;LAS PALMAS-L.DORESTE;LUIS DORESTE SILVA, 77              ;35004;                              ;                              ;0000;928215014;000000000;000000000;00000000;000000;00000000000;00;0000;010175;000000;0000;0000;0000;0000;0000;0000;0000;0000;00;2021-11-24;011281;1;0000;0;0;0;0;0;0;0;0;0;1101;1;0;1;1;0003;0;0;310010;1;0010;0;1;040110;40;1;1;0761;2536;0182;6252;0000;0000;0182;0027;0039;0050;0000;0000;4951;   ;8896;000000;0000;9816;000000;0000;0000;000000;0000;0063;000000;6055;0013;000000;6250;0001;000000;6024;0011;000000;0000;0060;000000;0000;0005;000000;8597;0035;000000;0000;1989;000000;0000;6352;000000;0000;0011;000000;6252;0000;260221;0011;0000;000000;0000;0000;000000;0000;8812;000000;8822;0000;000000;0000;04;902224466;G014958A@BBVA.COM                       ;000000000                                                                                                    
0182;0001;4960;10;0001;480820002;SANTURTZI-PARQUE                    ;SANTURTZI-PARQUE    ;PL. SANTURCE, 2-4                   ;48980;                              ;                              ;0000;944615000;000000000;000000000;00000000;000000;00000000000;00;0000;080900;000000;0000;0000;0000;0000;0000;0000;0000;0000;00;2021-08-04;080795;1;0000;0;0;0;0;0;0;0;0;0;1101;1;0;1;1;0003;0;0;310010;1;0010;0;1;008110;08;1;1;0075;2529;0182;6252;0000;0000;0182;0027;0039;0030;0000;0000;1290;   ;9229;000000;0000;9833;000000;0000;0000;000000;0000;1523;000000;6055;0013;000000;6250;0001;000000;6024;0011;000000;0000;0060;000000;0000;0015;000000;8592;0048;000000;0000;2017;000000;0000;6352;000000;0000;0008;000000;6252;0000;110220;0011;0000;000000;0000;5858;000000;0000;8816;000000;8826;0000;000000;0000;03;902224466;G014960A@BBVA.COM                       ;000000000                                                                                                    
0182;0001;4972;10;0018;000000000;GF CL BRAZIL                        ;GF CL BRAZIL        ;1345 AVENUE OF THE AMERICAS, 45     ;10105;                              ;                              ;0000;999999999;000000000;000000000;00000000;000000;           ;00;0000;160124;000000;0000;0000;0000;0000;0000;0000;0000;0000;00;2024-05-14;160124;1;0000;8;0;0;0;0;0;0;0;0;0102;1;0;2;3;0000;0;0;000090;0;0090;0;9;000000;00;0;0;0000;0000;0000;0000;0000;0000;0000;0000;9999;0099;0000;0000;0000;   ;2512;000000;0000;8206;000000;0000;2224;000000;0000;0000;000000;0000;7627;000000;7612;0001;000000;6881;0400;000000;0000;0060;000000;0000;0000;000000;0000;0000;000000;0000;0000;000000;0000;0000;000000;0000;0001;000000;0000;0288;000000;0000;0000;000000;0000;0000;000000;0000;0000;000000;0000;0000;000000;0000;00;000000000;                                        ;000000000                                                                                                    
0182;0001;4989;10;0006;082270007;ARCHIVO SAN MARTI SARROCA           ;ARCHI.S.MARTI SARROC;CTRA. VILAFRANCA, KM. 75            ;08731;                              ;                              ;0000;938991378;000000000;938991378;00000000;000000;           ;00;0000;270301;000000;0000;0000;0000;0000;0000;0000;0000;0000;00;2018-02-07;000000;0;0060;0;0;0;0;0;0;0;0;0;0100;1;0;0;2;0010;0;1;000090;0;0090;0;9;000100;00;1;0;0000;0000;0000;0000;0000;0000;0182;0027;0039;0099;0000;0000;1797;   ;0000;000000;0000;0000;000000;0000;0000;000000;0000;0000;000000;0000;2228;000000;3078;0001;000000;0000;0011;000000;0000;0060;000000;0000;0009;000000;0000;0008;000000;0000;0800;000000;0000;0000;000000;0000;0000;000000;0000;0000;000000;0000;0000;000000;0000;0000;000000;0000;0000;000000;0000;0000;000000;0000;00;000000000;                                        ;000000000                                                                                                    
0182;0001;4990;10;0001;380250001;LA MATANZA-CARRETERA GENERAL        ;MATANZA-CTRA GENERAL;CARRETERA GENERAL, 80 -PLANTA BAJA  ;38370;                              ;                              ;0000;922578940;999999999;000000000;00000000;000000;           ;00;0000;080401;000000;0000;0000;0000;0000;0000;0000;0000;0000;00;2025-01-15;080401;1;0000;0;0;0;0;0;0;0;0;0;0101;1;0;1;1;0003;0;0;310010;1;0010;0;1;008005;08;0;0;5310;2536;0182;6252;0000;0000;0182;0027;0039;0045;0000;0000;0770;   ;8867;000000;0000;9814;000000;0000;0000;000000;0000;0063;000000;6055;0013;000000;6250;0001;000000;6024;0011;000000;0000;0060;000000;0000;0005;000000;8597;0038;000000;0000;1989;000000;0000;6352;000000;0000;0011;000000;6252;0000;150125;0011;0000;000000;0000;0000;000000;0000;8812;000000;8822;0000;000000;0000;04;902224466;G014990A@BBVA.COM                       ;000000000                                                                                                    
0182;0001;4993;10;0001;350210007;SANTA BRIGIDA                       ;SANTA BRIGIDA       ;NUEVA, 27                           ;35300;                              ;                              ;0000;928648198;928648227;000000000;00000000;000000;           ;00;0000;280301;000000;0000;0000;0000;0000;0000;0000;0000;0000;00;2020-02-11;280301;1;0000;0;0;0;0;0;0;0;0;0;0101;1;0;1;1;0003;0;0;310010;1;0010;0;1;008000;08;0;0;0761;2536;0182;6252;0000;0000;0182;0027;0039;0050;0000;0000;4951;   ;8896;000000;0000;9816;000000;0000;0000;000000;0000;0063;000000;6055;0013;000000;6250;0001;000000;6024;0011;000000;0000;0060;000000;0000;0005;000000;8597;0035;000000;0000;1989;000000;0000;6352;000000;0000;0011;000000;6252;0000;110220;0011;0000;000000;0000;0000;000000;0000;8812;000000;8822;0000;000000;0000;05;000000000;G014993A@BBVA.COM                       ;000000000                                                                                                    
0182;0001;5010;10;0001;330160212;PIEDRAS BLANCAS                     ;PIEDRAS BLANCAS     ;PABLO IGLESIAS, 4-6                 ;33450;PIEDRAS BLANCAS               ;                              ;0000;985507750;985507722;000000000;00000000;000000;00000000000;00;0000;180495;000000;0000;0000;0000;0000;0000;0000;0000;0000;00;2020-02-11;180495;1;0000;0;0;0;0;0;0;0;0;0;0101;1;0;1;1;0003;0;0;310010;1;0010;0;1;001000;01;0;0;0606;2522;0182;6252;0000;0000;0182;0027;0039;0055;0000;0000;7253;   ;9276;000000;0000;9839;000000;0000;0000;000000;0000;1525;000000;6055;0013;000000;6250;0001;000000;6024;0011;000000;0000;0060;000000;0000;0003;000000;8591;0033;000000;0000;1985;000000;0000;6352;000000;0000;0010;000000;6252;0000;110220;0011;0000;000000;0000;5862;010708;0000;8815;000000;8825;0000;000000;0000;05;902224466;G015010A@BBVA.COM                       ;000000000                                                                                                    
0182;0001;5036;10;0001;350160024;LAS PALMAS-ESCALERITAS              ;LAS PALMAS-ESCALERIT;ECHEGARAY, 60                       ;35011;                              ;                              ;0000;928281332;928206355;000000000;00000000;000000;           ;00;0000;071000;000000;0000;0000;0000;0000;0000;0000;0000;0000;00;2020-02-11;010100;1;0000;0;0;0;0;0;0;0;0;0;0101;1;0;1;1;0003;0;0;311010;1;1010;0;1;001110;01;1;1;0769;2536;0182;6252;0000;0000;0182;0027;0039;0050;0000;0000;4951;000;8894;000000;0000;9816;000000;0000;0000;000000;0000;0063;000000;6055;0013;000000;6250;0001;000000;6024;0011;000000;0000;0060;000000;0000;0005;000000;8597;0035;000000;0000;1989;000000;0000;6352;000000;0000;0011;000000;6252;0000;110220;0011;0000;000000;0000;0000;000000;0000;8812;000000;8822;0000;000000;0000;04;902224466;g015036a@bbva.com                       ;000000000                                                                                                    
0182;0001;5044;10;0001;350160024;LAS PALMAS-SANTA ISABEL             ;L.PALMAS-STA.ISABEL ;PL. SANTA ISABEL, 6                 ;35001;                              ;                              ;0000;928310783;928310793;000000000;00000000;000000;           ;00;0000;220900;000000;0000;0000;0000;0000;0000;0000;0000;0000;00;2023-03-02;010100;1;0000;0;0;0;0;0;0;0;0;0;0101;1;0;1;1;0003;0;0;311010;1;1010;0;1;040110;40;1;1;0761;2536;0182;6252;0000;0000;0182;0027;0039;0050;0000;0000;4951;000;8896;000000;0000;9816;000000;0000;0000;000000;0000;0063;000000;6055;0013;000000;6250;0001;000000;6024;0011;000000;0000;0060;000000;0000;0005;000000;8597;0035;000000;0000;1989;000000;0000;6352;000000;0000;0011;000000;6252;0000;020323;0011;0000;000000;0000;0000;000000;0000;8812;000000;8822;0000;000000;0000;04;902224466;G015044A@BBVA.COM                       ;000000000                                                                                                    
0182;0001;5063;10;0001;350060002;ARUCAS-LAS VEGAS                    ;ARUCAS-LAS VEGAS    ;POETA PEDRO LEZCANO - LOCAL 4       ;35400;                              ;                              ;0000;928622575;928602975;000000000;00000000;000000;           ;00;0000;111100;231125;0182;0550;0000;0000;0182;0550;0000;0000;00;2025-11-21;010100;1;0000;0;0;0;0;0;0;0;0;0;0101;1;0;1;1;0003;0;0;311090;1;1090;0;9;001710;01;7;1;0550;2536;0182;6252;0000;0000;0182;0027;0039;0050;0000;0000;4951;000;8898;000000;0000;9816;000000;0000;0000;000000;0000;0063;000000;6055;0013;000000;6250;0001;000000;6024;0011;000000;0000;0060;000000;0000;0005;000000;8597;0035;000000;0000;1989;000000;0000;6352;000000;0000;0011;000000;6252;0000;110220;0011;0000;000000;0000;0000;000000;0000;8812;000000;8822;0000;000000;0000;04;902224466;g015063a@bbva.com                       ;000000000                                                                                                    
0182;0001;5125;10;0001;251710001;POBLA DE SEGUR                      ;POBLA DE SEGUR      ;SANT MIQUEL DEL PUI, 9              ;25500;                              ;                              ;0000;973680250;973680251;000000000;00000000;000000;00000000000;00;0000;010175;000000;0000;0000;0000;0000;0000;0000;0000;0000;00;2023-02-01;010884;1;0000;0;0;0;0;0;0;0;0;0;1101;1;0;1;1;0003;0;0;310010;1;0010;0;1;008002;08;0;0;2918;2542;0182;6252;0000;0000;0182;0027;0039;0035;0000;0000;0249;   ;9653;000000;0000;9916;000000;0000;0000;000000;0000;8302;000000;6055;0013;000000;6250;0001;000000;6024;0011;000000;0000;0060;000000;0000;0009;000000;8593;0025;000000;0000;0800;000000;0000;6352;000000;0000;0007;000000;6252;0000;010223;0011;0000;000000;0000;5855;000000;0000;8811;000000;5207;0000;000000;0000;05;902224466;G015125A@BBVA.COM                       ;000000000                                                                                                    
0182;0001;5148;10;0001;251720001;PONTS                               ;PONTS               ;SANT CRISTOFOL, 4                   ;25740;                              ;                              ;0000;973460125;973460152;000000000;00000000;000000;00000000000;00;0000;010175;000000;0000;0000;0000;0000;0000;0000;0000;0000;00;2023-02-01;010785;1;0000;0;0;0;0;0;0;0;0;0;1101;1;0;1;1;0003;0;0;310010;1;0010;0;1;009002;09;0;0;2811;2542;0182;6252;0000;0000;0182;0027;0039;0035;0000;0000;0249;   ;9651;000000;0000;9916;000000;0000;0000;000000;0000;8302;000000;6055;0013;000000;6250;0001;000000;6024;0011;000000;0000;0060;000000;0000;0009;000000;8593;0025;000000;0000;0800;000000;0000;6352;000000;0000;0007;000000;6252;0000;010223;0011;0000;000000;0000;5855;000000;0000;8811;000000;5207;0000;000000;0000;05;902224466;G015148A@BBVA.COM                       ;000000000                                                                                                    
0182;0001;5180;10;0001;360410303;POIO                                ;POIO                ;AV. LA BARCA, 37                    ;36005;                              ;                              ;0000;986833006;986834985;000000000;00000000;000000;00000000000;00;0000;010175;000000;0000;0000;0000;0000;0000;0000;0000;0000;00;2020-09-24;011281;1;0000;0;0;0;0;0;0;0;0;0;1101;1;0;1;1;0003;0;0;310010;1;0010;0;1;001005;01;0;0;5150;2522;0182;6252;0000;0000;0182;0027;0039;0070;0000;0000;5150;   ;9389;000000;0000;9844;000000;0000;0000;000000;0000;1525;000000;6055;0013;000000;6250;0001;000000;6024;0011;000000;0000;0060;000000;0000;0011;000000;8591;0036;000000;0000;1985;000000;0000;6352;000000;0000;0010;000000;6252;0000;240920;0011;0000;000000;0000;5862;000000;0000;8815;000000;8825;0000;000000;0000;05;902224466;G015180A@BBVA.COM                       ;000000000                                                                                                    
0182;0001;5194;10;0001;350160024;LAS PALMAS-SIETE PALMAS             ;LAS PALMAS-7  PALMAS;AV. PINTOR FELO MONZON, 32          ;35019;                              ;                              ;0000;928428246;928418873;000000000;00000000;000000;           ;00;0000;071000;000000;0000;0000;0000;0000;0000;0000;0000;0000;00;2020-02-11;260500;1;0000;0;0;0;0;0;0;0;0;0;0101;1;0;1;1;0003;0;0;310010;1;0010;0;1;008110;08;1;1;0769;2536;0182;6252;0000;0000;0182;0027;0039;0050;0000;0000;4951;000;8894;000000;0000;9816;000000;0000;0000;000000;0000;0063;000000;6055;0013;000000;6250;0001;000000;6024;0011;000000;0000;0060;000000;0000;0005;000000;8597;0035;000000;0000;1989;000000;0000;6352;000000;0000;0011;000000;6252;0000;110220;0011;0000;000000;0000;0000;000000;0000;8812;000000;8822;0000;000000;0000;04;902224466;G015194A@BBVA.COM                       ;000000000                                                                                                    
0182;0001;5204;10;0018;000000000;SUPPORT BRAZIL                      ;SUPPORT BRAZIL      ;1345 AVENUE OF THE AMERICAS, 45     ;10105;                              ;                              ;0000;999999999;000000000;000000000;00000000;000000;           ;00;0000;160124;000000;0000;0000;0000;0000;0000;0000;0000;0000;00;2024-01-16;160124;1;0000;8;0;0;0;0;0;0;0;0;0102;1;0;2;3;0000;0;0;000090;0;0090;0;9;000000;00;0;0;0000;0000;0000;0000;0000;0000;0000;0000;9999;0099;0000;0000;0000;   ;0000;000000;0000;8208;000000;0000;2224;000000;0000;6531;000000;0000;7236;000000;7223;0001;000000;6881;0400;000000;0000;0060;000000;0000;0000;000000;0000;0000;000000;0000;0000;000000;0000;0000;000000;0000;0001;000000;0000;0291;000000;0000;0000;000000;0000;0000;000000;0000;0000;000000;0000;0000;000000;0000;00;000000000;                                        ;000000000                                                                                                    
0182;0001;5209;10;0018;000000000;GCC BRAZIL                          ;GCC BRAZIL          ;1345 AVENUE OF THE AMERICAS, 45     ;10105;                              ;                              ;0000;999999999;000000000;000000000;00000000;000000;           ;00;0000;160124;000000;0000;0000;0000;0000;0000;0000;0000;0000;00;2024-01-16;160124;1;0000;8;0;0;0;0;0;0;0;0;0102;1;0;2;3;0000;0;0;000090;0;0090;0;9;000000;00;0;0;0000;0000;0000;0000;0000;0000;0000;0000;9999;0099;0000;0000;0000;   ;0000;000000;0000;8208;000000;0000;2224;000000;0000;6531;000000;0000;7236;000000;7223;0001;000000;6881;0400;000000;0000;0060;000000;0000;0000;000000;0000;0000;000000;0000;0000;000000;0000;0000;000000;0000;0001;000000;0000;0292;000000;0000;0000;000000;0000;0000;000000;0000;0000;000000;0000;0000;000000;0000;00;000000000;                                        ;000000000                                                                                                    
0182;0001;5217;10;0018;000000000;ESTAMBUL (OF.REPRESENTACION)        ;ESTAMBUL (REPRESEN) ;NISPETIYE MAHALLESI, AYTAR CADDESI,2;34340;                              ;                              ;0000;999999999;000000000;000000000;00000000;000000;           ;00;0000;210711;000000;0000;0000;0000;0000;0000;0000;0000;0000;00;2011-10-11;000000;0;0000;8;0;0;0;0;0;0;0;0;0100;1;0;0;3;0000;0;0;000090;0;0090;0;9;000000;00;0;0;0000;0000;0000;0000;0000;0000;0000;0000;0000;0000;0000;0000;0000;   ;0000;000000;0000;7634;000000;0000;2128;000000;0000;0000;000000;0000;2132;000000;6052;0001;000000;0000;0052;000000;0000;0060;000000;0000;0000;000000;0000;0000;000000;0000;0000;000000;0000;0000;000000;0000;0000;000000;0000;0000;000000;0000;0000;000000;0000;0000;000000;0000;0000;000000;0000;0000;000000;0000;00;000000000;                                        ;000000000                                                                                                    
0182;0001;5245;10;0001;150680607;PONTECESO                           ;PONTECESO           ;EDUARDO PONDAL, 32                  ;15110;                              ;                              ;0000;981714100;981714125;000000000;00000000;000000;00000000000;00;0000;010175;000000;0000;0000;0000;0000;0000;0000;0000;0000;00;2020-02-11;220981;1;0000;0;0;0;0;0;0;0;0;0;1101;1;0;1;1;0003;0;0;310010;1;0010;0;1;009000;09;0;0;0613;2522;0182;6252;0000;0000;0182;0027;0039;0070;0000;0000;2200;   ;9363;000000;0000;9845;000000;0000;0000;000000;0000;1525;000000;6055;0013;000000;6250;0001;000000;6024;0011;000000;0000;0060;000000;0000;0011;000000;8591;0015;000000;0000;1985;000000;0000;6352;000000;0000;0010;000000;6252;0000;110220;0011;0000;000000;0000;5862;000000;0000;8815;000000;8825;0000;000000;0000;06;902224466;g015245a@bbva.com                       ;000000000                                                                                                    
0182;0001;5247;10;0018;000000000;HOLDING TAX                         ;HOLDING TAX         ;1345 AVENUE OF THE AMERICAS, 45     ;10105;                              ;                              ;0000;999999999;000000000;000000000;00000000;000000;           ;00;0000;160124;170124;0182;5232;0000;0000;0182;5232;0000;0000;00;2024-05-08;160124;1;0000;8;0;0;0;0;0;0;0;0;0102;1;0;2;3;0000;0;0;000090;0;0090;0;9;000000;00;0;0;0000;0000;0000;0000;0000;0000;0000;0000;9999;0099;0000;0000;0000;   ;0000;000000;0000;8257;000000;0000;2224;000000;0000;0000;000000;0000;7893;000000;6052;0001;000000;0000;0400;000000;0000;0060;000000;0000;0000;000000;0000;0000;000000;0000;0000;000000;0000;0000;000000;0000;0001;000000;0000;0000;000000;0000;0000;000000;0000;0000;000000;0000;0000;000000;0000;0000;000000;0000;00;000000000;                                        ;000000000                                                                                                    
0182;0001;5264;10;0018;000000000;HOLDING CIB & SUSTAINABILITY        ;HOLD. CIB & SUSTAIN ;1345 AVENUE OF THE AMERICAS, 45     ;10105;                              ;                              ;0000;999999999;000000000;000000000;00000000;000000;           ;00;0000;160124;000000;0000;0000;0000;0000;0000;0000;0000;0000;00;2024-01-16;160124;1;0000;8;0;0;0;0;0;0;0;0;0102;1;0;2;3;0000;0;0;000090;0;0090;0;9;000000;00;0;0;0000;0000;0000;0000;0000;0000;0000;0000;9999;0099;0000;0000;0000;   ;0000;000000;0000;8257;000000;0000;2224;000000;0000;0000;000000;0000;7893;000000;6052;0001;000000;0000;0400;000000;0000;0060;000000;0000;0000;000000;0000;0000;000000;0000;0000;000000;0000;0000;000000;0000;0001;000000;0000;0297;000000;0000;0000;000000;0000;0000;000000;0000;0000;000000;0000;0000;000000;0000;00;000000000;                                        ;000000000                                                                                                    
0182;0001;5273;20;0000;082850002;CBC-TORELLO                         ;CBC-TORELLO         ;DEL PONT, 40                        ;08570;                              ;                              ;0000;938591112;000000000;000000000;00000000;000000;           ;00;0000;030513;000000;0000;0000;0000;0000;0000;0000;0000;0000;00;2018-11-23;000000;0;0060;0;0;0;0;0;0;0;0;0;0100;1;0;0;0;0010;0;1;000090;0;0090;0;9;005000;05;0;0;0000;2542;0000;0000;0000;0000;0182;0027;0000;0000;0000;0000;0000;   ;5273;000000;0000;5299;000000;0000;0000;000000;0000;8302;000000;6055;0013;000000;6250;0001;000000;6024;0011;000000;0000;0060;000000;0000;0009;000000;8593;0000;000000;0000;0800;000000;0000;6352;000000;0000;0000;000000;0000;0000;000000;0000;0000;000000;0000;5855;000000;0000;8811;000000;5207;0000;000000;0000;03;000000000;G015273A@BBVA.COM                       ;000000000                                                                                                    
0182;0001;5275;20;0000;080880001;CBC-LA GARRIGA                      ;CBC-LA GARRIGA      ;BANYS, 28                           ;08530;                              ;                              ;0000;938605143;000000000;000000000;00000000;000000;           ;00;0000;030513;000000;0000;0000;0000;0000;0000;0000;0000;0000;00;2021-08-02;000000;0;0060;0;0;0;0;0;0;0;0;0;0100;1;0;0;0;0010;0;1;000090;0;0090;0;9;005000;05;0;0;0000;2542;0000;0000;0000;0000;0182;0027;0000;0000;0000;0000;0000;   ;5275;000000;0000;5299;000000;0000;0000;000000;0000;8302;000000;6055;0013;000000;6250;0001;000000;6024;0011;000000;0000;0060;000000;0000;0009;000000;8593;0000;000000;0000;0800;000000;0000;6352;000000;0000;0000;000000;0000;0000;000000;0000;0000;000000;0000;5855;000000;0000;8811;000000;5207;0000;000000;0000;03;000000000;G015275A@BBVA.COM                       ;000000000                                                                                                    
0182;0001;5277;20;0000;081360001;CBC-MONTORNES                       ;CBC-MONTORNES       ;AV. ONZE DE SETEMBRE, 34            ;08170;                              ;                              ;0000;935721199;000000000;000000000;00000000;000000;           ;00;0000;030513;000000;0000;0000;0000;0000;0000;0000;0000;0000;00;2023-02-28;000000;0;0060;0;0;0;0;0;0;0;0;0;0100;1;0;0;0;0010;0;1;000090;0;0090;0;9;005000;05;0;0;0000;2542;0000;0000;0000;0000;0182;0027;0000;0000;0000;0000;0000;   ;5277;000000;0000;5299;000000;0000;0000;000000;0000;8302;000000;6055;0013;000000;6250;0001;000000;6024;0011;000000;0000;0060;000000;0000;0009;000000;8593;0000;000000;0000;0800;000000;0000;6352;000000;0000;0000;000000;0000;0000;000000;0000;0000;000000;0000;5855;000000;0000;8811;000000;8821;0000;000000;0000;03;000000000;G015277A@BBVA.COM                       ;000000000                                                                                                    
0182;0001;5282;10;0049;000000000;EDIFICIO QUELUZ                     ;EDIFICIO QUELUZ     ;QUELUZ                              ;02730;                              ;                              ;0000;999999999;000000000;000000000;00000000;000000;           ;00;0000;100724;000000;0000;0000;0000;0000;0000;0000;0000;0000;00;2024-07-10;100724;1;0000;0;0;0;0;0;0;0;0;0;0100;1;0;0;3;0000;0;0;000000;0;0000;0;0;000000;00;0;0;0000;0000;0000;0000;0000;0000;0000;0000;0000;0000;0000;0000;0000;   ;0000;000000;0000;4155;000000;0000;4501;000000;0000;0000;000000;4132;3080;000000;0000;0001;000000;0000;0010;000000;0000;0000;000000;0000;0000;000000;8360;0000;000000;0000;0000;000000;0000;0000;000000;0000;0000;000000;0000;0000;000000;0000;0000;000000;0000;0000;000000;0000;0000;000000;0000;0000;000000;0000;00;000000000;                                        ;000000000                                                                                                    
0182;0001;5283;10;0049;000000000;ICON DOURO                          ;ICON DOURO          ;TRAVESSA DO POETA, 72               ;04100;                              ;                              ;0000;999999999;000000000;000000000;00000000;000000;           ;00;0000;010425;000000;0000;0000;0000;0000;0000;0000;0000;0000;00;2025-06-11;010425;1;0000;0;0;0;0;0;0;0;0;0;0100;1;0;0;3;0000;0;0;000000;0;0000;0;0;000000;00;0;0;0000;0000;0000;0000;0000;0000;0000;0000;0000;0000;0000;0000;0000;   ;0000;000000;0000;4155;000000;0000;4501;000000;0000;0000;000000;4132;3080;000000;0000;0001;000000;0000;0010;000000;0000;0000;000000;0000;0000;000000;8360;0000;000000;0000;0000;000000;0000;0000;000000;0000;0000;000000;0000;0000;000000;0000;0000;000000;0000;0000;000000;0000;0000;000000;0000;0000;000000;0000;00;000000000;                                        ;000000000                                                                                                    
0182;0001;5300;10;0001;150700539;AS PONTES DE GARCIA RODRIGUEZ       ;AS PONTES GARCIA RO.;AV. GALICIA, 89                     ;15320;                              ;                              ;0000;981450604;981450641;000000000;00000000;000024;00000000000;00;0000;010175;000000;0000;0000;0000;0000;0000;0000;0000;0000;00;2020-02-11;090282;1;0000;0;0;0;0;0;0;0;0;0;1101;1;0;1;1;0003;0;0;310010;1;0010;0;1;007000;07;0;0;0679;2522;0182;6252;0000;0000;0182;0027;0039;0070;0000;0000;2200;   ;9412;000000;0000;9845;000000;0000;0000;000000;0000;1525;000000;6055;0013;000000;6250;0001;000000;6024;0011;000000;0000;0060;000000;0000;0011;000000;8591;0015;000000;0000;1985;000000;0000;6352;000000;0000;0010;000000;6252;0000;110220;0011;0000;000000;0000;5862;000000;0000;8815;000000;8825;0000;000000;0000;04;902224466;G015300A@BBVA.COM                       ;000000000                                                                                                    
0182;0001;5355;10;0001;360030401;BAIONA                              ;BAIONA              ;ALFEREZ J. BARREIRO, 10             ;36300;                              ;                              ;0000;986385006;986385997;000000000;00000000;000000;00000000000;00;0000;010175;000000;0000;0000;0000;0000;0000;0000;0000;0000;00;2020-02-11;040582;1;0000;0;0;0;0;0;0;0;0;0;1101;1;0;1;1;0003;0;0;310010;1;0010;0;1;001000;01;0;0;0899;2522;0182;6252;0000;0000;0182;0027;0039;0070;0000;0000;5150;   ;9388;000000;0000;9844;000000;0000;0000;000000;0000;1525;000000;6055;0013;000000;6250;0001;000000;6024;0011;000000;0000;0060;000000;0000;0011;000000;8591;0036;000000;0000;1985;000000;0000;6352;000000;0000;0010;000000;6252;0000;110220;0011;0000;000000;0000;5862;000000;0000;8815;000000;8825;0000;000000;0000;06;902224466;G015355A@BBVA.COM                       ;000000000                                                                                                    
0182;0001;5360;10;0001;380310029;LOS REALEJOS                        ;LOS REALEJOS        ;SAN AGUSTIN, 58                     ;38410;                              ;                              ;0000;922340350;922340354;000000000;00000000;000000;00000000000;00;0000;010175;000000;0000;0000;0000;0000;0000;0000;0000;0000;00;2025-01-14;080981;1;0000;0;0;0;0;0;0;0;0;0;1101;1;0;1;1;0003;0;0;310010;1;0010;0;1;008004;08;0;0;4770;2536;0182;6252;0000;0000;0182;0027;0039;0045;0000;0000;0770;   ;8865;000000;0000;9814;000000;0000;0000;000000;0000;0063;000000;6055;0013;000000;6250;0001;000000;6024;0011;000000;0000;0060;000000;0000;0005;000000;8597;0038;000000;0000;1989;000000;0000;6352;000000;0000;0011;000000;6252;0000;040821;0011;0000;000000;0000;0000;000000;0000;8812;000000;8822;0000;000000;0000;04;902224466;G015360A@BBVA.COM                       ;000000000                                                                                                    
0182;0001;5361;10;0001;380310029;LOS REALEJOS-EL TOSCAL              ;LOS REALEJOS-TOSCAL ;EL TOSCAL, 2                        ;38417;                              ;                              ;0000;922362009;999999999;000000000;00000000;000000;00000000000;00;0000;010175;000000;0000;0000;0000;0000;0000;0000;0000;0000;00;2025-01-14;021182;1;0000;0;0;0;0;0;0;0;0;0;0101;1;0;1;1;0003;0;0;310010;1;0010;0;1;008114;08;1;1;4770;2536;0182;6252;0000;0000;0182;0027;0039;0045;0000;0000;0770;   ;8865;000000;0000;9814;000000;0000;0000;000000;0000;0063;000000;6055;0013;000000;6250;0001;000000;6024;0011;000000;0000;0060;000000;0000;0005;000000;8597;0038;000000;0000;1989;000000;0000;6352;000000;0000;0011;000000;6252;0000;110220;0011;0000;000000;0000;0000;000000;0000;8812;000000;8822;0000;000000;0000;04;902224466;G015361A@BBVA.COM                       ;000000000                                                                                                    
0182;0001;5395;10;0001;200670001;ERRENTERIA                          ;ERRENTERIA          ;VITERI, 42                          ;20100;                              ;                              ;0000;943344026;943344200;000000000;00000000;000028;00000000000;00;0000;010175;000000;0000;0000;0000;0000;0000;0000;0000;0000;00;2020-02-11;051081;1;0000;0;0;0;0;0;0;0;0;0;1101;1;0;1;1;0003;0;0;310010;1;0010;0;1;008003;08;0;0;3160;2529;0182;6252;0000;0000;0182;0027;0039;0030;0000;0000;5700;   ;9175;000000;0000;9832;000000;0000;0000;000000;0000;1523;000000;6055;0013;000000;6250;0001;000000;6024;0011;000000;0000;0060;000000;0000;0015;000000;8592;0020;000000;0000;2017;000000;0000;6352;000000;0000;0008;000000;6252;0000;110220;0011;0000;000000;0000;5858;000000;0000;8816;000000;8826;0000;000000;0000;03;902224466;g015395a@bbva.com                       ;000000000                                                                                                    
0182;0001;5460;10;0001;093210001;ROA DE DUERO                        ;ROA DE DUERO        ;PL. MAYOR DE SANTA MARIA, 12        ;09300;                              ;                              ;0000;947540009;000000000;000000000;00000000;000000;00000000000;00;0000;010175;000000;0000;0000;0000;0000;0000;0000;0000;0000;00;2021-08-03;111181;1;0000;0;0;0;0;0;0;0;0;0;1101;1;0;1;1;0003;0;0;310010;1;0010;0;1;009000;09;0;0;0784;2522;0182;6252;0000;0000;0182;0027;0039;0060;0000;0000;1758;   ;9299;000000;0000;9847;000000;0000;0000;000000;0000;1525;000000;6055;0013;000000;6250;0001;000000;6024;0011;000000;0000;0060;000000;0000;0007;000000;8591;0009;000000;0000;1985;000000;0000;6352;000000;0000;0013;000000;6252;0000;030821;0011;0000;000000;0000;5862;000000;0000;8815;000000;8825;0000;000000;0000;07;902224466;G015460A@BBVA.COM                       ;000000000                                                                                                    
0182;0001;5480;10;0001;241340008;LA ROBLA                            ;LA ROBLA            ;RAMON Y CAJAL, 7                    ;24640;                              ;                              ;0000;987572167;987572162;000000000;00000000;000000;00000000000;00;0000;010175;000000;0000;0000;0000;0000;0000;0000;0000;0000;00;2020-12-14;041181;1;0000;0;0;0;0;0;0;0;0;0;1101;1;0;1;1;0003;0;0;310010;1;0010;0;1;001000;01;0;0;0692;2522;0182;6252;0000;0000;0182;0027;0039;0055;0000;0000;3330;   ;9385;000000;0000;9843;000000;0000;0000;000000;0000;1525;000000;6055;0013;000000;6250;0001;000000;6024;0011;000000;0000;0060;000000;0000;0007;000000;8591;0024;000000;0000;1985;000000;0000;6352;000000;0000;0013;000000;6252;0000;110220;0011;0000;000000;0000;5862;000000;0000;8815;000000;8825;0000;000000;0000;06;902224466;G015480A@BBVA.COM                       ;000000000                                                                                                    
0182;0001;5485;10;0001;081810001;LA ROCA DEL VALLES                  ;LA ROCA DEL VALLES  ;CATALUNYA, 31                       ;08430;                              ;                              ;0000;938422125;938422126;000000000;00000000;000000;00000000000;00;0000;010175;000000;0000;0000;0000;0000;0000;0000;0000;0000;00;2021-11-24;081281;1;0000;0;0;0;0;0;0;0;0;0;1101;1;0;1;1;0003;0;0;310010;1;0010;0;1;001009;01;0;0;9796;2542;0182;6252;0000;0000;0182;0027;0039;0035;0000;0000;1797;   ;9635;000000;0000;9920;000000;0000;0000;000000;0000;8302;000000;6055;0013;000000;6250;0001;000000;6024;0011;000000;0000;0060;000000;0000;0009;000000;8593;0008;000000;0000;0800;000000;0000;6352;000000;0000;0007;000000;6252;0000;110220;0011;0000;000000;0000;5855;000000;0000;8811;000000;5207;0000;000000;0000;05;902224466;G015485A@BBVA.COM                       ;000000000                                                                                                    
0182;0001;5511;10;0001;460170001;ALZIRA CENTRO DE GESTION DE EMPRESAS;ALZIRA C.GEST.EMPRES;AV. SANTOS PATRONOS, 7 PLTA1        ;46600;                              ;                              ;0000;962403780;962403827;962415355;00000000;000000;00000000000;00;0000;170694;221121;0182;2339;0000;0000;0182;2339;0000;0000;00;2022-01-12;170694;1;0000;0;0;0;0;0;0;0;0;0;1101;1;0;1;1;6003;0;0;310090;1;0090;0;9;034712;34;7;1;2339;0000;0182;6252;0000;0000;0182;0027;0039;0065;0000;0000;7710;   ;0000;000000;0000;8457;000000;0000;8432;000000;0000;1582;000000;8415;0058;000000;6051;0001;000000;6024;0011;000000;0000;0060;000000;0000;0017;000000;8595;0046;000000;0000;0595;000000;0000;6352;000000;0000;0009;000000;6252;0000;231121;0011;0000;000000;0000;5866;000000;0000;8814;000000;8824;0000;000000;0000;05;000000000;G015511A@BBVA.COM                       ;000000000                                                                                                    
0182;0001;5513;10;0001;461450006;XATIVA CENTRO DE GESTION DE EMPRESAS;XATIVA C.GEST.EMPRES;ALBEREDA JAUME I, 42 PLTA1          ;46800;                              ;                              ;0000;962276211;962276250;962281031;00000000;000000;00000000000;00;0000;170694;221121;0182;5565;0000;0000;0182;5565;0000;0000;00;2022-01-12;170694;1;0000;0;0;0;0;0;0;0;0;0;1101;1;0;1;1;6003;0;0;310090;1;0090;0;9;034715;34;7;1;5565;0000;0182;6252;0000;0000;0182;0027;0039;0065;0000;0000;7710;   ;0000;000000;0000;8457;000000;0000;8432;000000;0000;1582;000000;8415;0058;000000;6051;0001;000000;6024;0011;000000;0000;0060;000000;0000;0017;000000;8595;0046;000000;0000;0595;000000;0000;6352;000000;0000;0009;000000;6252;0000;231121;0011;0000;000000;0000;5866;000000;0000;8814;000000;8824;0000;000000;0000;05;000000000;G015513A@BBVA.COM                       ;000000000                                                                                                    
0182;0001;5532;10;0001;030310001;BENIDORM-EMPRESAS                   ;BENIDORM-EMPRESAS   ;PUENTE, S/N                         ;03501;                              ;                              ;0000;966801808;966802517;966805422;00000000;000000;00000000000;00;0000;170694;201123;0182;2364;0000;0000;0182;2364;0000;0000;00;2023-11-17;170694;1;0000;0;0;0;0;0;0;0;0;0;1101;1;0;1;1;6003;0;0;310090;1;0090;0;9;004710;04;7;1;0000;0000;0182;6252;0000;0000;0182;0027;0039;0065;0000;0000;0100;   ;0000;000000;0000;8457;000000;0000;8432;000000;0000;1582;000000;8415;0058;000000;6051;0001;000000;6024;0011;000000;0000;0060;000000;0000;0017;000000;8595;0003;000000;0000;0595;141194;0139;6352;000000;0000;0009;000000;6252;0000;230320;0011;0000;000000;0000;5866;000000;0000;8814;000000;8824;0000;000000;0000;04;000000000;G015532A@BBVA.COM                       ;000000000                                                                                                    
0182;0001;5606;10;0001;081980007;SANT ANTONI-VILAMAJOR               ;S. ANTONI VILAMAJOR ;PL. MONTSENY, 4                     ;08459;                              ;                              ;0000;938450975;000000000;000000000;00000000;000000;00000000000;00;0000;010175;000000;0000;0000;0000;0000;0000;0000;0000;0000;00;2020-08-03;081281;1;0000;0;0;0;0;0;0;0;0;0;1101;1;0;1;1;0003;0;0;310010;1;0010;0;1;009009;09;0;0;9796;2542;0182;6252;0000;0000;0182;0027;0039;0035;0000;0000;1797;   ;9635;000000;0000;9920;000000;0000;0000;000000;0000;8302;000000;6055;0013;000000;6250;0001;000000;6024;0011;000000;0000;0060;000000;0000;0009;000000;8593;0008;000000;0000;0800;000000;0000;6352;000000;0000;0007;000000;6252;0000;110220;0011;0000;000000;0000;5855;000000;0000;8811;000000;5207;0000;000000;0000;04;902224466;G015606A@BBVA.COM                       ;000000000                                                                                                    
0182;0001;5619;10;0001;350190020;SAN FERNANDO DE MASPALOMAS          ;S.FERNANDO MASPALOMA;C. C. RONDA, LOCALES 12 Y 13        ;35100;                              ;                              ;0000;928764456;000000000;000000000;00000000;000000;00000000000;00;0000;010175;231125;0182;7566;0000;0000;0182;7566;0000;0000;00;2025-11-21;210788;1;0000;0;0;0;0;0;0;0;0;0;1101;1;0;1;1;0003;0;0;310090;1;0090;0;9;040707;40;7;0;7566;2536;0182;6252;0000;0000;0182;0027;0039;0050;0000;0000;4951;   ;8886;000000;0000;9816;000000;0000;0000;000000;0000;0063;000000;6055;0013;000000;6250;0001;000000;6024;0011;000000;0000;0060;000000;0000;0005;000000;8597;0035;000000;0000;1989;000000;0000;6352;000000;0000;0011;000000;6252;0000;021120;0011;0000;000000;0000;0000;000000;0000;8812;000000;8822;0000;000000;0000;06;902224466;G015619A@BBVA.COM                       ;000000000                                                                                                    
0182;0001;5645;10;0036;031190001;SAN JUAN DE ALICANTE-RAMBLA         ;SAN JUAN-RAMBLA     ;AV. LA RAMBLA, 49                   ;03550;                              ;                              ;0000;965939012;965939143;000000000;00000000;000049;00000000000;00;0000;010175;000000;0000;0000;0000;0000;0000;0000;0000;0000;00;2021-08-03;221081;1;0000;0;0;0;0;0;0;0;0;0;1101;1;0;1;1;0003;0;0;310010;1;0010;0;1;007005;07;0;0;5645;2534;0182;6252;0000;0000;0182;0027;0039;0065;0000;0000;0100;   ;9458;000000;0000;9884;000000;0000;0000;000000;0000;1964;000000;6055;0013;000000;6250;0001;000000;6024;0011;000000;0000;0060;000000;0000;0017;000000;8595;0003;000000;0000;0595;141194;0139;6352;000000;0000;0009;000000;6252;0000;030821;0011;0000;000000;0002;5859;000000;0000;8814;000000;8824;0000;000000;0000;02;902224466;G015645A@BBVA.COM                       ;000000000                                                                                                    
0182;0001;5660;10;0001;350200008;ALDEA DE SAN NICOLAS                ;ALDEA DE SAN NICOLAS;REAL, 8                             ;35470;                              ;                              ;0000;928890025;928890026;000000000;00000000;000000;00000000000;00;0000;010175;000000;0000;0000;0000;0000;0000;0000;0000;0000;00;2020-02-11;011281;1;0000;0;0;0;0;0;0;0;0;0;1101;1;0;1;1;0003;0;0;310010;1;0010;0;1;009000;09;0;0;0550;2536;0182;6252;0000;0000;0182;0027;0039;0050;0000;0000;4951;   ;8898;000000;0000;9816;000000;0000;0000;000000;0000;0063;000000;6055;0013;000000;6250;0001;000000;6024;0011;000000;0000;0060;000000;0000;0005;000000;8597;0035;000000;0000;1989;000000;0000;6352;000000;0000;0011;000000;6252;0000;110220;0011;0000;000000;0000;0000;000000;0000;8812;000000;8822;0000;000000;0000;05;902224466;G015660A@BBVA.COM                       ;000000000                                                                                                    
0182;0001;5720;10;0001;380360016;SAN SEBASTIAN DE LA GOMERA          ;S.S. DE LA GOMERA   ;REAL, 45                            ;38800;                              ;                              ;0000;922870250;922871259;000000000;00000000;000002;00000000000;00;0000;010175;000000;0000;0000;0000;0000;0000;0000;0000;0000;00;2021-08-04;031181;1;0000;0;0;0;0;0;0;0;0;0;1101;1;0;1;1;0003;0;0;310010;1;0010;0;1;008001;08;0;0;1055;2536;0182;6252;0000;0000;0182;0027;0039;0045;0000;0000;0770;   ;8861;000000;0000;9814;000000;0000;0000;000000;0000;0063;000000;6055;0013;000000;6250;0001;000000;6024;0011;000000;0000;0060;000000;0000;0005;000000;8597;0038;000000;0000;1989;000000;0000;6352;000000;0000;0011;000000;6252;0000;040821;0011;0000;000000;0000;0000;000000;0000;8812;000000;8822;0000;000000;0000;05;902224466;G015720A@BBVA.COM                       ;000000000                                                                                                    
0182;0001;5728;10;0001;390800008;SAN VICENTE DE LA BARQUERA          ;SAN VICENTE BARQ.   ;AV. DE LOS SOPORTALES,  9           ;39540;                              ;                              ;0000;942710312;942710165;000000000;00000000;000000;00000000000;00;0000;010175;000000;0000;0000;0000;0000;0000;0000;0000;0000;00;2023-03-02;010884;1;0000;0;0;0;0;0;0;0;0;0;1101;1;0;1;1;0003;0;0;310010;1;0010;0;1;001000;01;0;0;0683;2529;0182;6252;0000;0000;0182;0027;0039;0055;0000;0000;3800;   ;9265;000000;0000;9836;000000;0000;0000;000000;0000;1523;000000;6055;0013;000000;6250;0001;000000;6024;0011;000000;0000;0060;000000;0000;0006;000000;8592;0039;000000;0000;2017;000000;0000;6352;000000;0000;0008;000000;6252;0000;020323;0011;0000;000000;0000;5858;000000;0000;8816;000000;8826;0000;000000;0000;06;902224466;G015728A@BBVA.COM                       ;000000000                                                                                                    
0182;0001;5735;10;0001;360510810;SANXENXO                            ;SANXENXO            ;RUA CESTEIROS, 1                    ;36960;                              ;                              ;0000;986727010;986727985;000000000;00000000;000000;00000000000;00;0000;010175;000000;0000;0000;0000;0000;0000;0000;0000;0000;00;2020-02-11;011281;1;0000;0;0;0;0;0;0;0;0;0;1101;1;0;1;1;0003;0;0;310010;1;0010;0;1;001000;01;0;0;0639;2522;0182;6252;0000;0000;0182;0027;0039;0070;0000;0000;5150;   ;9372;000000;0000;9844;000000;0000;0000;000000;0000;1525;000000;6055;0013;000000;6250;0001;000000;6024;0011;000000;0000;0060;000000;0000;0011;000000;8591;0036;000000;0000;1985;000000;0000;6352;000000;0000;0010;000000;6252;0000;110220;0011;0000;000000;0000;5862;000000;0000;8815;000000;8825;0000;000000;0000;04;902224466;G015735A@BBVA.COM                       ;000000000                                                                                                    
0182;0001;5740;10;0001;110320007;SANLUCAR DE BARRAMEDA-ANCHA         ;SANLUCAR BDA.-ANCHA ;ANCHA, 11                           ;11540;                              ;                              ;0000;956385260;956385262;000000000;00000000;000010;00000000000;00;0000;010175;000000;0000;0000;0000;0000;0000;0000;0000;0000;00;2020-02-11;251181;1;0000;0;0;0;0;0;0;0;0;0;1101;1;0;1;1;0003;0;0;310010;1;0010;0;1;007003;07;0;0;3146;2527;0182;6252;0000;0000;0182;0027;0039;0085;0000;0000;1600;   ;8920;000000;0000;9822;000000;0000;0000;000000;0000;0072;000000;6055;0013;000000;6250;0001;000000;6024;0011;000000;0000;0060;000000;0000;0001;000000;8596;0011;000000;0000;0479;000000;0000;6352;000000;0000;0012;000000;6252;0000;110220;0011;0000;000000;0000;0000;000000;0000;8817;000000;8827;0000;000000;0000;03;902224466;G015740A@BBVA.COM                       ;000000000                                                                                                    
0182;0001;5751;10;0018;000000000;MILAN-PROJECT FINANCE               ;MILAN-PROJEC.FINANCE;VIA POLI, 3                         ;00000;                              ;                              ;0000;000762961;000000000;000000000;00000000;000000;           ;00;0000;300604;000000;0000;0000;0000;0000;0000;0000;0000;0000;00;2012-05-08;300604;1;0000;0;0;0;0;0;0;0;0;0;0102;1;0;2;3;0000;0;0;000090;0;0090;0;9;000000;00;0;0;0000;0000;0000;0000;0000;0000;0000;0000;9999;0099;0000;0000;0000;000;0000;000000;0000;0000;000000;0000;2222;000000;0000;7689;000000;0000;7682;000000;7657;0001;000000;6038;0005;000000;0000;0060;000000;0000;0000;000000;0000;0000;000000;0000;0000;000000;0000;0000;000000;0000;0000;000000;0000;0058;000000;0000;0000;000000;0000;0000;000000;0000;0000;000000;0000;0000;000000;0000;00;000000000;                                        ;000000000                                                                                                    
0182;0001;5764;10;0001;040790001;AGUADULCE                           ;AGUADULCE           ;AV. CARLOS III, ESQ. C/LIMA         ;04720;                              ;                              ;0000;950345352;950345563;000000000;00000000;000000;           ;00;0000;010904;000000;0000;0000;0000;0000;0000;0000;0000;0000;00;2021-11-04;010904;1;0000;0;0;0;0;0;0;0;0;0;0101;1;0;1;1;0003;0;0;310010;1;0010;0;1;008002;08;0;0;2420;2527;0182;6252;0000;0000;0182;0027;0039;0085;0000;0000;1809;000;9008;000000;0000;9821;000000;0000;0000;000000;0000;0072;000000;6055;0013;000000;6250;0001;000000;6024;0011;000000;0000;0060;000000;0000;0001;000000;8596;0004;000000;0000;0479;000000;0000;6352;000000;0000;0012;000000;6252;0000;041121;0011;0000;000000;0000;0000;000000;0000;8817;000000;8827;0000;000000;0000;05;000000000;G015764A@BBVA.COM                       ;000000000                                                                                                    
0182;0001;5789;10;0001;350340004;PLAYA BLANCA                        ;PLAYA BLANCA        ;LOS LIMONES, 96                     ;35580;                              ;                              ;0000;928518424;928518308;000000000;00000000;000000;           ;00;0000;061000;000000;0000;0000;0000;0000;0000;0000;0000;0000;00;2021-08-03;061000;1;0000;0;0;0;0;0;0;0;0;0;1101;1;0;1;1;0003;0;0;310010;1;0010;0;1;008000;08;0;0;0779;2536;0182;6252;0000;0000;0182;0027;0039;0050;0000;0000;4951;   ;8884;000000;0000;9816;000000;0000;0000;000000;0000;0063;000000;6055;0013;000000;6250;0001;000000;6024;0011;000000;0000;0060;000000;0000;0005;000000;8597;0035;000000;0000;1989;000000;0000;6352;000000;0000;0011;000000;6252;0000;110220;0011;0000;000000;0000;0000;000000;0000;8812;000000;8822;0000;000000;0000;06;902224466;G015789A@BBVA.COM                       ;000000000                                                                                                    
0182;0001;5830;10;0001;070540004;SANTA EULARIA DES RIU-SAN MARINO    ;S.EULARIA-S.MARINO  ;RICARDO CURTOYS, 2 EDIF. SAN MARINO ;07840;                              ;                              ;0000;971338009;000000000;000000000;00000000;000263;00000000000;00;0000;010175;000000;0000;0000;0000;0000;0000;0000;0000;0000;00;2020-02-11;261081;1;0000;0;0;0;0;0;0;0;0;0;1101;1;0;1;1;0003;0;0;310010;1;0010;0;1;007006;07;0;0;6838;2534;0182;6252;0000;0000;0182;0027;0039;0075;0000;0000;4900;   ;9485;000000;0000;9883;000000;0000;0000;000000;0000;1964;000000;6055;0013;000000;6250;0001;000000;6024;0011;000000;0000;0060;000000;0000;0004;000000;8595;0007;000000;0000;0595;141194;1982;6352;000000;0000;0007;000000;6252;0000;110220;0011;0000;000000;0000;5859;000000;0000;8814;000000;8824;0000;000000;0000;04;902224466;g015830a@bbva.com                       ;000000000                                                                                                    
0182;0001;5834;10;0032;350160024;CTRO GEST.COLECTIVOS CANARIAS       ;CGC.CANARIAS        ;ALBAREDA, 6 PLTA1                   ;35008;                              ;                              ;0000;928451555;000000000;928451556;00000000;000000;           ;00;0000;120601;000000;0000;0000;0000;0000;0000;0000;0000;0000;00;2021-11-23;000000;0;0060;0;0;0;0;0;0;0;0;0;0100;1;0;0;1;0012;0;1;200090;0;0090;0;9;001900;01;9;0;0000;5386;0000;0000;0000;0000;0182;0027;0039;0045;0000;0000;0770;   ;0000;000000;0000;2569;000000;0000;0000;000000;0000;0063;000000;6055;0013;000000;6250;0001;000000;6024;0011;000000;0000;0060;000000;0000;0005;000000;8597;0035;000000;0000;1989;000000;0000;6352;000000;0000;0000;000000;0000;0000;000000;0000;0000;000000;0000;0000;000000;0000;0000;000000;0000;0000;000000;0000;00;000000000;                                        ;000000000                                                                                                    
0182;0001;5849;10;0018;000000000;MILAN-EURODEPOSITOS ESTRUCTURAS     ;MILAN-EURODEP.ESTRU.;VIA CINO DEL DUCA, 8                ;20122;                              ;                              ;0000;000762961;000000000;000762962;00321072;000000;           ;00;0000;020102;000000;0000;0000;0000;0000;0000;0000;0000;0000;00;2011-10-18;020102;1;0000;8;0;0;0;0;0;0;0;0;0102;1;0;2;3;0000;0;0;000090;0;0090;0;9;000100;00;1;0;0000;0000;0000;0000;0000;0000;0000;0000;9999;0099;0000;0000;0000;   ;8203;000000;0000;2492;000000;0000;2222;000000;0000;7771;000000;0000;7770;000000;6213;0001;000000;6038;0005;000000;0000;0060;000000;0000;0000;000000;0000;0000;000000;0000;0000;000000;0000;0000;000000;0000;0001;000000;0000;0057;000000;0000;0000;000000;0000;0000;000000;0000;0000;000000;0000;0000;000000;0000;00;000000000;                                        ;000000000                                                                                                    
0182;0001;5864;10;0006;350160024;BEC CER CANARIAS                    ;BEC CER CANARIAS    ;ALBAREDA, 6                         ;35008;                              ;                              ;0000;913748126;000000000;928451576;00000000;000000;           ;00;0000;010601;000000;0000;0000;0000;0000;0000;0000;0000;0000;00;2011-10-18;000000;0;0060;0;0;0;0;0;0;0;0;0;0100;1;0;0;1;0010;0;1;000090;0;0090;0;9;000900;00;9;0;0000;0000;0000;0000;0000;0000;0182;0027;0039;0050;0000;0000;4951;   ;0000;000000;0000;8455;000000;0000;8438;000000;0000;1577;000000;8417;0058;000000;6051;0001;000000;6024;0011;000000;0000;0060;000000;0000;0005;000000;8597;0035;000000;0000;1989;000000;0000;6352;000000;0000;0000;000000;0000;0000;000000;0000;0000;000000;0000;0000;000000;0000;0000;000000;0000;0000;000000;0000;00;000000000;                                        ;000000000                                                                                                    
0182;0001;5889;10;0001;280100001;ALPEDRETE                           ;ALPEDRETE           ;MAESTRO,7 C/V CASA CULTURA          ;28430;                              ;                              ;0000;918572816;000000000;000000000;00000000;000000;           ;00;0000;081001;000000;0000;0000;0000;0000;0000;0000;0000;0000;00;2020-02-11;081001;1;0000;0;0;0;0;0;0;0;0;0;1101;1;0;1;1;0003;0;0;310010;1;0010;0;1;001009;01;0;0;9095;2528;0182;6252;0000;0000;0182;0027;0039;0095;0000;0000;4000;   ;8788;000000;0000;9809;000000;0000;0000;000000;0000;0051;000000;6055;0013;000000;6250;0001;000000;6024;0011;000000;0000;0060;000000;0000;0012;000000;8594;0028;000000;0000;0985;000000;0000;6352;000000;0000;0006;000000;6252;0000;110220;0011;0000;000000;0000;5856;000000;0000;8813;000000;8823;0000;000000;0000;06;902224466;G015889A@BBVA.COM                       ;000000000                                                                                                    
0182;0001;5900;10;0001;061220003;LOS SANTOS DE MAIMONA               ;SANTOS DE MAIMONA   ;RAMON Y CAJAL, 4                    ;06230;                              ;                              ;0000;924281598;000000000;000000000;00000000;000001;00000000000;00;0000;010175;000000;0000;0000;0000;0000;0000;0000;0000;0000;00;2023-08-17;240282;1;0000;0;0;0;0;0;0;0;0;0;1101;1;0;1;1;0003;0;0;310010;1;0010;0;1;009000;09;0;0;0382;2527;0182;6252;0000;0000;0182;0027;0039;0096;0000;0000;1487;   ;8993;000000;0000;9826;000000;0000;0000;000000;0000;0072;000000;6055;0013;000000;6250;0001;000000;6024;0011;000000;0000;0060;000000;0000;0010;000000;8596;0006;000000;0000;0479;000000;0000;6352;000000;0000;0013;000000;6252;0000;170823;0011;0000;000000;0000;0000;000000;0000;8817;000000;8827;0000;000000;0000;05;902224466;G015900A@BBVA.COM                       ;000000000                                                                                                    
0182;0001;5907;10;0001;370850001;CARBAJOSA DE LA SAGRADA             ;CARBAJOSA DE SAGRADA;PZ. DE LA CONSTITUCION, 3           ;37188;                              ;                              ;0000;923208632;923208638;000000000;00000000;000000;           ;00;0000;171201;000000;0000;0000;0000;0000;0000;0000;0000;0000;00;2020-02-11;171201;1;0000;0;0;0;0;0;0;0;0;0;0101;1;0;1;1;0003;0;0;310010;1;0010;0;1;001005;01;0;0;5580;2522;0182;6252;0000;0000;0182;0027;0039;0060;0000;0000;5580;   ;9419;000000;0000;9847;000000;0000;0000;000000;0000;1525;000000;6055;0013;000000;6250;0001;000000;6024;0011;000000;0000;0060;000000;0000;0007;000000;8591;0037;000000;0000;1985;000000;0000;6352;000000;0000;0013;000000;6252;0000;110220;0011;0000;000000;0000;5862;000000;0000;8815;000000;8825;0000;000000;0000;06;902224466;G015907A@BBVA.COM                       ;000000000                                                                                                    
0182;0001;5921;10;0001;150780001;SANTIAGO DE COMPOSTELA-S. DEL ESTERO;SANTIAGO-S.ESTERO   ;SANTIAGO DEL ESTERO, 8              ;15706;                              ;                              ;0000;981592077;981592837;000000000;00000000;000000;00000000000;00;0000;010175;231125;0182;5920;0000;0000;0182;5920;0000;0000;00;2025-11-21;101181;1;0000;0;0;0;0;0;0;0;0;0;1101;1;0;1;1;0003;0;0;310090;1;0090;0;9;040715;40;7;1;5920;2522;0182;6252;0000;0000;0182;0027;0039;0070;0000;0000;2200;   ;9369;000000;0000;9845;000000;0000;0000;000000;0000;1525;000000;6055;0013;000000;6250;0001;000000;6024;0011;000000;0000;0060;000000;0000;0011;000000;8591;0015;000000;0000;1985;000000;0000;6352;000000;0000;0010;000000;6252;0000;110220;0011;0000;000000;0000;5862;000000;0000;8815;000000;8825;0000;000000;0000;05;902224466;G015921A@BBVA.COM                       ;000000000                                                                                                    
0182;0001;5925;10;0001;350160024;INSTITUCIONES CANARIAS              ;INSTITUCIONES CANARI;ALBAREDA, 6 PLTA1                   ;35008;                              ;                              ;0000;928451686;928451642;928451532;00000000;000000;00000000000;00;0000;170694;000000;0000;0000;0000;0000;0000;0000;0000;0000;00;2021-11-24;170694;1;0000;0;0;0;0;0;0;0;0;0;1101;1;0;1;1;6003;0;0;310010;1;0010;0;1;006112;06;1;1;2393;0000;0182;6252;0000;0000;0182;0027;0039;0050;0000;0000;4951;   ;0000;000000;0000;8494;000000;0000;0000;000000;0000;8406;000000;8417;0088;000000;6051;0001;000000;6024;0011;000000;0000;0060;000000;0000;0005;000000;8597;0035;000000;0000;1989;000000;0000;6352;000000;0000;0011;000000;6252;0000;241121;0011;0000;000000;0000;5864;000000;0000;8812;000000;8822;0000;000000;0000;04;000000000;G015925A@BBVA.COM                       ;000000000                                                                                                    
0182;0001;5948;10;0001;150020411;MILLADOIRO                          ;MILLADOIRO          ;AGRO DO MEDIO, 1                    ;15895;                              ;                              ;0000;981535141;000000000;000000000;00000000;000000;           ;00;0000;140302;000000;0000;0000;0000;0000;0000;0000;0000;0000;00;2020-02-11;140302;1;0000;0;0;0;0;0;0;0;0;0;0101;1;0;1;1;0003;0;0;310010;1;0010;0;1;001005;01;0;0;5920;2522;0182;6252;0000;0000;0182;0027;0039;0070;0000;0000;2200;   ;9369;000000;0000;9845;000000;0000;0000;000000;0000;1525;000000;6055;0013;000000;6250;0001;000000;6024;0011;000000;0000;0060;000000;0000;0011;000000;8591;0015;000000;0000;1985;000000;0000;6352;000000;0000;0010;000000;6252;0000;110220;0011;0000;000000;0000;5862;000000;0000;8815;000000;8825;0000;000000;0000;04;000000000;G015948A@BBVA.COM                       ;000000000                                                                                                    
0182;0001;5969;10;0001;110230009;MEDINA SIDONIA                      ;MEDINA SIDONIA      ;SAN JUAN, 20                        ;11170;MEDINA-SIDONIA                ;                              ;0000;956410289;956410481;000000000;00000000;000000;           ;00;0000;060502;000000;0000;0000;0000;0000;0000;0000;0000;0000;00;2020-02-11;060502;1;0000;0;0;0;0;0;0;0;0;0;0101;1;0;1;1;0003;0;0;310010;1;0010;0;1;001001;01;0;0;1076;2527;0182;6252;0000;0000;0182;0027;0039;0085;0000;0000;1600;   ;8926;000000;0000;9822;000000;0000;0000;000000;0000;0072;000000;6055;0013;000000;6250;0001;000000;6024;0011;000000;0000;0060;000000;0000;0001;000000;8596;0011;000000;0000;0479;000000;0000;6352;000000;0000;0012;000000;6252;0000;110220;0011;0000;000000;0000;0000;010708;0000;8817;000000;8827;0000;000000;0000;06;000000000;G015969A@BBVA.COM                       ;000000000                                                                                                    
0182;0001;5988;10;0001;150350213;FENE                                ;FENE                ;AV. MARQUES DE FIGUEROA, 1          ;15500;                              ;                              ;0000;981341000;000000000;000000000;00000000;000000;           ;00;0000;091102;000000;0000;0000;0000;0000;0000;0000;0000;0000;00;2020-02-11;091102;1;0000;0;0;0;0;0;0;0;0;0;0101;1;0;1;1;0003;0;0;310010;1;0010;0;1;001002;01;0;0;2680;2522;0182;6252;0000;0000;0182;0027;0039;0070;0000;0000;2200;   ;9408;000000;0000;9845;000000;0000;0000;000000;0000;1525;000000;6055;0013;000000;6250;0001;000000;6024;0011;000000;0000;0060;000000;0000;0011;000000;8591;0015;000000;0000;1985;000000;0000;6352;000000;0000;0010;000000;6252;0000;110220;0011;0000;000000;0000;5862;000000;0000;8815;000000;8825;0000;000000;0000;05;000000000;G015988A@BBVA.COM                       ;000000000                                                                                                    
0182;0001;5991;10;0018;000000000;COMPL COREA SUR CAP REG             ;C COREA SUR CAP REG ;5/F.SEOUL FINANCE CENTER, 84,TAEPYUN;99999;                              ;                              ;0000;999999999;000000000;000000000;00000000;000000;           ;00;0000;180221;000000;0000;0000;0000;0000;0000;0000;0000;0000;00;2021-02-26;180221;1;0000;8;0;0;0;0;0;0;0;0;0102;1;0;2;3;0000;0;0;000090;0;0090;0;9;000000;00;0;0;0000;0000;0000;0000;0000;0000;0000;0000;0000;0000;0000;0000;0000;   ;0000;000000;0000;0000;000000;0000;7251;000000;0000;2619;000000;0000;2133;000000;6052;0001;000000;0000;0728;000000;0000;0060;000000;0000;0000;000000;0000;0000;000000;0000;0000;000000;0000;0000;000000;0000;0001;000000;0000;0000;000000;0000;0000;000000;0000;0000;000000;0000;0000;000000;0000;0000;000000;0000;00;000000000;                                        ;000000000                                                                                                    
0182;0001;5998;10;0001;480130004;BARAKALDO-RETUERTO                  ;BARAKALDO-RETUERTO  ;HILARIO AGAPITO, 4                  ;48903;                              ;                              ;0000;944851802;944851803;000000000;00000000;000044;           ;00;0000;251102;000000;0000;0000;0000;0000;0000;0000;0000;0000;00;2021-08-04;251102;1;0000;0;0;0;0;0;0;0;0;0;0101;1;0;1;1;0003;0;0;310010;1;0010;0;1;001110;01;1;1;0780;2529;0182;6252;0000;0000;0182;0027;0039;0030;0000;0000;1290;   ;9226;000000;0000;9833;000000;0000;0000;000000;0000;1523;000000;6055;0013;000000;6250;0001;000000;6024;0011;000000;0000;0060;000000;0000;0015;000000;8592;0048;000000;0000;2017;000000;0000;6352;000000;0000;0008;000000;6252;0000;110220;0011;0000;000000;0000;5858;000000;0000;8816;000000;8826;0000;000000;0000;07;000000000;G015998A@BBVA.COM                       ;000000000                                                                                                    
0182;0001;6052;65;0000;000000000;AGREGADO RESTO DE AREAS(F)          ;AGREG RESTO AREAS(F);S.D.                                ;00000;                              ;                              ;0000;999999999;000000000;000000000;00000000;000000;           ;00;0000;181001;000000;0000;0000;0000;0000;0000;0000;0000;0000;00;2011-11-23;000000;0;0000;0;0;0;0;0;0;0;0;0;0100;1;0;0;0;0100;1;0;000090;0;0090;0;9;000100;00;1;0;0000;0000;0000;0000;0000;0000;0000;0000;0000;0000;0000;0000;0000;   ;0000;000000;0000;0000;000000;0000;0000;000000;0000;0000;000000;0000;0000;000000;6052;0001;000000;0000;0011;000000;0000;0060;000000;0000;0000;000000;0000;0000;000000;0000;0000;000000;0000;0000;000000;0000;0000;000000;0000;0000;000000;0000;0000;000000;0000;0000;000000;0000;0000;000000;0000;0000;000000;0000;00;000000000;                                        ;000000000                                                                                                    
0182;0001;6055;55;0000;000000000;DD.TT.BANCA COMERCIAL               ;DD.TT.BCA COMERCIAL ;S.D.                                ;00000;                              ;                              ;0000;000000000;000000000;000000000;00000000;000000;           ;00;0000;151001;000000;0000;0000;0000;0000;0000;0000;0000;0000;00;2010-02-15;000000;0;0000;0;0;0;0;0;0;0;0;0;0100;1;0;0;0;0100;1;0;000090;0;0090;0;9;000100;00;1;0;0000;0000;0000;0000;0000;0000;0000;0000;0000;0000;0000;0000;0000;   ;0000;000000;0000;0000;000000;0000;0000;000000;0000;0000;000000;6055;0013;000000;6250;0001;000000;6024;0011;000000;0000;0060;000000;0000;0000;000000;0000;0000;000000;0000;0000;000000;0000;0000;000000;0000;0000;000000;0000;0000;000000;0000;0000;000000;0000;0000;000000;0000;0000;000000;0000;0000;000000;0000;00;000000000;                                        ;000000000                                                                                                    
0182;0001;6067;10;0001;280530001;DAGANZO DE ARRIBA                   ;DAGANZO DE ARRIBA   ;GLORIETA DE ALCALA, 2               ;28814;                              ;                              ;0000;918782300;918782302;000000000;00000000;000000;           ;00;0000;310303;000000;0000;0000;0000;0000;0000;0000;0000;0000;00;2021-11-24;310303;1;0000;0;0;0;0;0;0;0;0;0;0101;1;0;1;1;0003;0;0;310010;1;0010;0;1;001000;01;0;0;0190;2528;0182;6252;0000;0000;0182;0027;0039;0014;0000;0000;4000;   ;8771;000000;0000;9806;000000;0000;0000;000000;0000;0051;000000;6055;0013;000000;6250;0001;000000;6024;0011;000000;0000;0060;000000;0000;0012;000000;8594;0028;000000;0000;0985;000000;0000;6352;000000;0000;0006;000000;6252;0000;031120;0011;0000;000000;0000;5856;000000;0000;8813;000000;8823;0000;000000;0000;05;000000000;G016067A@BBVA.COM                       ;000000000                                                                                                    
0182;0001;6089;10;0001;070310003;LLUCMAJOR MAIORIS                   ;LLUCMAJOR MAIORIS   ;CRTA. A CABO BLANCO KM. 6,4         ;07609;                              ;                              ;0000;971748067;000000000;000000000;00000000;000000;           ;00;0000;230903;000000;0000;0000;0000;0000;0000;0000;0000;0000;00;2020-02-11;230903;1;0000;0;0;0;0;0;0;0;0;0;0101;1;0;1;1;0003;0;0;310010;1;0010;0;1;001000;01;0;0;0287;2534;0182;6252;0000;0000;0182;0027;0039;0075;0000;0000;4900;   ;9490;000000;0000;9883;000000;0000;0000;000000;0000;1964;000000;6055;0013;000000;6250;0001;000000;6024;0011;000000;0000;0060;000000;0000;0004;000000;8595;0007;000000;0000;0595;000000;0000;6352;000000;0000;0007;000000;6252;0000;110220;0011;0000;000000;0000;5859;000000;0000;8814;000000;8824;0000;000000;0000;05;902224466;G016089A@BBVA.COM                       ;000000000                                                                                                    
0182;0001;6097;10;0001;350160024;LAS PALMAS-PLAZA DEL PILAR          ;L.PALMAS-PZ.EL PILAR;PLAZA DEL PILAR, 1                  ;35010;                              ;                              ;0000;928472016;928472602;000000000;00000000;000000;           ;00;0000;151103;000000;0000;0000;0000;0000;0000;0000;0000;0000;00;2021-11-24;151103;1;0000;0;0;0;0;0;0;0;0;0;0101;1;0;1;1;0003;0;0;310010;1;0010;0;1;040110;40;1;1;0764;2536;0182;6252;0000;0000;0182;0027;0039;0050;0000;0000;4951;   ;8890;000000;0000;9816;000000;0000;0000;000000;0000;0063;000000;6055;0013;000000;6250;0001;000000;6024;0011;000000;0000;0060;000000;0000;0005;000000;8597;0035;000000;0000;1989;000000;0000;6352;000000;0000;0011;000000;6252;0000;110220;0011;0000;000000;0000;0000;000000;0000;8812;000000;8822;0000;000000;0000;07;000000000;G016097A@BBVA.COM                       ;000000000                                                                                                    
0182;0001;6098;10;0001;280730001;HUMANES-MADRID                      ;HUMANES-MADRID      ;MADRID, 66 C/V IBIZA                ;28970;                              ;                              ;0000;914982116;914982102;000000000;00000000;000000;           ;00;0000;151203;000000;0000;0000;0000;0000;0000;0000;0000;0000;00;2020-02-11;151203;1;0000;0;0;0;0;0;0;0;0;0;0101;1;0;1;1;0003;0;0;310010;1;0010;0;1;008002;08;0;0;2638;2528;0182;6252;0000;0000;0182;0027;0039;0014;0000;0000;4000;   ;8408;000000;0000;9809;000000;0000;0000;000000;0000;0051;000000;6055;0013;000000;6250;0001;000000;6024;0011;000000;0000;0060;000000;0000;0012;000000;8594;0028;000000;0000;0985;000000;0000;6352;000000;0000;0006;000000;6252;0000;110220;0011;0000;000000;0000;5856;000000;0000;8813;000000;8823;0000;000000;0000;05;000000000;G016098A@BBVA.COM                       ;000000000                                                                                                    
0182;0001;6101;10;0001;410170001;BORMUJOS-CIUDAD UNIVERSITARIA       ;BORMUJOS-C.UNIVERSIT;AV. UNIVERSIDAD DE SALAMANCA, 7     ;41930;                              ;                              ;0000;955723870;000000000;000000000;00000000;000000;           ;00;0000;150703;000000;0000;0000;0000;0000;0000;0000;0000;0000;00;2021-08-05;150703;1;0000;0;0;0;0;0;0;0;0;0;0101;1;0;1;1;0003;0;0;310010;1;0010;0;1;001112;01;1;1;2658;2527;0182;6252;0000;0000;0182;0027;0039;0085;0000;0000;6000;   ;8966;000000;0000;9824;000000;0000;0000;000000;0000;0072;000000;6055;0013;000000;6250;0001;000000;6024;0011;000000;0000;0060;000000;0000;0001;000000;8596;0041;000000;0000;0479;000000;0000;6352;000000;0000;0012;000000;6252;0000;050821;0011;0000;000000;0000;0000;000000;0000;8817;000000;8827;0000;000000;0000;04;000000000;G016101A@BBVA.COM                       ;000000000                                                                                                    
0182;0001;6127;10;0001;281270004;LAS ROZAS-EUROPOLIS                 ;LAS ROZAS-EUROPOLIS ;CASTILLO DE BELMONTE, 2             ;28232;                              ;                              ;0000;916364010;916364011;000000000;00000000;000000;           ;00;0000;190104;000000;0000;0000;0000;0000;0000;0000;0000;0000;00;2021-08-04;190104;1;0000;0;0;0;0;0;0;0;0;0;0101;1;0;1;1;0003;0;0;310010;1;0010;0;1;001114;01;1;1;4094;2528;0182;6252;0000;0000;0182;0027;0039;0014;0000;0000;4000;   ;8789;000000;0000;9809;000000;0000;0000;000000;0000;0051;000000;6055;0013;000000;6250;0001;000000;6024;0011;000000;0000;0060;000000;0000;0012;000000;8594;0028;000000;0000;0985;000000;0000;6352;000000;0000;0006;000000;6252;0000;040821;0011;0000;000000;0000;5856;000000;0000;8813;000000;8823;0000;000000;0000;05;902224466;G016127A@BBVA.COM                       ;000000000                                                                                                    
0182;0001;6129;10;0001;181930003;LA ZUBIA                            ;LA ZUBIA            ;AV. MADRID ESQ AV. BARCELONA        ;18140;                              ;                              ;0000;958541014;999999999;000000000;00000000;000000;           ;00;0000;200204;000000;0000;0000;0000;0000;0000;0000;0000;0000;00;2020-02-11;200204;1;0000;0;0;0;0;0;0;0;0;0;0101;1;0;1;1;0003;0;0;310010;1;0010;0;1;001000;01;0;0;0520;2527;0182;6252;0000;0000;0182;0027;0039;0085;0000;0000;2900;   ;8944;000000;0000;9821;000000;0000;0000;000000;0000;0072;000000;6055;0013;000000;6250;0001;000000;6024;0011;000000;0000;0060;000000;0000;0001;000000;8596;0018;000000;0000;0479;000000;0000;6352;000000;0000;0012;000000;6252;0000;110220;0011;0000;000000;0000;0000;000000;0000;8817;000000;8827;0000;000000;0000;05;902224466;G016129A@BBVA.COM                       ;000000000                                                                                                    
0182;0001;6161;10;0036;281230007;RIVAS VACIAMADRID - RIVAS FUTURA    ;RIVAS FUTURA        ;AV. AURELIO ALVAREZ, 4              ;28521;                              ;                              ;0000;914990602;914990603;000000000;00000000;000000;           ;00;0000;150604;000000;0000;0000;0000;0000;0000;0000;0000;0000;00;2023-03-02;150604;1;0000;0;0;0;0;0;0;0;0;0;0101;1;0;1;1;0003;0;0;310010;1;0010;0;1;008116;08;1;1;6161;2528;0182;6252;0000;0000;0182;0027;0039;0014;0000;0000;4000;   ;8781;000000;0000;9805;000000;0000;0000;000000;0000;0051;000000;6055;0013;000000;6250;0001;000000;6024;0011;000000;0000;0060;000000;0000;0012;000000;8594;0028;000000;0000;0985;000000;0000;6352;000000;0000;0006;000000;6252;0000;020323;0011;0000;000000;0002;5856;000000;0000;8813;000000;8823;0000;000000;0000;03;902224466;G016161A@BBVA.COM                       ;000000000                                                                                                    
0182;0001;6178;10;0001;350160024;INST. OFI DIGITAL CANARIAS          ;INST. OFI DIG CANARI;ALBAREDA, 6 PLTA1                   ;35008;                              ;                              ;0000;915395425;000000000;928451532;00000000;000000;           ;00;0000;041220;000000;0000;0000;0000;0000;0000;0000;0000;0000;00;2021-11-24;090221;1;0000;0;0;0;0;0;0;0;0;0;1101;1;0;1;1;6003;0;0;310010;1;0010;0;1;006112;06;1;1;2393;0000;0182;6252;0000;0000;0182;0027;0039;0050;0000;0000;4951;   ;0000;000000;0000;8494;000000;0000;8420;000000;0000;8406;000000;8417;0088;000000;6051;0001;000000;6024;0011;000000;0000;0060;000000;0000;0005;000000;8597;0035;000000;0000;1989;000000;0000;6352;000000;0000;0011;000000;6252;0000;241121;0011;0000;000000;0000;5864;000000;0000;8812;000000;8822;0000;000000;0000;04;000000000;G016178A@BBVA.COM                       ;000000000                                                                                                    
0182;0001;6247;10;0001;070400012;PALMA DE MALLORCA-OF.CENTRALIZADORA ;PALMA MALLORCA-CENTR;PL. DE L'OLIVAR, 6 PLTA1            ;07002;                              ;                              ;0000;971179187;000000000;971179095;00000000;000000;           ;00;0000;120508;000000;0000;0000;0000;0000;0000;0000;0000;0000;00;2021-11-24;120508;1;0000;0;0;0;0;0;0;0;0;0;0101;1;0;1;1;0003;0;0;310010;1;0010;0;1;000992;00;9;9;2368;0000;0182;6252;0000;0000;0182;0027;0039;0075;0000;0000;4900;   ;0000;000000;0000;0000;000000;0000;0000;000000;0000;8011;000000;0000;8008;000000;6250;0001;000000;6024;0011;000000;0000;0060;000000;0000;0004;000000;0000;0007;000000;0000;0595;000000;0000;6352;000000;0000;0007;000000;0000;0000;241121;0011;0000;000000;0000;5859;000000;0000;0000;000000;0000;0000;000000;0000;00;000000000;G016247A@BBVA.COM                       ;000000000                                                                                                    
0182;0001;6294;10;0018;000000000;LEVERAGE FRANCIA - LARGE CORPS      ;LEVERAGE FRA-LARGE  ;15 RUE D'ARGENTEUIL                 ;99999;                              ;                              ;0000;999999999;000000000;000000000;00000000;000000;           ;00;0000;200525;000000;0000;0000;0000;0000;0000;0000;0000;0000;00;2025-05-23;200525;1;0000;8;0;0;0;0;0;0;0;0;0102;1;0;2;3;0000;0;0;000090;0;0090;0;9;000100;00;1;0;0000;0000;0000;0000;0000;0000;0000;0000;9999;0099;0000;0000;0000;   ;0000;000000;0000;0000;000000;0000;2221;000000;0000;0000;000000;0000;7672;000000;7657;0001;000000;6038;0001;000000;0000;0060;000000;0000;0000;000000;0000;0000;000000;0000;0000;000000;0000;0000;000000;0000;0000;000000;0000;0467;000000;0000;0000;000000;0000;0000;000000;0000;0000;000000;0000;0000;000000;0000;00;000000000;                                        ;000000000                                                                                                    
0182;0001;6295;10;0018;000000000;LEVERAGE ITALIA - LARGE CORPS       ;LEVERAGE ITA-LARGE  ;VIA CINO DEL DUCA, 8                ;99999;                              ;                              ;0000;999999999;000000000;000000000;00000000;000000;           ;00;0000;200525;000000;0000;0000;0000;0000;0000;0000;0000;0000;00;2025-05-23;200525;1;0000;0;0;0;0;0;0;0;0;0;0102;1;0;2;3;0000;0;0;000090;0;0090;0;9;000000;00;0;0;0000;0000;0000;0000;0000;0000;0000;0000;9999;0099;0000;0000;0000;   ;0000;000000;0000;0000;000000;0000;2222;000000;0000;0000;000000;0000;7672;000000;7657;0001;000000;6038;0005;000000;0000;0060;000000;0000;0000;000000;0000;0000;000000;0000;0000;000000;0000;0000;000000;0000;0000;000000;0000;0483;000000;0000;0000;000000;0000;0000;000000;0000;0000;000000;0000;0000;000000;0000;00;000000000;                                        ;000000000                                                                                                    
0182;0001;6322;10;0018;000000000;COMPL ALEMANIA CAP REG              ;C ALEMANIA CAP REG  ;NEUE MAINZER STRASSE,28(FRFURT-MAIN);99999;                              ;                              ;0000;913748515;913746073;915377599;00000000;000000;           ;00;0000;180221;000000;0000;0000;0000;0000;0000;0000;0000;0000;00;2021-02-26;180221;1;0000;8;0;0;0;0;0;0;0;0;0102;1;0;2;3;0000;0;0;000090;0;0090;0;9;000100;00;1;0;0000;0000;0000;0000;0000;0000;0000;0000;9999;0099;0000;0000;0000;   ;0000;000000;0000;0000;000000;0000;4777;000000;0000;2619;000000;0000;2133;000000;6052;0001;000000;0000;0004;000000;0000;0060;000000;0000;0000;000000;0000;0000;000000;0000;0000;000000;0000;0000;000000;0000;0000;000000;0000;0000;000000;0000;0000;000000;0000;0000;000000;0000;0000;000000;0000;0000;000000;0000;00;000000000;                                        ;000000000                                                                                                    
0182;0001;6342;10;0001;350330011;VEGA DE SAN MATEO                   ;VEGA DE SAN MATEO   ;AV. TINAMAR, S/N                    ;35320;                              ;                              ;0000;928661861;928661774;000000000;00000000;000000;           ;00;0000;201204;000000;0000;0000;0000;0000;0000;0000;0000;0000;00;2020-02-11;201204;1;0000;0;0;0;0;0;0;0;0;0;0101;1;0;1;1;0003;0;0;310010;1;0010;0;1;009000;09;0;0;0761;2536;0182;6252;0000;0000;0182;0027;0039;0050;0000;0000;4951;   ;8896;000000;0000;9816;000000;0000;0000;000000;0000;0063;000000;6055;0013;000000;6250;0001;000000;6024;0011;000000;0000;0060;000000;0000;0005;000000;8597;0035;000000;0000;1989;000000;0000;6352;000000;0000;0011;000000;6252;0000;110220;0011;0000;000000;0000;0000;000000;0000;8812;000000;8822;0000;000000;0000;07;902224466;G016342A@BBVA.COM                       ;000000000                                                                                                    
0182;0001;6360;10;0001;350180005;PLAYA HONDA                         ;PLAYA HONDA         ;PRINCESA ICO, 67                    ;35509;                              ;                              ;0000;928822644;928822645;000000000;00000000;000000;           ;00;0000;070405;000000;0000;0000;0000;0000;0000;0000;0000;0000;00;2021-08-03;070405;1;0000;0;0;0;0;0;0;0;0;0;0101;1;0;1;1;0003;0;0;310010;1;0010;0;1;001000;01;0;0;0779;2536;0182;6252;0000;0000;0182;0027;0039;0050;0000;0000;4951;   ;8884;000000;0000;9816;000000;0000;0000;000000;0000;0063;000000;6055;0013;000000;6250;0001;000000;6024;0011;000000;0000;0060;000000;0000;0005;000000;8597;0035;000000;0000;1989;000000;0000;6352;000000;0000;0011;000000;6252;0000;110220;0011;0000;000000;0000;0000;000000;0000;8812;000000;8822;0000;000000;0000;06;902224466;G016360A@BBVA.COM                       ;000000000                                                                                                    
0182;0001;6364;10;0001;140170004;LA CARLOTA                          ;LA CARLOTA          ;AV. CARLOS III, 68                  ;14100;                              ;                              ;0000;957302122;957302123;000000000;00000000;000000;           ;00;0000;150205;000000;0000;0000;0000;0000;0000;0000;0000;0000;00;2021-08-05;150205;1;0000;0;0;0;0;0;0;0;0;0;0101;1;0;1;1;0003;0;0;310010;1;0010;0;1;001002;01;0;0;2402;2527;0182;6252;0000;0000;0182;0027;0039;0085;0000;0000;2100;   ;8975;000000;0000;9824;000000;0000;0000;000000;0000;0072;000000;6055;0013;000000;6250;0001;000000;6024;0011;000000;0000;0060;000000;0000;0001;000000;8596;0014;000000;0000;0479;000000;0000;6352;000000;0000;0012;000000;6252;0000;050821;0011;0000;000000;0000;0000;000000;0000;8817;000000;8827;0000;000000;0000;06;902224466;G016364A@BBVA.COM                       ;000000000                                                                                                    
0182;0001;6374;10;0001;110390013;VEJER DE LA FRONTERA                ;VEJER DE LA FRONTERA;AV. ANDALUCIA, 37-E                 ;11150;                              ;                              ;0000;956455085;956455086;000000000;00000000;000000;           ;00;0000;150205;000000;0000;0000;0000;0000;0000;0000;0000;0000;00;2020-02-11;150205;1;0000;0;0;0;0;0;0;0;0;0;0101;1;0;1;1;0003;0;0;310010;1;0010;0;1;001001;01;0;0;1076;2527;0182;6252;0000;0000;0182;0027;0039;0085;0000;0000;1600;   ;8926;000000;0000;9822;000000;0000;0000;000000;0000;0072;000000;6055;0013;000000;6250;0001;000000;6024;0011;000000;0000;0060;000000;0000;0001;000000;8596;0011;000000;0000;0479;000000;0000;6352;000000;0000;0012;000000;6252;0000;110220;0011;0000;000000;0000;0000;000000;0000;8817;000000;8827;0000;000000;0000;06;902224466;G016374A@BBVA.COM                       ;000000000                                                                                                    
0182;0001;6376;10;0001;082840001;TORDERA                             ;TORDERA             ;CAMI RAL, 33                        ;08490;                              ;                              ;0000;937640126;000000000;000000000;00000000;000000;00000000000;00;0000;010175;000000;0000;0000;0000;0000;0000;0000;0000;0000;00;2023-02-01;010884;1;0000;0;0;0;0;0;0;0;0;0;1101;1;0;1;1;0003;0;0;310010;1;0010;0;1;008002;08;0;0;2170;2542;0182;6252;0000;0000;0182;0027;0039;0035;0000;0000;1797;   ;9642;000000;0000;9920;000000;0000;0000;000000;0000;8302;000000;6055;0013;000000;6250;0001;000000;6024;0011;000000;0000;0060;000000;0000;0009;000000;8593;0008;000000;0000;0800;000000;0000;6352;000000;0000;0007;000000;6252;0000;010223;0011;0000;000000;0000;5855;000000;0000;8811;000000;5207;0000;000000;0000;05;902224466;G016376A@BBVA.COM                       ;000000000                                                                                                    
0182;0001;6426;10;0001;110220001;LA LINEA-AV. MARIA GUERRERO         ;LA LINEA-M. GUERRERO;AV. DE MARIA GUERRERO, 156-158      ;11300;                              ;                              ;0000;956692035;956692036;000000000;00000000;000000;           ;00;0000;050505;000000;0000;0000;0000;0000;0000;0000;0000;0000;00;2020-02-11;050505;1;0000;0;0;0;0;0;0;0;0;0;0101;1;0;1;1;0003;0;0;310010;1;0010;0;1;001110;01;1;1;0485;2527;0182;6252;0000;0000;0182;0027;0039;0085;0000;0000;1600;   ;8957;000000;0000;9822;000000;0000;0000;000000;0000;0072;000000;6055;0013;000000;6250;0001;000000;6024;0011;000000;0000;0060;000000;0000;0001;000000;8596;0011;000000;0000;0479;000000;0000;6352;000000;0000;0012;000000;6252;0000;110220;0011;0000;000000;0000;0000;000000;0000;8817;000000;8827;0000;000000;0000;06;902224466;G016426A@BBVA.COM                       ;000000000                                                                                                    
0182;0001;6429;10;0001;310880005;NOAIN                               ;NOAIN               ;REAL, 43                            ;31110;                              ;                              ;0000;948316425;948316426;000000000;00000000;000000;           ;00;0000;160505;000000;0000;0000;0000;0000;0000;0000;0000;0000;00;2021-08-04;160505;1;0000;0;0;0;0;0;0;0;0;0;0101;1;0;1;1;0003;0;0;310010;1;0010;0;1;001000;01;0;0;0272;2529;0182;6252;0000;0000;0182;0027;0039;0080;0000;0000;0278;   ;9074;000000;0000;9832;000000;0000;0000;000000;0000;1523;000000;6055;0013;000000;6250;0001;000000;6024;0011;000000;0000;0060;000000;0000;0013;000000;8592;0031;000000;0000;2017;000000;0000;6352;000000;0000;0008;000000;6252;0000;110220;0011;0000;000000;0000;5858;000000;0000;8816;000000;8826;0000;000000;0000;06;902224466;G016429A@BBVA.COM                       ;000000000                                                                                                    
0182;0001;6443;10;0001;180620001;CHURRIANA DE LA VEGA                ;CHURRIANA DE LA VEGA;SAN RAMON, 34                       ;18194;                              ;                              ;0000;958553906;000000000;000000000;00000000;000000;           ;00;0000;050505;000000;0000;0000;0000;0000;0000;0000;0000;0000;00;2020-02-11;050505;1;0000;0;0;0;0;0;0;0;0;0;0101;1;0;1;1;0003;0;0;310010;1;0010;0;1;001000;01;0;0;0520;2527;0182;6252;0000;0000;0182;0027;0039;0085;0000;0000;2900;   ;8944;000000;0000;9821;000000;0000;0000;000000;0000;0072;000000;6055;0013;000000;6250;0001;000000;6024;0011;000000;0000;0060;000000;0000;0001;000000;8596;0018;000000;0000;0479;000000;0000;6352;000000;0000;0012;000000;6252;0000;110220;0011;0000;000000;0000;0000;000000;0000;8817;000000;8827;0000;000000;0000;06;902224466;g016443a@bbva.com                       ;000000000                                                                                                    
0182;0001;6528;10;0001;040290004;BERJA                               ;BERJA               ;AV. MANUEL SALMERON, 107            ;04760;                              ;                              ;0000;950605054;950605055;000000000;00000000;000000;           ;00;0000;051205;000000;0000;0000;0000;0000;0000;0000;0000;0000;00;2020-02-11;051205;1;0000;0;0;0;0;0;0;0;0;0;0101;1;0;1;1;0003;0;0;310010;1;0010;0;1;001002;01;0;0;2420;2527;0182;6252;0000;0000;0182;0027;0039;0085;0000;0000;1809;   ;9008;000000;0000;9821;000000;0000;0000;000000;0000;0072;000000;6055;0013;000000;6250;0001;000000;6024;0011;000000;0000;0060;000000;0000;0001;000000;8596;0004;000000;0000;0479;000000;0000;6352;000000;0000;0012;000000;6252;0000;110220;0011;0000;000000;0000;0000;000000;0000;8817;000000;8827;0000;000000;0000;06;902224466;G016528A@BBVA.COM                       ;000000000                                                                                                    
0182;0001;6532;10;0018;000000000;COMPL TAIWAN CAP REG                ;C TAIWAN CAP REG    ;UNIT A, LEVEL 75, TAIPEI 101 TOWER N;99999;                              ;                              ;0000;999999999;000000000;000000000;00000000;000000;           ;00;0000;180221;000000;0000;0000;0000;0000;0000;0000;0000;0000;00;2021-02-26;180221;1;0000;8;0;0;0;0;0;0;0;0;0102;1;0;2;3;0000;0;0;000090;0;0090;0;9;000000;00;0;0;0000;0000;0000;0000;0000;0000;0000;0000;0000;0000;0000;0000;0000;   ;0000;000000;0000;0000;000000;0000;7268;000000;0000;2619;000000;0000;2133;000000;6052;0001;000000;0000;0736;000000;0000;0060;000000;0000;0000;000000;0000;0000;000000;0000;0000;000000;0000;0000;000000;0000;0000;000000;0000;0000;000000;0000;0000;000000;0000;0000;000000;0000;0000;000000;0000;0000;000000;0000;00;000000000;                                        ;000000000                                                                                                    
0182;0001;6535;10;0018;000000000;COMPL CHINA CAP REG                 ;C CHINA CAP REG     ;4501,08 JINMAO TOWER, 88 CENTURY BOU;99999;                              ;                              ;0000;999999999;000000000;000000000;00000000;000000;           ;00;0000;180221;000000;0000;0000;0000;0000;0000;0000;0000;0000;00;2021-02-26;180221;1;0000;8;0;0;0;0;0;0;0;0;0102;1;0;2;3;0000;0;0;000090;0;0090;0;9;000000;00;0;0;0000;0000;0000;0000;0000;0000;0000;0000;0000;0000;0000;0000;0000;   ;0000;000000;0000;0000;000000;0000;2246;000000;0000;2619;000000;0000;2133;000000;6052;0001;000000;0000;0720;000000;0000;0060;000000;0000;0000;000000;0000;0000;000000;0000;0000;000000;0000;0000;000000;0000;0000;000000;0000;0000;000000;0000;0000;000000;0000;0000;000000;0000;0000;000000;0000;0000;000000;0000;00;000000000;                                        ;000000000                                                                                                    
0182;0001;6542;10;0001;082810001;TEIA                                ;TEIA                ;PS. DE LA RIERA, 124                ;08329;                              ;                              ;0000;935405426;000000000;000000000;00000000;000049;           ;00;0000;010705;000000;0000;0000;0000;0000;0000;0000;0000;0000;00;2020-02-11;010705;1;0000;0;0;0;0;0;0;0;0;0;0101;1;0;1;1;0003;0;0;310010;1;0010;0;1;001000;01;0;0;0257;2542;0182;6252;0000;0000;0182;0027;0039;0035;0000;0000;1797;   ;9638;000000;0000;8962;000000;0000;0000;000000;0000;8302;000000;6055;0013;000000;6250;0001;000000;6024;0011;000000;0000;0060;000000;0000;0009;000000;8593;0008;000000;0000;0800;000000;0000;6352;000000;0000;0007;000000;6252;0000;110220;0011;0000;000000;0000;5855;000000;0000;8811;000000;8821;0000;000000;0000;06;902224466;g016542a@bbva.com                       ;000000000                                                                                                    
0182;0001;6546;10;0001;410580003;MAIRENA DEL ALCOR                   ;MAIRENA DEL ALCOR   ;AV. ANDALUCIA, 41                   ;41510;                              ;                              ;0000;955748954;000000000;000000000;00000000;000008;           ;00;0000;010605;000000;0000;0000;0000;0000;0000;0000;0000;0000;00;2021-08-04;010605;1;0000;0;0;0;0;0;0;0;0;0;0101;1;0;1;1;0003;0;0;310010;1;0010;0;1;001006;01;0;0;6460;2527;0182;6252;0000;0000;0182;0027;0039;0085;0000;0000;6000;   ;8973;000000;0000;9824;000000;0000;0000;000000;0000;0072;000000;6055;0013;000000;6250;0001;000000;6024;0011;000000;0000;0060;000000;0000;0001;000000;8596;0041;000000;0000;0479;000000;0000;6352;000000;0000;0012;000000;6252;0000;110220;0011;0000;000000;0000;0000;000000;0000;8817;000000;8827;0000;000000;0000;05;902224466;G016546A@BBVA.COM                       ;000000000                                                                                                    
0182;0001;6566;10;0001;380060018;VALLE DE SAN LORENZO                ;VALLE DE SAN LORENZO;CTRA. GENERAL DEL SUR, 79           ;38626;                              ;                              ;0000;922765400;922765175;000000000;00000000;000000;00000000000;00;0000;010175;000000;0000;0000;0000;0000;0000;0000;0000;0000;00;2021-08-03;031181;1;0000;0;0;0;0;0;0;0;0;0;1101;1;0;1;1;0003;0;0;310010;1;0010;0;1;008002;08;0;0;2930;2536;0182;6252;0000;0000;0182;0027;0039;0045;0000;0000;0770;   ;8863;000000;0000;9814;000000;0000;0000;000000;0000;0063;000000;6055;0013;000000;6250;0001;000000;6024;0011;000000;0000;0060;000000;0000;0005;000000;8597;0038;000000;0000;1989;000000;0000;6352;000000;0000;0011;000000;6252;0000;110220;0011;0000;000000;0000;0000;000000;0000;8812;000000;8822;0000;000000;0000;05;902224466;G016566A@BBVA.COM                       ;000000000                                                                                                    
0182;0001;6600;10;0001;380510005;LA VICTORIA DE ACENTEJO             ;LA VICTORIA-ACENTEJO;CTRA. GENERAL, 22                   ;38380;                              ;                              ;0000;922580050;922580652;000000000;00000000;000000;00000000000;00;0000;010175;000000;0000;0000;0000;0000;0000;0000;0000;0000;00;2025-01-14;080981;1;0000;0;0;0;0;0;0;0;0;0;1101;1;0;1;1;0003;0;0;310010;1;0010;0;1;008005;08;0;0;5310;2536;0182;6252;0000;0000;0182;0027;0039;0045;0000;0000;0770;   ;8867;000000;0000;9814;000000;0000;0000;000000;0000;0063;000000;6055;0013;000000;6250;0001;000000;6024;0011;000000;0000;0060;000000;0000;0005;000000;8597;0038;000000;0000;1989;000000;0000;6352;000000;0000;0011;000000;6252;0000;040821;0011;0000;000000;0000;0000;000000;0000;8812;000000;8822;0000;000000;0000;05;902224466;G016600A@BBVA.COM                       ;000000000                                                                                                    
0182;0001;6612;10;0001;380330013;SAN ANDRES Y SAUCES                 ;SAN ANDRES Y SAUCES ;ALONSO PEREZ DIAZ, 8                ;38720;                              ;                              ;0000;922451013;922451024;000000000;00000000;000000;00000000000;00;0000;080594;000000;0000;0000;0000;0000;0000;0000;0000;0000;00;2020-02-11;080594;1;0000;0;0;0;0;0;0;0;0;0;1101;1;0;1;1;0003;0;0;310010;1;0010;0;1;009003;09;0;0;3441;2536;0182;6252;0000;0000;0182;0027;0039;0045;0000;0000;0770;   ;8877;000000;0000;9814;000000;0000;0000;000000;0000;0063;000000;6055;0013;000000;6250;0001;000000;6024;0011;000000;0000;0060;000000;0000;0005;000000;8597;0038;000000;0000;1989;000000;0000;6352;000000;0000;0011;000000;6252;0000;110220;0011;0000;000000;0000;0000;000000;0000;8812;000000;8822;0000;000000;0000;06;902224466;G016612A@BBVA.COM                       ;000000000                                                                                                    
0182;0001;6630;10;0001;030650011;ELCHE-UNIVERSIDAD                   ;ELCHE-UNIVERSIDAD   ;JOSE JOAQUIN LANDERER-ALFREDO MIRA  ;03202;                              ;                              ;0000;965429956;965429958;000000000;00000000;000000;           ;00;0000;231205;000000;0000;0000;0000;0000;0000;0000;0000;0000;00;2021-11-24;231205;1;0000;0;0;0;0;0;0;0;0;0;0101;1;0;1;1;0003;0;0;310010;1;0010;0;1;040112;40;1;1;2499;2534;0182;6252;0000;0000;0182;0027;0039;0065;0000;0000;0100;   ;9450;000000;0000;9884;000000;0000;0000;000000;0000;1964;000000;6055;0013;000000;6250;0001;000000;6024;0011;000000;0000;0060;000000;0000;0017;000000;8595;0003;000000;0000;0595;000000;0000;6352;000000;0000;0009;000000;6252;0000;110220;0011;0000;000000;0000;5859;000000;0000;8814;000000;8824;0000;000000;0000;06;902224466;G016630A@BBVA.COM                       ;000000000                                                                                                    
0182;0001;6635;10;0046;280720003;HOYO MANZANARES-AC.I OTPA           ;HOYO MANZ-AC.I OTPA ;CTRA. COLMENAR A TORRELODONES, KM.10;28240;                              ;                              ;0000;918569550;000000000;000000000;00000000;000000;           ;00;0000;151205;141122;0182;1876;0000;0000;0182;1876;0000;0000;00;2023-01-25;151205;1;1876;0;0;0;0;0;0;0;0;0;0101;1;0;1;1;0003;0;0;310090;1;0090;0;9;001114;01;1;1;4094;2528;0182;6252;0000;0000;0182;0027;0039;0014;0000;0000;4000;   ;8789;000000;0000;9809;000000;0000;0000;000000;0000;0051;000000;6055;0013;000000;6250;0001;000000;6024;0011;000000;0000;0060;000000;0000;0012;000000;8594;0028;000000;0000;0985;000000;0000;6352;000000;0000;0006;000000;6252;0000;250123;0011;0000;000000;0000;5856;000000;0000;8813;000000;8823;0000;000000;0000;07;902224466;G016635A@BBVA.COM                       ;000000000                                                                                                    
0182;0001;6638;10;0001;299010001;TORREMOLINOS-PLAYAMAR               ;TORREMOLINOS-PLAYAMA;PASEO DEL COLORADO, 24              ;29620;                              ;                              ;0000;952058478;952058479;000000000;00000000;000000;           ;00;0000;220705;000000;0000;0000;0000;0000;0000;0000;0000;0000;00;2020-02-11;220705;1;0000;0;0;0;0;0;0;0;0;0;0101;1;0;1;1;0003;0;0;310010;1;0010;0;1;001110;01;1;1;0481;2527;0182;6252;0000;0000;0182;0027;0039;0085;0000;0000;4100;   ;8918;000000;0000;9817;000000;0000;0000;000000;0000;0072;000000;6055;0013;000000;6250;0001;000000;6024;0011;000000;0000;0060;000000;0000;0001;000000;8596;0029;000000;0000;0479;000000;0000;6352;000000;0000;0012;000000;6252;0000;110220;0011;0000;000000;0000;0000;000000;0000;8817;000000;8827;0000;000000;0000;06;902224466;G016638A@BBVA.COM                       ;000000000                                                                                                    
0182;0001;6657;10;0001;380400004;PUERTO SANTIAGO-LOS GIGANTES        ;PTO.SANTIAGO-GIGANTE;AV. QUINTO CENTENARIO,   44         ;38683;                              ;                              ;0000;922860467;922861271;000000000;00000000;000000;00000000000;00;0000;230595;000000;0000;0000;0000;0000;0000;0000;0000;0000;00;2023-03-02;230595;1;0000;0;0;0;0;0;0;0;0;0;0101;1;0;1;1;0003;0;0;310010;1;0010;0;1;008001;08;0;0;1055;2536;0182;6252;0000;0000;0182;0027;0039;0045;0000;0000;0770;   ;8861;000000;0000;9814;000000;0000;0000;000000;0000;0063;000000;6055;0013;000000;6250;0001;000000;6024;0011;000000;0000;0060;000000;0000;0005;000000;8597;0038;000000;0000;1989;000000;0000;6352;000000;0000;0011;000000;6252;0000;020323;0011;0000;000000;0000;0000;000000;0000;8812;000000;8822;0000;000000;0000;06;902224466;G016657A@BBVA.COM                       ;000000000                                                                                                    
0182;0001;6658;10;0001;350160024;LAS PALMAS-GALAXIS                  ;LAS PALMAS-GALAXIS  ;AV. MESA Y LOPEZ, 57                ;35010;                              ;                              ;0000;928225816;928225911;000000000;00000000;000000;00000000000;00;0000;090595;000000;0000;0000;0000;0000;0000;0000;0000;0000;00;2021-11-24;090595;1;0000;0;0;0;0;0;0;0;0;0;0101;1;0;1;1;0003;0;0;310010;1;0010;0;1;040110;40;1;1;0764;2536;0182;6252;0000;0000;0182;0027;0039;0050;0000;0000;4951;   ;8890;000000;0000;9816;000000;0000;0000;000000;0000;0063;000000;6055;0013;000000;6250;0001;000000;6024;0011;000000;0000;0060;000000;0000;0005;000000;8597;0035;000000;0000;1989;000000;0000;6352;000000;0000;0011;000000;6252;0000;110220;0011;0000;000000;0000;0000;000000;0000;8812;000000;8822;0000;000000;0000;05;902224466;G016658A@BBVA.COM                       ;000000000                                                                                                    
0182;0001;6659;10;0001;350110001;CARRIZAL-INGENIO                    ;CARRIZAL-INGENIO    ;CARLOS V, 30 LOCAL 8 Y 9            ;35240;                              ;                              ;0000;928124528;928124530;000000000;00000000;000000;00000000000;00;0000;150295;000000;0000;0000;0000;0000;0000;0000;0000;0000;00;2021-08-03;150295;1;0000;0;0;0;0;0;0;0;0;0;0101;1;0;1;1;0003;0;0;310010;1;0010;0;1;008000;08;0;0;0765;2536;0182;6252;0000;0000;0182;0027;0039;0050;0000;0000;4951;   ;8889;000000;0000;9816;000000;0000;0000;000000;0000;0063;000000;6055;0013;000000;6250;0001;000000;6024;0011;000000;0000;0060;000000;0000;0005;000000;8597;0035;000000;0000;1989;000000;0000;6352;000000;0000;0011;000000;6252;0000;110220;0011;0000;000000;0000;0000;000000;0000;8812;000000;8822;0000;000000;0000;05;902224466;G016659A@BBVA.COM                       ;000000000                                                                                                    
0182;0001;6661;10;0001;350120003;ARGUINEGUIN                         ;ARGUINEGUIN         ;MIGUEL MARRERO RODRIGUEZ, 47        ;35120;                              ;                              ;0000;928736660;928736686;000000000;00000000;000000;00000000000;00;0000;060695;000000;0000;0000;0000;0000;0000;0000;0000;0000;00;2021-08-04;060695;1;0000;0;0;0;0;0;0;0;0;0;0101;1;0;1;1;0003;0;0;310010;1;0010;0;1;008007;08;0;0;7566;2536;0182;6252;0000;0000;0182;0027;0039;0050;0000;0000;4951;   ;8886;000000;0000;9816;000000;0000;0000;000000;0000;0063;000000;6055;0013;000000;6250;0001;000000;6024;0011;000000;0000;0060;000000;0000;0005;000000;8597;0035;000000;0000;1989;000000;0000;6352;000000;0000;0011;000000;6252;0000;040821;0011;0000;000000;0000;0000;000000;0000;8812;000000;8822;0000;000000;0000;05;902224466;G016661A@BBVA.COM                       ;000000000                                                                                                    
0182;0001;6665;10;0001;350160036;LAS PALMAS-LOMO LOS FRAILES         ;LAS PALMAS-LOMO LOS ;BETANIA, 73                         ;35018;                              ;                              ;0000;928439068;928439067;000000000;00000000;000000;00000000000;00;0000;240300;000000;0000;0000;0000;0000;0000;0000;0000;0000;00;2020-02-11;240300;1;0000;0;0;0;0;0;0;0;0;0;0101;1;0;1;1;0003;0;0;310010;1;0010;0;1;001110;01;1;1;0550;2536;0182;6252;0000;0000;0182;0027;0039;0050;0000;0000;4951;   ;8898;000000;0000;9816;000000;0000;0000;000000;0000;0063;000000;6055;0013;000000;6250;0001;000000;6024;0011;000000;0000;0060;000000;0000;0005;000000;8597;0035;000000;0000;1989;000000;0000;6352;000000;0000;0011;000000;6252;0000;110220;0011;0000;000000;0000;0000;000000;0000;8812;000000;8822;0000;000000;0000;06;000000000;G016665A@BBVA.COM                       ;000000000                                                                                                    
0182;0001;6673;10;0001;452050001;YUNCOS                              ;YUNCOS              ;REAL, 95-97                         ;45210;                              ;                              ;0000;925536228;925536229;000000000;00000000;000000;           ;00;0000;290905;000000;0000;0000;0000;0000;0000;0000;0000;0000;00;2021-08-04;290905;1;0000;0;0;0;0;0;0;0;0;0;0101;1;0;1;1;0003;0;0;310010;1;0010;0;1;008006;08;0;0;6330;2528;0182;6252;0000;0000;0182;0027;0039;0096;0000;0000;6330;   ;9684;000000;0000;9801;000000;0000;0000;000000;0000;0051;000000;6055;0013;000000;6250;0001;000000;6024;0011;000000;0000;0060;000000;0000;0008;000000;8594;0045;000000;0000;0985;000000;0000;6352;000000;0000;0013;000000;6252;0000;040821;0011;0000;000000;0000;5856;000000;0000;8813;000000;8823;0000;000000;0000;05;902224466;G016673A@BBVA.COM                       ;000000000                                                                                                    
0182;0001;6674;10;0001;130560001;MIGUELTURRA                         ;MIGUELTURRA         ;CALLE CARNAVAL, 2                   ;13170;                              ;                              ;0000;926272188;926272189;000000000;00000000;000000;           ;00;0000;141105;000000;0000;0000;0000;0000;0000;0000;0000;0000;00;2023-03-02;141105;1;0000;0;0;0;0;0;0;0;0;0;0101;1;0;1;1;0003;0;0;310010;1;0010;0;1;040000;40;0;0;0390;2528;0182;6252;0000;0000;0182;0027;0039;0096;0000;0000;0390;   ;6689;000000;0000;9801;000000;0000;0000;000000;0000;0051;000000;6055;0013;000000;6250;0001;000000;6024;0011;000000;0000;0060;000000;0000;0008;000000;8594;0013;000000;0000;0985;000000;0000;6352;000000;0000;0013;000000;6252;0000;020323;0011;0000;000000;0000;5856;000000;0000;8813;000000;8823;0000;000000;0000;06;902224466;BBVRMANC.G016674A@BBVA.COM              ;000000000                                                                                                    
0182;0001;6682;10;0001;492500001;VILLALPANDO                         ;VILLALPANDO         ;PL. MAYOR, 6                        ;49630;                              ;                              ;0000;980660212;000000000;000000000;00000000;000000;00000000000;00;0000;010175;000000;0000;0000;0000;0000;0000;0000;0000;0000;00;2020-12-15;250587;1;0000;0;0;0;0;0;0;0;0;0;1101;1;0;1;1;0003;0;0;310010;1;0010;0;1;009000;09;0;0;0664;2522;0182;6252;0000;0000;0182;0027;0039;0060;0000;0000;0664;   ;9425;000000;0000;9843;000000;0000;0000;000000;0000;1525;000000;6055;0013;000000;6250;0001;000000;6024;0011;000000;0000;0060;000000;0000;0007;000000;8591;0049;000000;0000;1985;000000;0000;6352;000000;0000;0013;000000;6252;0000;151220;0011;0000;000000;0000;5862;000000;0000;8815;000000;8825;0000;000000;0000;07;902224466;G016682A@BBVA.COM                       ;000000000                                                                                                    
0182;0001;6706;10;0001;461830001;L'OLLERIA                           ;L'OLLERIA           ;AV. JAUME I, 3                      ;46850;                              ;                              ;0000;962208134;000000000;000000000;00000000;000000;           ;00;0000;031005;000000;0000;0000;0000;0000;0000;0000;0000;0000;00;2020-02-11;031005;1;0000;0;0;0;0;0;0;0;0;0;0101;1;0;1;1;0003;0;0;310010;1;0010;0;1;001000;01;0;0;0568;2534;0182;6252;0000;0000;0182;0027;0039;0065;0000;0000;7710;   ;9492;000000;0000;9884;000000;0000;0000;000000;0000;1964;000000;6055;0013;000000;6250;0001;000000;6024;0011;000000;0000;0060;000000;0000;0017;000000;8595;0046;000000;0000;0595;000000;0000;6352;000000;0000;0009;000000;6252;0000;110220;0011;0000;000000;0000;5859;000000;0000;8814;000000;8824;0000;000000;0000;07;902224466;G016706A@BBVA.COM                       ;000000000                                                                                                    
0182;0001;6710;10;0001;360610705;VILANOVA DE AROUSA                  ;VILANOVA DE AROUSA  ;PL. DEL PARQUE, 6                   ;36620;                              ;                              ;0000;986554115;000000000;000000000;00000000;000000;00000000000;00;0000;010175;000000;0000;0000;0000;0000;0000;0000;0000;0000;00;2020-02-11;161281;1;0000;0;0;0;0;0;0;0;0;0;1101;1;0;1;1;0003;0;0;310010;1;0010;0;1;001000;01;0;0;0639;2522;0182;6252;0000;0000;0182;0027;0039;0070;0000;0000;5150;   ;9372;000000;0000;9844;000000;0000;0000;000000;0000;1525;000000;6055;0013;000000;6250;0001;000000;6024;0011;000000;0000;0060;000000;0000;0011;000000;8591;0036;000000;0000;1985;000000;0000;6352;000000;0000;0010;000000;6252;0000;110220;0011;0000;000000;0000;5862;000000;0000;8815;000000;8825;0000;000000;0000;06;902224466;g016710a@bbva.com                       ;000000000                                                                                                    
0182;0001;6713;10;0018;000000000;GF SUSTAINABILITY REAL ESTATE       ;GF SUST. REAL ESTATE;1345 AVENUE OF THE AMERICAS, 45     ;10105;                              ;                              ;0000;999999999;000000000;000000000;00000000;000000;           ;00;0000;070524;000000;0000;0000;0000;0000;0000;0000;0000;0000;00;2024-07-24;070524;1;0000;8;0;0;0;0;0;0;0;0;0102;1;0;2;3;0000;0;0;000090;0;0090;0;9;000100;00;1;0;0000;0000;0000;0000;0000;0000;0000;0000;9999;0099;0000;0000;0000;   ;0000;000000;0000;0000;000000;0000;2224;000000;0000;7649;000000;0000;7871;000000;7612;0001;000000;6881;0400;000000;0000;0060;000000;0000;0000;000000;0000;0000;000000;0000;0000;000000;0000;0000;000000;0000;0001;000000;0000;0294;000000;0000;0000;000000;0000;0000;000000;0000;0000;000000;0000;0000;000000;0000;00;000000000;                                        ;000000000                                                                                                    
0182;0001;6724;10;0001;281800001;VILLAREJO DE SALVANES               ;VILLAREJO DE SALVANE;MAYOR, 5                            ;28590;                              ;                              ;0000;918745928;918745945;000000000;00000000;000000;           ;00;0000;051205;000000;0000;0000;0000;0000;0000;0000;0000;0000;00;2021-08-03;051205;1;0000;0;0;0;0;0;0;0;0;0;0101;1;0;1;1;0003;0;0;310010;1;0010;0;1;001006;01;0;0;6161;2528;0182;6252;0000;0000;0182;0027;0039;0014;0000;0000;4000;   ;8781;000000;0000;9805;000000;0000;0000;000000;0000;0051;000000;6055;0013;000000;6250;0001;000000;6024;0011;000000;0000;0060;000000;0000;0012;000000;8594;0028;000000;0000;0985;000000;0000;6352;000000;0000;0006;000000;6252;0000;110220;0011;0000;000000;0000;5856;000000;0000;8813;000000;8823;0000;000000;0000;06;902224466;G016724A@BBVA.COM                       ;000000000                                                                                                    
0182;0001;6733;10;0001;070310003;LLUCMAJOR-RONDA MIGJORN             ;LLUCMAJOR-RD.MIGJORN;RONDA DE MIGJORN, 123               ;07620;                              ;                              ;0000;971669605;000000000;000000000;00000000;000000;           ;00;0000;031105;000000;0000;0000;0000;0000;0000;0000;0000;0000;00;2020-02-11;031105;1;0000;0;0;0;0;0;0;0;0;0;0101;1;0;1;1;0003;0;0;310010;1;0010;0;1;001110;01;1;1;0287;2534;0182;6252;0000;0000;0182;0027;0039;0075;0000;0000;4900;   ;9490;000000;0000;9883;000000;0000;0000;000000;0000;1964;000000;6055;0013;000000;6250;0001;000000;6024;0011;000000;0000;0060;000000;0000;0004;000000;8595;0007;000000;0000;0595;000000;0000;6352;000000;0000;0007;000000;6252;0000;110220;0011;0000;000000;0000;5859;000000;0000;8814;000000;8824;0000;000000;0000;06;902224466;G016733A@BBVA.COM                       ;000000000                                                                                                    
0182;0001;6752;10;0001;342250004;VILLAMURIEL DE CERRATO              ;VILLAMURIEL CERRATO ;AV. DE LA AGUILERA, 5               ;34190;                              ;                              ;0000;979776889;979777495;000000000;00000000;000000;           ;00;0000;231000;000000;0000;0000;0000;0000;0000;0000;0000;0000;00;2020-02-11;231000;1;0000;0;0;0;0;0;0;0;0;0;1101;1;0;1;1;0003;0;0;310010;1;0010;0;1;001000;01;0;0;0496;2522;0182;6252;0000;0000;0182;0027;0039;0060;0000;0000;0496;   ;9338;000000;0000;9843;000000;0000;0000;000000;0000;1525;000000;6055;0013;000000;6250;0001;000000;6024;0011;000000;0000;0060;000000;0000;0007;000000;8591;0034;000000;0000;1985;000000;0000;6352;000000;0000;0013;000000;6252;0000;110220;0011;0000;000000;0000;5862;000000;0000;8815;000000;8825;0000;000000;0000;07;902224466;g016752a@bbva.com                       ;000000000                                                                                                    
0182;0001;6755;10;0001;130960001;VILLARRUBIA DE LOS OJOS             ;VILLARRUBIA LOS OJOS;PLAZA CONSTITUCION,  S/N            ;13670;                              ;                              ;0000;926896036;000000000;000000000;00000000;000000;00000000000;00;0000;010175;000000;0000;0000;0000;0000;0000;0000;0000;0000;00;2023-03-01;041181;1;0000;0;0;0;0;0;0;0;0;0;1101;1;0;1;1;0003;0;0;310010;1;0010;0;1;009000;09;0;0;0393;2528;0182;6252;0000;0000;0182;0027;0039;0014;0000;0000;0390;   ;6693;000000;0000;9801;000000;0000;0000;000000;0000;0051;000000;6055;0013;000000;6250;0001;000000;6024;0011;000000;0000;0060;000000;0000;0008;000000;8594;0013;000000;0000;0985;000000;0000;6352;000000;0000;0013;000000;6252;0000;010323;0011;0000;000000;0000;5856;000000;0000;8813;000000;8823;0000;000000;0000;06;902224466;G016755A@BBVA.COM                       ;000000000                                                                                                    
0182;0001;6759;10;0001;081190002;MASQUEFA                            ;MASQUEFA            ;DE LA LINIA, 20                     ;08783;                              ;                              ;0000;937728867;000000000;000000000;00000000;000000;           ;00;0000;051205;000000;0000;0000;0000;0000;0000;0000;0000;0000;00;2021-11-24;051205;1;0000;0;0;0;0;0;0;0;0;0;0101;1;0;1;1;0003;0;0;310010;1;0010;0;1;001004;01;0;0;4388;2542;0182;6252;0000;0000;0182;0027;0039;0035;0000;0000;1797;   ;5233;000000;0000;9910;000000;0000;0000;000000;0000;8302;000000;6055;0013;000000;6250;0001;000000;6024;0011;000000;0000;0060;000000;0000;0009;000000;8593;0008;000000;0000;0800;000000;0000;6352;000000;0000;0007;000000;6252;0000;110220;0011;0000;000000;0000;5855;000000;0000;8811;000000;8821;0000;000000;0000;05;902224466;G016759A@BBVA.COM                       ;000000000                                                                                                    
0182;0001;6786;10;0001;140300003;FUENTE PALMERA                      ;FUENTE PALMERA      ;CARLOS III, 18                      ;14120;                              ;                              ;0000;957637182;957637183;000000000;00000000;000000;           ;00;0000;190106;000000;0000;0000;0000;0000;0000;0000;0000;0000;00;2021-08-04;190106;1;0000;0;0;0;0;0;0;0;0;0;0101;1;0;1;1;0003;0;0;310010;1;0010;0;1;008002;08;0;0;2402;2527;0182;6252;0000;0000;0182;0027;0039;0085;0000;0000;2100;   ;8975;000000;0000;9824;000000;0000;0000;000000;0000;0072;000000;6055;0013;000000;6250;0001;000000;6024;0011;000000;0000;0060;000000;0000;0001;000000;8596;0014;000000;0000;0479;000000;0000;6352;000000;0000;0012;000000;6252;0000;110220;0011;0000;000000;0000;0000;000000;0000;8817;000000;8827;0000;000000;0000;06;902224466;G016786A@BBVA.COM                       ;000000000                                                                                                    
0182;0001;6795;10;0001;411020001;VISO DE ALCOR                       ;VISO DE ALCOR       ;FERIA, 1                            ;41520;                              ;                              ;0000;955741200;955741218;000000000;00000000;000008;00000000000;00;0000;010175;000000;0000;0000;0000;0000;0000;0000;0000;0000;00;2021-08-05;161281;1;0000;0;0;0;0;0;0;0;0;0;1101;1;0;1;1;0003;0;0;310010;1;0010;0;1;009006;09;0;0;6460;2527;0182;6252;0000;0000;0182;0027;0039;0085;0000;0000;6000;   ;8973;000000;0000;9824;000000;0000;0000;000000;0000;0072;000000;6055;0013;000000;6250;0001;000000;6024;0011;000000;0000;0060;000000;0000;0001;000000;8596;0041;000000;0000;0479;000000;0000;6352;000000;0000;0012;000000;6252;0000;050821;0011;0000;000000;0000;0000;000000;0000;8817;000000;8827;0000;000000;0000;04;902224466;G016795A@BBVA.COM                       ;000000000                                                                                                    
0182;0001;6849;10;0001;300410305;LA UNION                            ;LA UNION            ;MAYOR, 92                           ;30360;                              ;                              ;0000;968540784;968540788;000000000;00000000;000000;           ;00;0000;191205;000000;0000;0000;0000;0000;0000;0000;0000;0000;00;2020-02-11;191205;1;0000;0;0;0;0;0;0;0;0;0;0101;1;0;1;1;0003;0;0;310010;1;0010;0;1;008006;08;0;0;6855;2534;0182;6252;0000;0000;0182;0027;0039;0065;0000;0000;0152;   ;9566;000000;0000;9891;000000;0000;0000;000000;0000;1964;000000;6055;0013;000000;6250;0001;000000;6024;0011;000000;0000;0060;000000;0000;0014;000000;8595;0030;000000;0000;0595;000000;0000;6352;000000;0000;0009;000000;6252;0000;110220;0011;0000;000000;0000;5859;000000;0000;8814;000000;8824;0000;000000;0000;06;902224466;G016849A@BBVA.COM                       ;000000000                                                                                                    
0182;0001;6857;10;0001;300300201;LA ALBERCA DE LAS TORRES            ;LA ALBERCA          ;MAYOR, 36                           ;30150;                              ;                              ;0000;968843368;968843381;000000000;00000000;000000;           ;00;0000;131205;000000;0000;0000;0000;0000;0000;0000;0000;0000;00;2021-01-20;131205;1;0000;0;0;0;0;0;0;0;0;0;0101;1;0;1;1;0003;0;0;310010;1;0010;0;1;001007;01;0;0;7611;2534;0182;6252;0000;0000;0182;0027;0039;0065;0000;0000;0152;   ;9557;000000;0000;9891;000000;0000;0000;000000;0000;1964;000000;6055;0013;000000;6250;0001;000000;6024;0011;000000;0000;0060;000000;0000;0014;000000;8595;0030;000000;0000;0595;000000;0000;6352;000000;0000;0009;000000;6252;0000;110220;0011;0000;000000;0000;5859;000000;0000;8814;000000;8824;0000;000000;0000;06;902224466;G016857A@BBVA.COM                       ;000000000                                                                                                    
0182;0001;6874;10;0001;030650011;ELCHE-LIBERTAD                      ;ELCHE-LIBERTAD      ;AV. LIBERTAD, 42                    ;03206;                              ;                              ;0000;966665231;966665234;000000000;00000000;000000;           ;00;0000;130101;000000;0000;0000;0000;0000;0000;0000;0000;0000;00;2021-08-02;010100;1;0000;0;0;0;0;0;0;0;0;0;0101;1;0;1;1;0003;0;0;311010;1;1010;0;1;040112;40;1;1;2499;2534;0182;6252;0000;0000;0182;0027;0039;0065;0000;0000;0100;000;9450;000000;0000;9884;000000;0000;0000;000000;0000;1964;000000;6055;0013;000000;6250;0001;000000;6024;0011;000000;0000;0060;000000;0000;0017;000000;8595;0003;000000;0000;0595;000000;0000;6352;000000;0000;0009;000000;6252;0000;110220;0011;0000;000000;0000;5859;000000;0000;8814;000000;8824;0000;000000;0000;04;902224466;G016874A@BBVA.COM                       ;000000000                                                                                                    
0182;0001;6890;10;0001;130130001;ALMAGRO                             ;ALMAGRO             ;FERIA, 7                            ;13270;                              ;                              ;0000;926261418;926261419;000000000;00000000;000000;           ;00;0000;250906;000000;0000;0000;0000;0000;0000;0000;0000;0000;00;2020-09-01;250906;1;0000;0;0;0;0;0;0;0;0;0;0101;1;0;1;1;0003;0;0;310010;1;0010;0;1;001000;01;0;0;0393;2528;0182;6252;0000;0000;0182;0027;0039;0096;0000;0000;0390;   ;6693;000000;0000;9801;000000;0000;0000;000000;0000;0051;000000;6055;0013;000000;6250;0001;000000;6024;0011;000000;0000;0060;000000;0000;0008;000000;8594;0013;000000;0000;0985;000000;0000;6352;000000;0000;0013;000000;6252;0000;110220;0011;0000;000000;0000;5856;000000;0000;8813;000000;8823;0000;000000;0000;06;000000000;G016890A@BBVA.COM                       ;000000000                                                                                                    
0182;0001;6930;10;0001;061620001;LA ZARZA                            ;LA ZARZA            ;LA CARRERA, 11                      ;06830;                              ;                              ;0000;924366038;000000000;000000000;00000000;000000;00000000000;00;0000;010175;000000;0000;0000;0000;0000;0000;0000;0000;0000;00;2020-02-11;170282;1;0000;0;0;0;0;0;0;0;0;0;0101;1;0;1;1;0003;0;0;310010;1;0010;0;1;009000;09;0;0;0384;2527;0182;6252;0000;0000;0182;0027;0039;0096;0000;0000;1487;   ;8987;000000;0000;9826;000000;0000;0000;000000;0000;0072;000000;6055;0013;000000;6250;0001;000000;6024;0011;000000;0000;0060;000000;0000;0010;000000;8596;0006;000000;0000;0479;000000;0000;6352;000000;0000;0013;000000;6252;0000;110220;0011;0000;000000;0000;0000;000000;0000;8817;000000;8827;0000;000000;0000;06;902224466;G016930A@BBVA.COM                       ;000000000                                                                                                    
0182;0001;6944;10;0001;502970004;ZARAGOZA-BASE AEREA                 ;ZARAGOZA-BASE AEREA ;BASE AEREA, EDIF.S-210-ZONA PARQUES ;50190;                              ;                              ;0000;976780911;000000000;000000000;00000000;000000;00000000000;00;0000;150799;000000;0000;0000;0000;0000;0000;0000;0000;0000;00;2020-02-11;150799;1;0000;0;0;0;0;0;0;0;0;0;0101;1;0;1;1;0003;0;0;310010;1;0010;0;1;001000;01;0;0;0741;2529;0182;6252;0000;0000;0182;0027;0039;0080;0000;0000;6900;   ;9019;000000;0000;9828;000000;0000;0000;000000;0000;1523;000000;6055;0013;000000;6250;0001;000000;6024;0011;000000;0000;0060;000000;0000;0002;000000;8592;0050;000000;0000;2017;000000;0000;6352;000000;0000;0013;000000;6252;0000;110220;0011;0000;000000;0000;5858;000000;0000;8816;000000;8826;0000;000000;0000;06;902224466;G016944A@BBVA.COM                       ;000000000                                                                                                    
0182;0001;6953;10;0018;000000000;COMPL ITALIA CAP REG                ;C ITALIA CAP REG    ;CORSO G. MATTEOTTI, 10              ;99999;                              ;                              ;0000;000762961;000000000;000760051;00321072;000000;           ;00;0000;180221;000000;0000;0000;0000;0000;0000;0000;0000;0000;00;2021-02-26;180221;1;0000;8;0;0;0;0;0;0;0;0;0102;1;0;2;3;0000;0;0;000090;0;0090;0;9;000100;00;1;0;0000;0000;0000;0000;0000;0000;0000;0000;9999;0099;0000;0000;0000;   ;0000;000000;0000;0000;000000;0000;2222;000000;0000;2619;000000;0000;2133;000000;6052;0001;000000;0000;0005;000000;0000;0060;000000;0000;0000;000000;0000;0000;000000;0000;0000;000000;0000;0000;000000;0000;0001;000000;0000;0000;000000;0000;0000;000000;0000;0000;000000;0000;0000;000000;0000;0000;000000;0000;00;000000000;                                        ;000000000                                                                                                    
0182;0001;6957;10;0018;000000000;COMPL BELGICA CAP REG               ;C BELGICA CAP REG   ;AV. DES ARTS, 43 (BRUSELAS)         ;99999;                              ;                              ;0000;999999999;000000000;000000000;00000000;000000;           ;00;0000;180221;000000;0000;0000;0000;0000;0000;0000;0000;0000;00;2021-02-26;180221;1;0000;8;0;0;0;0;0;0;0;0;0102;1;0;2;3;0000;0;0;000090;0;0090;0;9;000000;00;0;0;0000;0000;0000;0000;0000;0000;0000;0000;9999;0099;0000;0000;0000;   ;0000;000000;0000;0000;000000;0000;2227;000000;0000;2619;000000;0000;2133;000000;6052;0001;000000;0000;0002;000000;0000;0060;000000;0000;0000;000000;0000;0000;000000;0000;0000;000000;0000;0000;000000;0000;0000;000000;0000;0000;000000;0000;0000;000000;0000;0000;000000;0000;0000;000000;0000;0000;000000;0000;00;000000000;BBVANET.BE@BBVA.COM                     ;000000000                                                                                                    
0182;0001;6966;10;0018;000000000;COMPL HONG KONG CAP REG             ;C HONK KONG CAP REG ;43/F.TWO INT.FIN.CENT. 8 FINANCE ST ;99999;                              ;                              ;0000;025823111;000000000;028244868;00000000;000000;           ;00;0000;180221;000000;0000;0000;0000;0000;0000;0000;0000;0000;00;2021-02-26;180221;1;0000;8;0;0;0;0;0;0;0;0;0102;1;0;2;3;0000;0;0;000090;0;0090;0;9;000000;00;0;0;0000;0000;0000;0000;0000;0000;0000;0000;0000;0000;0000;0000;0000;   ;0000;000000;0000;0000;000000;0000;7758;000000;0000;2619;000000;0000;2133;000000;6052;0001;000000;0000;0740;000000;0000;0060;000000;0000;0000;000000;0000;0000;000000;0000;0000;000000;0000;0000;000000;0000;0000;000000;0000;0000;000000;0000;0000;000000;0000;0000;000000;0000;0000;000000;0000;0000;000000;0000;00;000000000;                                        ;000000000                                                                                                    
0182;0001;6981;10;0018;000000000;COMPL FRANCIA CAP REG               ;C FRANCIA CAP REG   ;29 AVENUE DE L'OPERA                ;99999;                              ;                              ;0000;590310482;000000000;000000000;00000000;000000;           ;00;0000;180221;000000;0000;0000;0000;0000;0000;0000;0000;0000;00;2021-02-26;180221;1;0000;8;0;0;0;0;0;0;0;0;0102;1;0;2;3;0000;0;0;000090;0;0090;0;9;000100;00;1;0;0000;0000;0000;0000;0000;0000;0000;0000;9999;0099;0000;0000;0000;   ;0000;000000;0000;0000;000000;0000;2221;000000;0000;2619;000000;0000;2133;000000;6052;0001;000000;0000;0001;000000;0000;0060;000000;0000;0000;000000;0000;0000;000000;0000;0000;000000;0000;0000;000000;0000;0001;000000;0000;0000;000000;0000;0000;000000;0000;0000;000000;0000;0000;000000;0000;0000;000000;0000;00;000000000;                                        ;000000000                                                                                                    
0182;0001;7014;10;0001;210020001;ALJARAQUE-CORRALES                  ;ALJARAQUE-CORRALES  ;CALLE SAN ANDRES 2, LOCAL 2         ;21110;                              ;                              ;0000;959490370;959490371;000000000;00000000;000000;           ;00;0000;011007;000000;0000;0000;0000;0000;0000;0000;0000;0000;00;2021-11-24;011007;1;0000;0;0;0;0;0;0;0;0;0;0101;1;0;1;1;0003;0;0;310010;1;0010;0;1;040003;40;0;0;3100;2527;0182;6252;0000;0000;0182;0027;0039;0085;0000;0000;3100;   ;8961;000000;0000;9826;000000;0000;0000;000000;0000;0072;000000;6055;0013;000000;6250;0001;000000;6024;0011;000000;0000;0060;000000;0000;0001;000000;8596;0021;000000;0000;0479;000000;0000;6352;000000;0000;0012;000000;6252;0000;110220;0011;0000;000000;0000;0000;000000;0000;8817;000000;8827;0000;000000;0000;07;902224466;G017014A@BBVA.COM                       ;000000000                                                                                                    
0182;0001;7015;10;0001;210210001;CARTAYA                             ;CARTAYA             ;PL. REDONDA, 3                      ;21450;                              ;                              ;0000;959393785;959393710;000000000;00000000;000000;           ;00;0000;170907;000000;0000;0000;0000;0000;0000;0000;0000;0000;00;2023-03-02;170907;1;0000;0;0;0;0;0;0;0;0;0;0101;1;0;1;1;0003;0;0;310010;1;0010;0;1;001000;01;0;0;0456;2527;0182;6252;0000;0000;0182;0027;0039;0085;0000;0000;3100;   ;8959;000000;0000;9826;000000;0000;0000;000000;0000;0072;000000;6055;0013;000000;6250;0001;000000;6024;0011;000000;0000;0060;000000;0000;0001;000000;8596;0021;000000;0000;0479;000000;0000;6352;000000;0000;0012;000000;6252;0000;020323;0011;0000;000000;0000;0000;000000;0000;8817;000000;8827;0000;000000;0000;06;902224466;G017015A@BBVA.COM                       ;000000000                                                                                                    
0182;0001;7016;10;0001;300260013;PUERTO DE MAZARRON (MURCIA)         ;PUERTO DE MAZARRON  ;AV. DR. MECA - CR. PTO.MAZARRON     ;30860;                              ;                              ;0000;968332174;000000000;000000000;00000000;000000;           ;00;0000;201106;000000;0000;0000;0000;0000;0000;0000;0000;0000;00;2020-02-11;201106;1;0000;0;0;0;0;0;0;0;0;0;0101;1;0;1;1;0003;0;0;310010;1;0010;0;1;001003;01;0;0;3540;2534;0182;6252;0000;0000;0182;0027;0039;0065;0000;0000;0152;   ;9552;000000;0000;9891;000000;0000;0000;000000;0000;1964;000000;6055;0013;000000;6250;0001;000000;6024;0011;000000;0000;0060;000000;0000;0014;000000;8595;0030;000000;0000;0595;000000;0000;6352;000000;0000;0009;000000;6252;0000;110220;0011;0000;000000;0000;5859;000000;0000;8814;000000;8824;0000;000000;0000;06;902224466;G017016A@BBVA.COM                       ;000000000                                                                                                    
0182;0001;7025;10;0001;181450001;OGIJARES                            ;OGIJARES            ;CRUCES, 2 BQ.3 LOCAL 6              ;18151;                              ;                              ;0000;958509830;958509831;000000000;00000000;000000;           ;00;0000;170706;000000;0000;0000;0000;0000;0000;0000;0000;0000;00;2020-02-11;170706;1;0000;0;0;0;0;0;0;0;0;0;0101;1;0;1;1;0003;0;0;310010;1;0010;0;1;001000;01;0;0;0520;2527;0182;6252;0000;0000;0182;0027;0039;0085;0000;0000;2900;   ;8944;000000;0000;9821;000000;0000;0000;000000;0000;0072;000000;6055;0013;000000;6250;0001;000000;6024;0011;000000;0000;0060;000000;0000;0001;000000;8596;0018;000000;0000;0479;000000;0000;6352;000000;0000;0012;000000;6252;0000;110220;0011;0000;000000;0000;0000;000000;0000;8817;000000;8827;0000;000000;0000;06;000000000;G017025A@BBVA.COM                       ;000000000                                                                                                    
0182;0001;7041;10;0001;040350305;CUEVAS DE ALMANZORA                 ;CUEVAS DE ALMANZORA ;AV. DE BARCELONA, 41                ;04610;                              ;                              ;0000;950458715;950458716;000000000;00000000;000000;           ;00;0000;050207;000000;0000;0000;0000;0000;0000;0000;0000;0000;00;2023-03-02;050207;1;0000;0;0;0;0;0;0;0;0;0;0101;1;0;1;1;0003;0;0;310010;1;0010;0;1;001001;01;0;0;1809;2527;0182;6252;0000;0000;0182;0027;0039;0085;0000;0000;1809;   ;9690;000000;0000;9821;000000;0000;0000;000000;0000;0072;000000;6055;0013;000000;6250;0001;000000;6024;0011;000000;0000;0060;000000;0000;0001;000000;8596;0004;000000;0000;0479;000000;0000;6352;000000;0000;0012;000000;6252;0000;020323;0011;0000;000000;0000;0000;000000;0000;8817;000000;8827;0000;000000;0000;07;902224466;G017041A@BBVA.COM                       ;000000000                                                                                                    
0182;0001;7073;10;0001;410870003;SANLUCAR LA MAYOR                   ;SANLUCAR LA MAYOR   ;JUAN DELGADO, 4                     ;41800;SANLUCAR LA MAYOR             ;                              ;0000;955700879;955700858;000000000;00000000;000000;00000000000;00;0000;080594;000000;0000;0000;0000;0000;0000;0000;0000;0000;00;2021-08-05;080594;1;0000;0;0;0;0;0;0;0;0;0;1101;1;0;1;1;0003;0;0;310010;1;0010;0;1;009001;09;0;0;1640;2527;0182;6252;0000;0000;0182;0027;0039;0085;0000;0000;6000;   ;8964;000000;0000;9824;000000;0000;0000;000000;0000;0072;000000;6055;0013;000000;6250;0001;000000;6024;0011;000000;0000;0060;000000;0000;0001;000000;8596;0041;000000;0000;0479;000000;0000;6352;000000;0000;0012;000000;6252;0000;050821;0011;0000;000000;0000;0000;010708;0000;8817;000000;8827;0000;000000;0000;05;902224466;G017073A@BBVA.COM                       ;000000000                                                                                                    
0182;0001;7081;10;0001;410410002;ESTEPA                              ;ESTEPA              ;MESONES, 29                         ;41560;ESTEPA                        ;                              ;0000;955913073;955913074;000000000;00000000;000000;00000000000;00;0000;080594;000000;0000;0000;0000;0000;0000;0000;0000;0000;00;2020-02-11;080594;1;0000;0;0;0;0;0;0;0;0;0;1101;1;0;1;1;0003;0;0;310010;1;0010;0;1;009004;09;0;0;4460;2527;0182;6252;0000;0000;0182;0027;0039;0085;0000;0000;6000;   ;8977;000000;0000;9824;000000;0000;0000;000000;0000;0072;000000;6055;0013;000000;6250;0001;000000;6024;0011;000000;0000;0060;000000;0000;0001;000000;8596;0041;000000;0000;0479;000000;0000;6352;000000;0000;0012;000000;6252;0000;110220;0011;0000;000000;0000;0000;010708;0000;8817;000000;8827;0000;000000;0000;05;902224466;g017081a@bbva.com                       ;000000000                                                                                                    
0182;0001;7111;10;0001;410750001;PILAS                               ;PILAS               ;PINEDA, 24                          ;41840;                              ;                              ;0000;954751390;954751056;000000000;00000000;000000;00000000000;00;0000;080594;000000;0000;0000;0000;0000;0000;0000;0000;0000;00;2021-08-05;080594;1;0000;0;0;0;0;0;0;0;0;0;1100;1;0;0;1;6003;0;0;310010;1;0010;0;1;009001;09;0;0;1640;2527;0182;6252;0000;0000;0182;0027;0039;0085;0000;0000;6000;   ;8964;000000;0000;9824;000000;0000;0000;000000;0000;0072;000000;6055;0013;000000;6250;0001;000000;6024;0011;000000;0000;0060;000000;0000;0001;000000;8596;0041;000000;0000;0479;000000;0000;6352;000000;0000;0012;000000;6252;0000;050821;0011;0000;000000;0000;0000;000000;0000;8817;000000;8827;0000;000000;0000;05;902224466;G017111A@BBVA.COM                       ;000000000                                                                                                    
0182;0001;7115;10;0001;290540001;FUENGIROLA-LA UNION                 ;FUENGIROLA-LA UNION ;LA UNION, 28                        ;29640;                              ;                              ;0000;952581335;952581488;000000000;00000000;000000;00000000000;00;0000;080594;000000;0000;0000;0000;0000;0000;0000;0000;0000;00;2020-02-11;080594;1;0000;0;0;0;0;0;0;0;0;0;1100;1;0;0;1;6003;0;0;310010;1;0010;0;1;008112;08;1;1;2735;2527;0182;6252;0000;0000;0182;0027;0039;0085;0000;0000;4100;   ;8914;000000;0000;9817;000000;0000;0000;000000;0000;0072;000000;6055;0013;000000;6250;0001;000000;6024;0011;000000;0000;0060;000000;0000;0001;000000;8596;0029;000000;0000;0479;000000;0000;6352;000000;0000;0012;000000;6252;0000;110220;0011;0000;000000;0000;0000;000000;0000;8817;000000;8827;0000;000000;0000;05;902224466;G017115A@BBVA.COM                       ;000000000                                                                                                    
0182;0001;7240;10;0018;000000000;COMPL JAPON CAP REG                 ;C JAPON CAP REG     ;2-2-2 UCHISAIWAICHO CHIYODA-KU-TOKYO;99999;                              ;                              ;0000;335011061;000000000;000000000;00000000;000000;           ;00;0000;180221;000000;0000;0000;0000;0000;0000;0000;0000;0000;00;2021-02-26;180221;1;0000;8;0;0;0;0;0;0;0;0;0102;1;0;2;3;0000;0;0;000090;0;0090;0;9;000000;00;0;0;0000;0000;0000;0000;0000;0000;0000;0000;9999;0099;0000;0000;0000;   ;0000;000000;0000;0000;000000;0000;2226;000000;0000;2619;000000;0000;2133;000000;6052;0001;000000;0000;0732;000000;0000;0060;000000;0000;0000;000000;0000;0000;000000;0000;0000;000000;0000;0000;000000;0000;0000;000000;0000;0000;000000;0000;0000;000000;0000;0000;000000;0000;0000;000000;0000;0000;000000;0000;00;000000000;                                        ;000000000                                                                                                    
0182;0001;7244;10;0018;000000000;COMPL EEUU CAP REG                  ;C EEUU CAP REG      ;767 FIFTH AVENUE                    ;99999;                              ;                              ;0000;128261320;000000000;000000000;00000000;000000;           ;00;0000;180221;000000;0000;0000;0000;0000;0000;0000;0000;0000;00;2021-02-26;180221;1;0000;8;0;0;0;0;0;0;0;0;0102;1;0;2;3;0000;0;0;000090;0;0090;0;9;000100;00;1;0;0000;0000;0000;0000;0000;0000;0000;0000;9999;0099;0000;0000;0000;   ;0000;000000;0000;0000;000000;0000;2224;000000;0000;2619;000000;0000;2133;000000;6052;0001;000000;0000;0400;000000;0000;0060;000000;0000;0000;000000;0000;0000;000000;0000;0000;000000;0000;0000;000000;0000;0001;000000;0000;0000;000000;0000;0000;000000;0000;0000;000000;0000;0000;000000;0000;0000;000000;0000;00;000000000;                                        ;000000000                                                                                                    
0182;0001;7251;40;0000;000000000;KOREA                               ;KOREA               ;5/F.SEOUL FINANCE CENTER, 84,TAEPYUN;00000;                              ;                              ;0000;999999999;000000000;000000000;00000000;000000;           ;00;0000;160910;000000;0000;0000;0000;0000;0000;0000;0000;0000;00;2011-11-09;000000;0;0000;8;0;0;0;0;0;0;0;0;0100;1;0;0;3;0000;0;0;000090;0;0090;0;9;000000;00;0;0;0000;0000;0000;0000;0000;0000;0000;0000;0000;0000;0000;0000;0000;   ;0000;000000;0000;0000;000000;0000;7251;000000;0000;0000;000000;0000;0000;000000;0000;0001;000000;0000;0728;000000;0000;0060;000000;0000;0000;000000;0000;0000;000000;0000;0000;000000;0000;0000;000000;0000;0000;000000;0000;0000;000000;0000;0000;000000;0000;0000;000000;0000;0000;000000;0000;0000;000000;0000;00;000000000;                                        ;000000000                                                                                                    
0182;0001;7266;10;0001;130470001;HERENCIA                            ;HERENCIA            ;AV. CONSTITUCION, 5                 ;13640;                              ;                              ;0000;926570151;926570152;000000000;00000000;000000;           ;00;0000;120707;000000;0000;0000;0000;0000;0000;0000;0000;0000;00;2020-02-11;120707;1;0000;0;0;0;0;0;0;0;0;0;0101;1;0;1;1;0003;0;0;310010;1;0010;0;1;008000;08;0;0;0392;2528;0182;6252;0000;0000;0182;0027;0039;0014;0000;0000;0390;   ;6685;000000;0000;9801;000000;0000;0000;000000;0000;0051;000000;6055;0013;000000;6250;0001;000000;6024;0011;000000;0000;0060;000000;0000;0008;000000;8594;0013;000000;0000;0985;000000;0000;6352;000000;0000;0013;000000;6252;0000;110220;0011;0000;000000;0000;5856;000000;0000;8813;000000;8823;0000;000000;0000;06;902224466;G017266A@BBVA.COM                       ;000000000                                                                                                    
0182;0001;7270;10;0018;000000000;SE-GENERAL ADMINISTR                ;SE-GENERAL ADMINISTR;5/F.SEOUL FINANCE CENTER, 84,TAEPYUN;00000;                              ;                              ;0000;999999999;000000000;000000000;00000000;000000;           ;00;0000;160910;000000;0000;0000;0000;0000;0000;0000;0000;0000;00;2011-10-20;160910;1;0000;8;0;0;0;0;0;0;0;0;0102;1;0;2;3;0000;0;0;000090;0;0090;0;9;000000;00;0;0;0000;0000;0000;0000;0000;0000;0000;0000;0000;0000;0000;0000;0000;   ;0000;000000;0000;7300;000000;0000;7251;000000;0000;7895;000000;0000;7773;000000;6212;0001;000000;6038;0728;000000;0000;0060;000000;0000;0000;000000;0000;0000;000000;0000;0000;000000;0000;0000;000000;0000;0000;000000;0000;0901;000000;0000;0000;000000;0000;0000;000000;0000;0000;000000;0000;0000;000000;0000;00;000000000;                                        ;000000000                                                                                                    
0182;0001;7272;10;0018;000000000;TP-DBU-GENERAL ADMINISTR            ;TP-DBU-GENERAL ADMIN;UNIT A, LEVEL 75, TAIPEI 101 TOWER N;00000;                              ;                              ;0000;999999999;000000000;000000000;00000000;000000;           ;00;0000;160910;000000;0000;0000;0000;0000;0000;0000;0000;0000;00;2011-11-30;160910;1;0000;8;0;0;0;0;0;0;0;0;0102;1;0;2;3;0000;0;0;000090;0;0090;0;9;000000;00;0;0;0000;0000;0000;0000;0000;0000;0000;0000;0000;0000;0000;0000;0000;   ;0000;000000;0000;7306;000000;0000;7268;000000;0000;7895;000000;0000;7773;000000;6212;0001;000000;6038;0736;000000;0000;0060;000000;0000;0000;000000;0000;0000;000000;0000;0000;000000;0000;0000;000000;0000;0000;000000;0000;0604;000000;0000;0000;000000;0000;0000;000000;0000;0000;000000;0000;0000;000000;0000;00;000000000;                                        ;000000000                                                                                                    
0182;0001;7291;10;0018;000000000;SE-MG&D                             ;SE-MG&D             ;5/F.SEOUL FINANCE CENTER, 84,TAEPYUN;00000;                              ;                              ;0000;999999999;000000000;000000000;00000000;000000;           ;00;0000;160910;000000;0000;0000;0000;0000;0000;0000;0000;0000;00;2011-10-20;160910;1;0000;8;0;0;0;0;0;0;0;0;0102;1;0;2;3;0000;0;0;000090;0;0090;0;9;000000;00;0;0;0000;0000;0000;0000;0000;0000;0000;0000;0000;0000;0000;0000;0000;   ;0000;000000;0000;7309;000000;0000;7251;000000;0000;7771;000000;0000;7770;000000;6213;0001;000000;6038;0728;000000;0000;0060;000000;0000;0000;000000;0000;0000;000000;0000;0000;000000;0000;0000;000000;0000;0000;000000;0000;0900;000000;0000;0000;000000;0000;0000;000000;0000;0000;000000;0000;0000;000000;0000;00;000000000;                                        ;000000000                                                                                                    
0182;0001;7294;10;0018;000000000;TP-DBU-TREASURY                     ;TP-DBU-TREASURY     ;UNIT A, LEVEL 75, TAIPEI 101 TOWER N;00000;                              ;                              ;0000;999999999;000000000;000000000;00000000;000000;           ;00;0000;160910;000000;0000;0000;0000;0000;0000;0000;0000;0000;00;2011-11-30;160910;1;0000;8;0;0;0;0;0;0;0;0;0102;1;0;2;3;0000;0;0;000090;0;0090;0;9;000000;00;0;0;0000;0000;0000;0000;0000;0000;0000;0000;0000;0000;0000;0000;0000;   ;0000;000000;0000;7313;000000;0000;7268;000000;0000;7771;000000;0000;7770;000000;6213;0001;000000;6038;0736;000000;0000;0060;000000;0000;0000;000000;0000;0000;000000;0000;0000;000000;0000;0000;000000;0000;0000;000000;0000;0600;000000;0000;0000;000000;0000;0000;000000;0000;0000;000000;0000;0000;000000;0000;00;000000000;                                        ;000000000                                                                                                    
0182;0001;7300;30;0000;000000000;Z.FDOS. PROPIOS KOREA               ;Z.FDOS.PROP.KOREA   ;5/F.SEOUL FINANCE CENTER, 84,TAEPYUN;00000;                              ;                              ;0000;999999999;000000000;000000000;00000000;000000;           ;00;0000;160910;000000;0000;0000;0000;0000;0000;0000;0000;0000;00;2011-11-08;000000;0;0000;8;0;0;0;0;0;0;0;0;0100;1;0;0;3;0000;0;0;000090;0;0090;0;9;000000;00;0;0;0000;0000;0000;0000;0000;0000;0000;0000;0000;0000;0000;0000;0000;   ;0000;000000;0000;7300;000000;0000;7251;000000;0000;7895;000000;0000;7773;000000;6212;0001;000000;6038;0728;000000;0000;0060;000000;0000;0000;000000;0000;0000;000000;0000;0000;000000;0000;0000;000000;0000;0000;000000;0000;0000;000000;0000;0000;000000;0000;0000;000000;0000;0000;000000;0000;0000;000000;0000;00;000000000;                                        ;000000000                                                                                                    
0182;0001;7306;30;0000;000000000;Z.FDOS.PROPIOS TAIWAN               ;Z.FDOS.PROPIOS TAIWA;UNIT A, LEVEL 75, TAIPEI 101 TOWER N;00000;                              ;                              ;0000;999999999;000000000;000000000;00000000;000000;           ;00;0000;160910;000000;0000;0000;0000;0000;0000;0000;0000;0000;00;2011-11-08;000000;0;0000;8;0;0;0;0;0;0;0;0;0100;1;0;0;3;0000;0;0;000090;0;0090;0;9;000000;00;0;0;0000;0000;0000;0000;0000;0000;0000;0000;0000;0000;0000;0000;0000;   ;0000;000000;0000;7306;000000;0000;7268;000000;0000;7895;000000;0000;7773;000000;6212;0001;000000;6038;0736;000000;0000;0060;000000;0000;0000;000000;0000;0000;000000;0000;0000;000000;0000;0000;000000;0000;0000;000000;0000;0000;000000;0000;0000;000000;0000;0000;000000;0000;0000;000000;0000;0000;000000;0000;00;000000000;                                        ;000000000                                                                                                    
0182;0001;7309;30;0000;000000000;Z. MERCADOS KOREA                   ;Z. MERCADOS KOREA   ;5/F.SEOUL FINANCE CENTER, 84,TEEPYUN;00000;                              ;                              ;0000;999999999;000000000;000000000;00000000;000000;           ;00;0000;160910;000000;0000;0000;0000;0000;0000;0000;0000;0000;00;2011-11-08;000000;0;0000;0;0;0;0;0;0;0;0;0;0100;1;0;0;0;0000;0;0;000090;0;0090;0;9;000000;00;0;0;0000;0000;0000;0000;0000;0000;0000;0000;0000;0000;0000;0000;0000;   ;0000;000000;0000;7309;000000;0000;7251;000000;0000;7771;000000;0000;7770;000000;6213;0001;000000;6038;0728;000000;0000;0060;000000;0000;0000;000000;0000;0000;000000;0000;0000;000000;0000;0000;000000;0000;0000;000000;0000;0000;000000;0000;0000;000000;0000;0000;000000;0000;0000;000000;0000;0000;000000;0000;00;000000000;                                        ;000000000                                                                                                    
0182;0001;7310;10;0018;000000000;COMPL SINGAPUR CAP REG              ;C SINGAPUR CAP REG  ;UOB PLAZA, 1 55-02 80 RAFFLES PLACE ;99999;                              ;                              ;0000;999999999;000000000;000000000;00000000;000000;           ;00;0000;180221;000000;0000;0000;0000;0000;0000;0000;0000;0000;00;2021-02-26;180221;1;0000;8;0;0;0;0;0;0;0;0;0102;1;0;2;3;0000;0;0;000090;0;0090;0;9;000000;00;0;0;0000;0000;0000;0000;0000;0000;0000;0000;9999;0099;0000;0000;0000;   ;0000;000000;0000;0000;000000;0000;7901;000000;0000;2619;000000;0000;2133;000000;6052;0001;000000;0000;0706;000000;0000;0060;000000;0000;0000;000000;0000;0000;000000;0000;0000;000000;0000;0000;000000;0000;0000;000000;0000;0000;000000;0000;0000;000000;0000;0000;000000;0000;0000;000000;0000;0000;000000;0000;00;000000000;                                        ;000000000                                                                                                    
0182;0001;7313;30;0000;000000000;Z.MERCADOS TAIWAN                   ;Z.MERCADOS TAIWAN   ;UNIT A, LEVEL 75, TAIPEI 101 TOWER N;00000;                              ;                              ;0000;999999999;000000000;000000000;00000000;000000;           ;00;0000;160910;000000;0000;0000;0000;0000;0000;0000;0000;0000;00;2011-11-08;000000;0;0000;0;0;0;0;0;0;0;0;0;0100;1;0;0;0;0000;0;0;000090;0;0090;0;9;000000;00;0;0;0000;0000;0000;0000;0000;0000;0000;0000;0000;0000;0000;0000;0000;   ;0000;000000;0000;7313;000000;0000;7268;000000;0000;7771;000000;0000;7770;000000;6213;0001;000000;6038;0736;000000;0000;0060;000000;0000;0000;000000;0000;0000;000000;0000;0000;000000;0000;0000;000000;0000;0000;000000;0000;0000;000000;0000;0000;000000;0000;0000;000000;0000;0000;000000;0000;0000;000000;0000;00;000000000;                                        ;000000000                                                                                                    
0182;0001;7319;30;0000;000000000;TB SEUL                             ;TB SEUL             ;5/F SEOUL FINANCE CENTER, 84 TAEPYUN;00000;                              ;                              ;0000;999999999;000000000;000000000;00000000;000000;           ;00;0000;041110;000000;0000;0000;0000;0000;0000;0000;0000;0000;00;2011-11-08;000000;0;0000;0;0;0;0;0;0;0;0;0;0100;1;0;0;0;0000;0;0;000090;0;0090;0;9;000000;00;0;0;0000;0000;0000;0000;0000;0000;0000;0000;0000;0000;0000;0000;0000;   ;0000;000000;0000;7319;000000;0000;7251;000000;0000;0000;000000;0000;7723;000000;7721;0001;000000;6038;0728;000000;0000;0060;000000;0000;0000;000000;0000;0000;000000;0000;0000;000000;0000;0000;000000;0000;0000;000000;0000;0000;000000;0000;0000;000000;0000;0000;000000;0000;0000;000000;0000;0000;000000;0000;00;000000000;                                        ;000000000                                                                                                    
0182;0001;7320;10;0001;380060005;LOS CRISTIANOS-C.C.BAHIA            ;CRISTIANOS-C.C.BAHIA;AV. JUAN CARLOS I, 32-C.C.BAHIA     ;38650;                              ;                              ;0000;922795978;922797737;000000000;00000000;000000;           ;00;0000;251100;000000;0000;0000;0000;0000;0000;0000;0000;0000;00;2021-08-03;010100;1;0000;0;0;0;0;0;0;0;0;0;0101;1;0;1;1;0003;0;0;311010;1;1010;0;1;008111;08;1;1;1055;2536;0182;6252;0000;0000;0182;0027;0039;0045;0000;0000;0770;000;8861;000000;0000;9814;000000;0000;0000;000000;0000;0063;000000;6055;0013;000000;6250;0001;000000;6024;0011;000000;0000;0060;000000;0000;0005;000000;8597;0038;000000;0000;1989;000000;0000;6352;000000;0000;0011;000000;6252;0000;110220;0011;0000;000000;0000;0000;000000;0000;8812;000000;8822;0000;000000;0000;04;902224466;G017320A@BBVA.COM                       ;000000000                                                                                                    
0182;0001;7321;10;0018;000000000;SE-TB                               ;SE-TB               ;5/F SEOUL FINANCE CENTER, 84 TAEPYUN;00000;                              ;                              ;0000;999999999;000000000;000000000;00000000;000000;           ;00;0000;041110;000000;0000;0000;0000;0000;0000;0000;0000;0000;00;2011-10-20;041110;1;0000;8;0;0;0;0;0;0;0;0;0102;1;0;2;3;0000;0;0;000090;0;0090;0;9;000100;00;1;0;0000;0000;0000;0000;0000;0000;0000;0000;0000;0000;0000;0000;0000;   ;0000;000000;0000;7319;000000;0000;7251;000000;0000;0000;000000;0000;7723;000000;7721;0001;000000;6038;0728;000000;0000;0060;000000;0000;0000;000000;0000;0000;000000;0000;0000;000000;0000;0000;000000;0000;0000;000000;0000;0903;000000;0000;0000;000000;0000;0000;000000;0000;0000;000000;0000;0000;000000;0000;00;000000000;                                        ;000000000                                                                                                    
0182;0001;7324;20;0000;000000000;STF SEOUL                           ;STF SEOUL           ;5/F SEOUL FINANCE CENTER, 84 TAEPYUN;00000;                              ;                              ;0000;999999999;000000000;000000000;00000000;000000;           ;00;0000;041110;000000;0000;0000;0000;0000;0000;0000;0000;0000;00;2013-03-14;000000;0;0000;0;0;0;0;0;0;0;0;0;0100;1;0;0;0;0000;0;0;000090;0;0090;0;9;000000;00;0;0;0000;0000;0000;0000;0000;0000;0000;0000;0000;0000;0000;0000;0000;   ;7324;000000;0000;0000;000000;0000;7251;000000;0000;0000;000000;0000;7698;000000;7721;0001;000000;6038;0728;000000;0000;0060;000000;0000;0000;000000;0000;0000;000000;0000;0000;000000;0000;0000;000000;0000;0000;000000;0000;0000;000000;0000;0000;000000;0000;0000;000000;0000;0000;000000;0000;0000;000000;0000;00;000000000;                                        ;000000000                                                                                                    
0182;0001;7327;10;0018;000000000;SE-STF                              ;SE-STF              ;5/F SEOUL FINANCE CENTER, 84 TAEPYUN;00000;                              ;                              ;0000;999999999;000000000;000000000;00000000;000000;           ;00;0000;041110;000000;0000;0000;0000;0000;0000;0000;0000;0000;00;2020-02-19;041110;1;0000;8;0;0;0;0;0;0;0;0;0102;1;0;2;3;0000;0;0;000090;0;0090;0;9;000000;00;0;0;0000;0000;0000;0000;0000;0000;0000;0000;0000;0000;0000;0000;0000;   ;7324;000000;0000;0000;000000;0000;7251;000000;0000;7689;000000;0000;7682;000000;7657;0001;000000;6038;0728;000000;0000;0060;000000;0000;0000;000000;0000;0000;000000;0000;0000;000000;0000;0000;000000;0000;0000;000000;0000;0904;000000;0000;0000;000000;0000;0000;000000;0000;0000;000000;0000;0000;000000;0000;00;000000000;                                        ;000000000                                                                                                    
0182;0001;7332;10;0018;000000000;SE-TTF                              ;SE-TTF              ;5/F SEOUL FINANCE CENTER, 84 TAEPYUN;00000;                              ;                              ;0000;999999999;000000000;000000000;00000000;000000;           ;00;0000;041110;000000;0000;0000;0000;0000;0000;0000;0000;0000;00;2011-10-20;041110;1;0000;8;0;0;0;0;0;0;0;0;0102;1;0;2;3;0000;0;0;000090;0;0090;0;9;000000;00;0;0;0000;0000;0000;0000;0000;0000;0000;0000;0000;0000;0000;0000;0000;   ;0000;000000;0000;0000;000000;0000;7251;000000;0000;0000;000000;0000;8280;000000;7721;0001;000000;6038;0728;000000;0000;0060;000000;0000;0000;000000;0000;0000;000000;0000;0000;000000;0000;0000;000000;0000;0000;000000;0000;0905;000000;0000;0000;000000;0000;0000;000000;0000;0000;000000;0000;0000;000000;0000;00;000000000;                                        ;000000000                                                                                                    
0182;0001;7336;10;0018;000000000;SE-PRODUCTION MANAGEMENT            ;SE-PRODUCTION MANAGE;5/F SEOUL FINANCE CENTER, 84 TAEPYUN;00000;                              ;                              ;0000;999999999;000000000;000000000;00000000;000000;           ;00;0000;041110;000000;0000;0000;0000;0000;0000;0000;0000;0000;00;2011-10-20;041110;1;0000;8;0;0;0;0;0;0;0;0;0102;1;0;2;3;0000;0;0;000090;0;0090;0;9;000100;00;1;0;0000;0000;0000;0000;0000;0000;0000;0000;0000;0000;0000;0000;0000;   ;0000;000000;0000;0000;000000;0000;7251;000000;0000;6972;000000;0000;6181;000000;6212;0001;000000;6038;0728;000000;0000;0060;000000;0000;0000;000000;0000;0000;000000;0000;0000;000000;0000;0000;000000;0000;0000;000000;0000;0902;000000;0000;0000;000000;0000;0000;000000;0000;0000;000000;0000;0000;000000;0000;00;000000000;                                        ;000000000                                                                                                    
0182;0001;7347;10;0018;000000000;TP-DBU-TB                           ;TP-DBU-TB           ;UNIT A, LEVEL 75, TAIPEI 101 TOWER 7;00000;                              ;                              ;0000;999999999;000000000;000000000;00000000;000000;           ;00;0000;041110;000000;0000;0000;0000;0000;0000;0000;0000;0000;00;2011-11-30;041110;1;0000;8;0;0;0;0;0;0;0;0;0102;1;0;2;3;0000;0;0;000090;0;0090;0;9;000100;00;1;0;0000;0000;0000;0000;0000;0000;0000;0000;0000;0000;0000;0000;0000;   ;0000;000000;0000;7411;000000;0000;7268;000000;0000;0000;000000;0000;7723;000000;7721;0001;000000;6038;0736;000000;0000;0060;000000;0000;0000;000000;0000;0000;000000;0000;0000;000000;0000;0000;000000;0000;0000;000000;0000;0603;000000;0000;0000;000000;0000;0000;000000;0000;0000;000000;0000;0000;000000;0000;00;000000000;                                        ;000000000                                                                                                    
0182;0001;7352;10;0018;000000000;TP-DBU-STF                          ;TP-DBU-STF          ;UNIT A, LEVEL 75, TAIPEI 101, TOWER ;00000;                              ;                              ;0000;999999999;000000000;000000000;00000000;000000;           ;00;0000;041110;000000;0000;0000;0000;0000;0000;0000;0000;0000;00;2020-02-19;041110;1;0000;8;0;0;0;0;0;0;0;0;0102;1;0;2;3;0000;0;0;000090;0;0090;0;9;000000;00;0;0;0000;0000;0000;0000;0000;0000;0000;0000;0000;0000;0000;0000;0000;   ;7413;000000;0000;0000;000000;0000;7268;000000;0000;7689;000000;0000;7682;000000;7657;0001;000000;6038;0736;000000;0000;0060;000000;0000;0000;000000;0000;0000;000000;0000;0000;000000;0000;0000;000000;0000;0000;000000;0000;0601;000000;0000;0000;000000;0000;0000;000000;0000;0000;000000;0000;0000;000000;0000;00;000000000;                                        ;000000000                                                                                                    
0182;0001;7355;10;0018;000000000;TP-DBU-TTF                          ;TP-DBU-TTF          ;UNIT A, LEVEL 75, TAIPEI 101 TOWER 7;00000;                              ;                              ;0000;999999999;000000000;000000000;00000000;000000;           ;00;0000;041110;000000;0000;0000;0000;0000;0000;0000;0000;0000;00;2011-11-30;041110;1;0000;8;0;0;0;0;0;0;0;0;0102;1;0;2;3;0000;0;0;000090;0;0090;0;9;000000;00;0;0;0000;0000;0000;0000;0000;0000;0000;0000;0000;0000;0000;0000;0000;   ;0000;000000;0000;0000;000000;0000;7268;000000;0000;0000;000000;0000;8280;000000;7721;0001;000000;6038;0736;000000;0000;0060;000000;0000;0000;000000;0000;0000;000000;0000;0000;000000;0000;0000;000000;0000;0000;000000;0000;0602;000000;0000;0000;000000;0000;0000;000000;0000;0000;000000;0000;0000;000000;0000;00;000000000;                                        ;000000000                                                                                                    
0182;0001;7359;10;0018;000000000;TP-DBU-PRODUCTION MANAGEMENT        ;TP-DBU-PRODUCTION MA;UNIT A, LEVEL 75, TAIPEI 101 TOWER 7;00000;                              ;                              ;0000;999999999;000000000;000000000;00000000;000000;           ;00;0000;041110;000000;0000;0000;0000;0000;0000;0000;0000;0000;00;2011-11-30;041110;1;0000;8;0;0;0;0;0;0;0;0;0102;1;0;2;3;0000;0;0;000090;0;0090;0;9;000100;00;1;0;0000;0000;0000;0000;0000;0000;0000;0000;0000;0000;0000;0000;0000;   ;0000;000000;0000;0000;000000;0000;7268;000000;0000;6972;000000;0000;6181;000000;6212;0001;000000;6038;0736;000000;0000;0060;000000;0000;0000;000000;0000;0000;000000;0000;0000;000000;0000;0000;000000;0000;0000;000000;0000;0605;000000;0000;0000;000000;0000;0000;000000;0000;0000;000000;0000;0000;000000;0000;00;000000000;                                        ;000000000                                                                                                    
0182;0001;7363;10;0001;290940012;VELEZ MALAGA-VIVAR TELLEZ           ;VELEZ MALAGA-V.TELLE;AV. VIVAR TELLEZ, 3                 ;29700;                              ;                              ;0000;952558631;000000000;000000000;00000000;000068;           ;00;0000;111100;000000;0000;0000;0000;0000;0000;0000;0000;0000;00;2021-11-24;010100;1;0000;0;0;0;0;0;0;0;0;0;0101;1;0;1;1;0003;0;0;311010;1;1010;0;1;008117;08;1;1;7665;2527;0182;6252;0000;0000;0182;0027;0039;0085;0000;0000;4100;000;8906;000000;0000;9821;000000;0000;0000;000000;0000;0072;000000;6055;0013;000000;6250;0001;000000;6024;0011;000000;0000;0060;000000;0000;0001;000000;8596;0029;000000;0000;0479;000000;0000;6352;000000;0000;0012;000000;6252;0000;050821;0011;0000;000000;0000;0000;000000;0000;8817;000000;8827;0000;000000;0000;04;902224466;G017363A@BBVA.COM                       ;000000000                                                                                                    
0182;0001;7364;10;0018;000000000;TP-OBU-MG&D                         ;TP-OBU-MG&D         ;UNIT A, LEVEL 75, TAIPEI 101, TOWER ;00000;                              ;                              ;0000;999999999;000000000;000000000;00000000;000000;           ;00;0000;041110;000000;0000;0000;0000;0000;0000;0000;0000;0000;00;2011-11-30;041110;1;0000;8;0;0;0;0;0;0;0;0;0102;1;0;2;3;0000;0;0;000090;0;0090;0;9;000000;00;0;0;0000;0000;0000;0000;0000;0000;0000;0000;0000;0000;0000;0000;0000;   ;0000;000000;0000;7313;000000;0000;7268;000000;0000;7771;000000;0000;7770;000000;6213;0001;000000;6038;0736;000000;0000;0060;000000;0000;0000;000000;0000;0000;000000;0000;0000;000000;0000;0000;000000;0000;0000;000000;0000;0610;000000;0000;0000;000000;0000;0000;000000;0000;0000;000000;0000;0000;000000;0000;00;000000000;                                        ;000000000                                                                                                    
0182;0001;7366;10;0018;000000000;TP-DBU-PROJECT FINANCE              ;TP-DBU-PROJECT FINAN;UNIT A, LEVEL 75, TAIPEI 101 TOWER 7;00000;                              ;                              ;0000;999999999;000000000;000000000;00000000;000000;           ;00;0000;041110;000000;0000;0000;0000;0000;0000;0000;0000;0000;00;2025-10-21;041110;1;0000;8;0;0;0;0;0;0;0;0;0102;1;0;2;3;0000;0;0;000090;0;0090;0;9;000100;00;1;0;0000;0000;0000;0000;0000;0000;0000;0000;0000;0000;0000;0000;0000;   ;0000;000000;0000;0000;000000;0000;7268;000000;0000;7689;000000;0000;7682;000000;7657;0001;000000;6038;0736;000000;0000;0060;000000;0000;0000;000000;0000;0000;000000;0000;0000;000000;0000;0000;000000;0000;0000;000000;0000;0613;000000;0000;0000;000000;0000;0000;000000;0000;0000;000000;0000;0000;000000;0000;00;000000000;                                        ;000000000                                                                                                    
0182;0001;7372;10;0018;000000000;TP-OBU-STF                          ;TP-OBU-STF          ;UNIT A, LEVEL 75, TAIPEI 101, TOWER ;00000;                              ;                              ;0000;999999999;000000000;000000000;00000000;000000;           ;00;0000;041110;000000;0000;0000;0000;0000;0000;0000;0000;0000;00;2020-02-19;041110;1;0000;8;0;0;0;0;0;0;0;0;0102;1;0;2;3;0000;0;0;000090;0;0090;0;9;000000;00;0;0;0000;0000;0000;0000;0000;0000;0000;0000;0000;0000;0000;0000;0000;   ;7413;000000;0000;0000;000000;0000;7268;000000;0000;7689;000000;0000;7682;000000;7657;0001;000000;6038;0736;000000;0000;0060;000000;0000;0000;000000;0000;0000;000000;0000;0000;000000;0000;0000;000000;0000;0000;000000;0000;0611;000000;0000;0000;000000;0000;0000;000000;0000;0000;000000;0000;0000;000000;0000;00;000000000;                                        ;000000000                                                                                                    
0182;0001;7374;10;0018;000000000;TP-OBU-TTF                          ;TP-OBU-TTF          ;UNIT A, LEVEL 75, TAIPEI 101 TOWER 7;00000;                              ;                              ;0000;999999999;000000000;000000000;00000000;000000;           ;00;0000;041110;000000;0000;0000;0000;0000;0000;0000;0000;0000;00;2011-11-30;041110;1;0000;8;0;0;0;0;0;0;0;0;0102;1;0;2;3;0000;0;0;000090;0;0090;0;9;000000;00;0;0;0000;0000;0000;0000;0000;0000;0000;0000;0000;0000;0000;0000;0000;   ;0000;000000;0000;0000;000000;0000;7268;000000;0000;0000;000000;0000;8280;000000;7721;0001;000000;6038;0736;000000;0000;0060;000000;0000;0000;000000;0000;0000;000000;0000;0000;000000;0000;0000;000000;0000;0000;000000;0000;0612;000000;0000;0000;000000;0000;0000;000000;0000;0000;000000;0000;0000;000000;0000;00;000000000;                                        ;000000000                                                                                                    
0182;0001;7375;10;0014;082050003;SANT CUGAT DEL VALLES-TVE-OTP       ;S.CUGAT V.-TVE-OTP  ;MERCE VILARET, S/N EDIFICIO TVE     ;08174;                              ;                              ;0000;936755256;000000000;935879879;00000000;000000;           ;00;0000;251006;190721;0182;8327;0000;0000;0182;8327;0000;0000;00;2021-08-02;000000;0;8186;0;0;0;0;0;0;0;0;0;0100;1;0;0;1;0000;0;0;010090;1;0090;0;9;001770;01;7;7;0000;2542;0182;6252;0000;0000;0182;0027;0039;0035;0000;0000;1797;   ;5252;000000;0000;5296;000000;0000;0000;000000;0000;8302;000000;6055;0013;000000;6250;0001;000000;6024;0011;000000;0000;0060;000000;0000;0009;000000;8593;0008;000000;0000;0800;000000;0000;6352;000000;0000;0007;000000;6252;0000;170118;0011;0000;000000;0000;5855;000000;0000;8811;000000;8821;0000;000000;0000;00;902224466;                                        ;000000000                                                                                                    
0182;0001;7401;10;0001;280790001;MADRID-LOS JERONIMOS                ;MADRID LOS JERONIMOS;ALBERTO BOSCH, 11                   ;28014;                              ;                              ;0000;913600225;913600430;000000000;00000000;000000;00000000000;00;0000;010175;190721;0182;7911;0000;0000;0182;4000;0000;0000;00;2022-02-14;260582;1;0000;0;0;0;0;0;0;0;0;0;1101;1;0;1;1;0003;0;0;310090;1;0090;0;9;007710;07;7;1;0000;2528;0182;6252;0000;0000;0182;0027;0039;0014;0000;0000;4000;   ;8805;000000;0000;9812;000000;0000;0000;000000;0000;0051;000000;6055;0013;000000;6250;0001;000000;6024;0011;000000;0000;0060;000000;0000;0012;000000;8594;0028;000000;0000;0985;000000;0000;6352;000000;0000;0006;000000;6252;0000;110220;0011;0000;000000;0000;5856;000000;0000;8813;000000;8823;0000;000000;0000;04;902224466;G017401A@BBVA.COM                       ;000000000                                                                                                    
0182;0001;7405;10;0001;280790001;MADRID-HACIENDA PAVONES             ;MADRID HAC.PAVONES  ;HACIENDA DE PAVONES, 124            ;28030;                              ;                              ;0000;913715060;913715125;000000000;00000000;000000;00000000000;00;0000;010175;190721;0182;1402;0000;0000;0182;1402;0000;0000;00;2021-08-03;171184;1;0000;0;0;0;0;0;0;0;0;0;1101;1;0;1;1;0003;0;0;310090;1;0090;0;9;008714;08;7;1;4049;2528;0182;6252;0000;0000;0182;0027;0039;0014;0000;0000;4000;   ;8572;000000;0000;9806;000000;0000;0000;000000;0000;0051;000000;6055;0013;000000;6250;0001;000000;6024;0011;000000;0000;0060;000000;0000;0012;000000;8594;0028;000000;0000;0985;000000;0000;6352;000000;0000;0006;000000;6252;0000;110220;0011;0000;000000;0000;5856;000000;0000;8813;000000;8823;0000;000000;0000;04;902224466;G017405A@BBVA.COM                       ;000000000                                                                                                    
0182;0001;7411;30;0000;000000000;TB TAIPEI                           ;TB TAIPEI           ;UNIT A, LEVEL 75 TAIPEI 101 TOWER 7 ;00000;                              ;                              ;0000;999999999;000000000;000000000;00000000;000000;           ;00;0000;041110;000000;0000;0000;0000;0000;0000;0000;0000;0000;00;2011-11-08;000000;0;0000;0;0;0;0;0;0;0;0;0;0100;1;0;0;0;0000;0;0;000090;0;0090;0;9;000000;00;0;0;0000;0000;0000;0000;0000;0000;0000;0000;0000;0000;0000;0000;0000;   ;0000;000000;0000;7411;000000;0000;7268;000000;0000;0000;000000;0000;7723;000000;7721;0001;000000;6038;0736;000000;0000;0060;000000;0000;0000;000000;0000;0000;000000;0000;0000;000000;0000;0000;000000;0000;0000;000000;0000;0000;000000;0000;0000;000000;0000;0000;000000;0000;0000;000000;0000;0000;000000;0000;00;000000000;                                        ;000000000                                                                                                    
0182;0001;7413;20;0000;000000000;STF TAIPEI                          ;STF TAIPEI          ;UNIT A, LEVEL 75, TAIPEI 101 TOWER,7;00000;                              ;                              ;0000;999999999;000000000;000000000;00000000;000000;           ;00;0000;041110;000000;0000;0000;0000;0000;0000;0000;0000;0000;00;2013-03-14;000000;0;0000;0;0;0;0;0;0;0;0;0;0100;1;0;0;0;0000;0;0;000090;0;0090;0;9;000000;00;0;0;0000;0000;0000;0000;0000;0000;0000;0000;0000;0000;0000;0000;0000;   ;7413;000000;0000;0000;000000;0000;7268;000000;0000;0000;000000;0000;7698;000000;7721;0001;000000;6038;0736;000000;0000;0060;000000;0000;0000;000000;0000;0000;000000;0000;0000;000000;0000;0000;000000;0000;0000;000000;0000;0000;000000;0000;0000;000000;0000;0000;000000;0000;0000;000000;0000;0000;000000;0000;00;000000000;                                        ;000000000                                                                                                    
0182;0001;7429;10;0018;000000000;TK-PRODUCTION MANAGEMENT            ;TK-PRODUCTION MANAGE;2-2-2 UCHISAIWAICHO CHIYODA-KU-TOKYO;00000;                              ;                              ;0000;999999999;000000000;000000000;00000000;000000;           ;00;0000;041110;000000;0000;0000;0000;0000;0000;0000;0000;0000;00;2011-10-20;041110;1;0000;8;0;0;0;0;0;0;0;0;0102;1;0;2;3;0000;0;0;000090;0;0090;0;9;000100;00;1;0;0000;0000;0000;0000;0000;0000;0000;0000;0000;0000;0000;0000;0000;   ;0000;000000;0000;0000;000000;0000;2226;000000;0000;6972;000000;0000;6181;000000;6212;0001;000000;6038;0732;000000;0000;0060;000000;0000;0000;000000;0000;0000;000000;0000;0000;000000;0000;0000;000000;0000;0000;000000;0000;0306;000000;0000;0000;000000;0000;0000;000000;0000;0000;000000;0000;0000;000000;0000;00;000000000;                                        ;000000000                                                                                                    
0182;0001;7431;10;0018;000000000;SG-DBU-PRODUCTION MANAGEMENT        ;SG-DBU-PRODUCTION MA;UOB PLAZA, 1 55-02 80 RAFFLES PLACE ;00000;                              ;                              ;0000;999999999;000000000;000000000;00000000;000000;           ;00;0000;041110;000000;0000;0000;0000;0000;0000;0000;0000;0000;00;2011-10-20;041110;1;0000;8;0;0;0;0;0;0;0;0;0102;1;0;2;3;0000;0;0;000090;0;0090;0;9;000100;00;1;0;0000;0000;0000;0000;0000;0000;0000;0000;0000;0000;0000;0000;0000;   ;0000;000000;0000;0000;000000;0000;7901;000000;0000;6972;000000;0000;6181;000000;6212;0001;000000;6038;0706;000000;0000;0060;000000;0000;0000;000000;0000;0000;000000;0000;0000;000000;0000;0000;000000;0000;0000;000000;0000;0136;000000;0000;0000;000000;0000;0000;000000;0000;0000;000000;0000;0000;000000;0000;00;000000000;                                        ;000000000                                                                                                    
0182;0001;7438;10;0018;000000000;NY HOLDING SUSTAINABILITY           ;NY HOLDING SUSTAINAB;1345 AV.OF AMERICAS PL.45-NUEVA YORK;10105;                              ;                              ;0000;999999999;000000000;000000000;00000000;000000;           ;00;0000;221110;000000;0000;0000;0000;0000;0000;0000;0000;0000;00;2024-01-17;221110;1;0000;8;0;0;0;0;0;0;0;0;0102;1;0;2;3;0000;0;0;000090;0;0090;0;9;000000;00;0;0;0000;0000;0000;0000;0000;0000;0000;0000;0000;0000;0000;0000;0000;   ;0000;000000;0000;8257;000000;0000;2224;000000;0000;0000;000000;0000;7893;000000;6052;0001;000000;0000;0400;000000;0000;0060;000000;0000;0000;000000;0000;0000;000000;0000;0000;000000;0000;0000;000000;0000;0001;000000;0000;0243;000000;0000;0000;000000;0000;0000;000000;0000;0000;000000;0000;0000;000000;0000;00;000000000;                                        ;000000000                                                                                                    
0182;0001;7454;10;0022;070400012;CTRO.FORM.T.P.-BALEARES             ;CTR.FORM.TP BALEARES;PL. DE L'OLIVAR, 6                  ;07002;                              ;                              ;0000;971179046;000000000;971179139;00000000;000000;00000000000;00;0000;010175;000000;0000;0000;0000;0000;0000;0000;0000;0000;00;2021-11-11;130990;0;0000;0;0;0;0;0;0;0;0;0;0101;1;0;1;2;0000;0;0;000090;0;0090;0;9;000100;00;1;0;0000;0000;0000;0000;0000;0000;0182;0027;0039;0075;0000;0000;4900;   ;0000;000000;0000;0000;000000;0000;0000;000000;0000;4716;000000;0000;2009;000000;3078;0001;000000;0000;0011;000000;0000;0060;000000;0000;0004;000000;0000;0007;000000;0000;0595;141194;1982;0000;000000;0000;0001;000000;0000;0000;000000;0000;0000;000000;0000;0000;000000;0000;0000;000000;0000;0000;000000;0000;00;000000000;                                        ;000000000                                                                                                    
0182;0001;7459;10;0022;350160024;CTRO.FORM.T.P.-LAS PALMAS           ;C.FORM.TP LAS PALMAS;ALBAREDA, 6                         ;35008;                              ;                              ;0000;999999999;000000000;000000000;00000000;000000;00000000000;00;0000;010175;000000;0000;0000;0000;0000;0000;0000;0000;0000;00;2021-11-11;130990;0;0000;0;0;0;0;0;0;0;0;0;0101;1;0;1;2;0000;0;0;000090;0;0090;0;9;000100;00;1;0;0000;0000;0000;0000;0000;0000;0182;0027;0039;0050;0000;0000;4951;   ;0000;000000;0000;0000;000000;0000;0000;000000;0000;4716;000000;0000;2009;000000;3078;0001;000000;0000;0011;000000;0000;0060;000000;0000;0005;000000;0000;0035;000000;0000;1989;000000;0000;0000;000000;0000;0001;000000;0000;0000;000000;0000;0000;000000;0000;0000;000000;0000;0000;000000;0000;0000;000000;0000;00;000000000;                                        ;000000000                                                                                                    
0182;0001;7518;10;0001;121260002;VALL D'UIXO-SALVADOR ALLENDE        ;VALL D'UIXO-S.ALLEND;SALVADOR ALLENDE, 2                 ;12600;                              ;                              ;0000;964667638;964667480;000000000;00000000;000102;           ;00;0000;111100;000000;0000;0000;0000;0000;0000;0000;0000;0000;00;2021-08-02;010100;1;0000;0;0;0;0;0;0;0;0;0;0101;1;0;1;1;0003;0;0;311010;1;1010;0;1;001007;01;0;0;7218;2534;0182;6252;0000;0000;0182;0027;0039;0065;0000;0000;1900;000;9468;000000;0000;9889;000000;0000;0000;000000;0000;1964;000000;6055;0013;000000;6250;0001;000000;6024;0011;000000;0000;0060;000000;0000;0017;000000;8595;0012;000000;0000;0595;000000;0000;6352;000000;0000;0009;000000;6252;0000;110220;0011;0000;000000;0000;5859;000000;0000;8814;000000;8824;0000;000000;0000;04;902224466;G017518A@BBVA.COM                       ;000000000                                                                                                    
0182;0001;7520;10;0018;000000000;UW LEVERAGE ITALIA- LARGE CORPS     ;UW LEV ITA- LARGE   ;VIA CINO DEL DUCA 8                 ;20122;                              ;                              ;0000;999999999;000000000;000000000;00000000;000000;           ;00;0000;170925;000000;0000;0000;0000;0000;0000;0000;0000;0000;00;2025-09-17;170925;1;0000;0;0;0;0;0;0;0;0;0;0102;1;0;2;3;0000;0;0;000090;0;0090;0;9;000000;00;0;0;0000;0000;0000;0000;0000;0000;0000;0000;0000;0000;0000;0000;0000;   ;0000;000000;0000;0000;000000;0000;2222;000000;0000;0000;000000;0000;7672;000000;7657;0001;000000;6038;0005;000000;0000;0060;000000;0000;0000;000000;0000;0000;000000;0000;0000;000000;0000;0000;000000;0000;0000;000000;0000;0450;000000;0000;0000;000000;0000;0000;000000;0000;0000;000000;0000;0000;000000;0000;00;000000000;                                        ;000000000                                                                                                    
0182;0001;7521;10;0018;000000000;UW PF ALEMANIA                      ;UW PF ALEMANIA      ;NEUE MAINZER STRASSE, 28            ;60311;                              ;                              ;0000;999999999;000000000;000000000;00000000;000000;           ;00;0000;170925;000000;0000;0000;0000;0000;0000;0000;0000;0000;00;2025-09-17;170925;1;0000;0;0;0;0;0;0;0;0;0;0102;1;0;2;3;0000;0;0;000090;0;0090;0;9;000000;00;0;0;0000;0000;0000;0000;0000;0000;0000;0000;0000;0000;0000;0000;0000;   ;0000;000000;0000;0000;000000;0000;4777;000000;0000;7689;000000;0000;7682;000000;7657;0001;000000;6038;0004;000000;0000;0060;000000;0000;0000;000000;0000;0000;000000;0000;0000;000000;0000;0000;000000;0000;0000;000000;0000;0482;000000;0000;0000;000000;0000;0000;000000;0000;0000;000000;0000;0000;000000;0000;00;000000000;                                        ;000000000                                                                                                    
0182;0001;7546;10;0018;000000000;PROJECT FINANCE ALEMANIA            ;PROJECT FINANCE ALEM;NEUE MAINZER STRASSE,28(FRFURT-MAIN);60311;                              ;                              ;0000;007411326;000000000;007432894;00000000;000000;           ;00;0000;020511;000000;0000;0000;0000;0000;0000;0000;0000;0000;00;2011-10-20;020511;1;0000;8;0;0;0;0;0;0;0;0;0102;1;0;2;3;0000;0;0;000090;0;0090;0;9;000000;00;0;0;0000;0000;0000;0000;0000;0000;0000;0000;0000;0000;0000;0000;0000;   ;0000;000000;0000;0000;000000;0000;4777;000000;0000;7689;000000;0000;7682;000000;7657;0001;000000;6038;0004;000000;0000;0060;000000;0000;0000;000000;0000;0000;000000;0000;0000;000000;0000;0000;000000;0000;0000;000000;0000;0517;000000;0000;0000;000000;0000;0000;000000;0000;0000;000000;0000;0000;000000;0000;00;000000000;                                        ;000000000                                                                                                    
0182;0001;7551;10;0018;000000000;SG-DBU-PROJECT FINANCE              ;SG-DBU-PROJECT FINAN;UOB PLAZA, 1 55-02 80 RAFFLES PLACE ;00000;                              ;                              ;0000;999999999;000000000;000000000;00000000;000000;           ;00;0000;020511;000000;0000;0000;0000;0000;0000;0000;0000;0000;00;2011-10-20;020511;1;0000;8;0;0;0;0;0;0;0;0;0102;1;0;2;3;0000;0;0;000090;0;0090;0;9;000000;00;0;0;0000;0000;0000;0000;0000;0000;0000;0000;0000;0000;0000;0000;0000;   ;0000;000000;0000;0000;000000;0000;7901;000000;0000;7689;000000;0000;7682;000000;7657;0001;000000;6038;0706;000000;0000;0060;000000;0000;0000;000000;0000;0000;000000;0000;0000;000000;0000;0000;000000;0000;0000;000000;0000;0138;000000;0000;0000;000000;0000;0000;000000;0000;0000;000000;0000;0000;000000;0000;00;000000000;                                        ;000000000                                                                                                    
0182;0001;7556;10;0018;000000000;TK-TB                               ;TK-TB               ;2-2-2 UCHISAIWAICHO CHIYODA-KU-TOKYO;10011;                              ;                              ;0000;335011061;000000000;000000000;00000000;000000;           ;00;0000;020511;000000;0000;0000;0000;0000;0000;0000;0000;0000;00;2011-10-20;020511;1;0000;8;0;0;0;0;0;0;0;0;0102;1;0;2;3;0000;0;0;000090;0;0090;0;9;000000;00;0;0;0000;0000;0000;0000;0000;0000;0000;0000;0000;0000;0000;0000;0000;   ;8229;000000;0000;8225;000000;0000;2226;000000;0000;0000;000000;0000;7723;000000;7721;0001;000000;6038;0732;000000;0000;0060;000000;0000;0000;000000;0000;0000;000000;0000;0000;000000;0000;0000;000000;0000;0000;000000;0000;0307;000000;0000;0000;000000;0000;0000;000000;0000;0000;000000;0000;0000;000000;0000;00;000000000;                                        ;000000000                                                                                                    
0182;0001;7558;10;0018;000000000;FINANZIA ITALIA-POST LIQUIDACION    ;FINANZIA ITALIA-POST;CORSO MATTEOTTI 10                  ;20121;                              ;                              ;0000;000762961;000000000;000760051;00321072;000000;           ;00;0000;020511;000000;0000;0000;0000;0000;0000;0000;0000;0000;00;2021-11-24;020511;1;0000;8;0;0;0;0;0;0;0;0;0102;1;0;2;3;0000;0;0;000090;0;0090;0;9;000000;00;0;0;0000;0000;0000;0000;0000;0000;0000;0000;0000;0000;0000;0000;0000;   ;2579;000000;0000;0000;000000;0000;2222;000000;0000;4085;000000;4084;7778;000000;6250;0001;000000;6024;0005;000000;0000;0060;000000;0000;0000;000000;0000;0000;000000;0000;0000;000000;0000;0000;000000;0000;0000;000000;0000;0054;000000;0000;0000;000000;0000;0000;000000;0000;0000;000000;0000;0000;000000;0000;00;000000000;                                        ;000000000                                                                                                    
0182;0001;7559;10;0018;000000000;BBVA-BANKING DERIVATIVES            ;BBVA-BANK DERIV     ;4501 JINMAO TOWER, 88 CENTURY BVD   ;99999;                              ;                              ;0000;999999999;000000000;000000000;00000000;000000;           ;00;0000;221020;000000;0000;0000;0000;0000;0000;0000;0000;0000;00;2020-10-23;221020;1;0000;8;0;0;0;0;0;0;0;0;0102;1;0;2;3;0000;0;0;000090;0;0090;0;9;000000;00;0;0;0000;0000;0000;0000;0000;0000;0000;0000;0000;0000;0000;0000;0000;   ;0000;000000;0000;2188;000000;0000;2246;000000;0000;7771;000000;0000;7770;000000;6213;0001;000000;6038;0720;000000;0000;0060;000000;0000;0000;000000;0000;0000;000000;0000;0000;000000;0000;0000;000000;0000;0000;000000;0000;0191;000000;0000;0000;000000;0000;0000;000000;0000;0000;000000;0000;0000;000000;0000;00;000000000;                                        ;000000000                                                                                                    
0182;0001;7561;10;0018;000000000;TK-TTF                              ;TK-TTF              ;2-2-2 UCHISAIWAICHO CHIYODA-KU-TOKYO;10011;                              ;                              ;0000;335011061;000000000;000000000;00000000;000000;           ;00;0000;020511;000000;0000;0000;0000;0000;0000;0000;0000;0000;00;2011-10-20;020511;1;0000;8;0;0;0;0;0;0;0;0;0102;1;0;2;3;0000;0;0;000090;0;0090;0;9;000000;00;0;0;0000;0000;0000;0000;0000;0000;0000;0000;0000;0000;0000;0000;0000;   ;0000;000000;0000;0000;000000;0000;2226;000000;0000;0000;000000;0000;8280;000000;7721;0001;000000;6038;0732;000000;0000;0060;000000;0000;0000;000000;0000;0000;000000;0000;0000;000000;0000;0000;000000;0000;0000;000000;0000;0308;000000;0000;0000;000000;0000;0000;000000;0000;0000;000000;0000;0000;000000;0000;00;000000000;                                        ;000000000                                                                                                    
0182;0001;7567;10;0018;000000000;CLIENT COVERAGE ALEMANIA            ;CLIENT COVERAGE ALEM;NEUE MAINZER STRASSE,28(FRFURT-MAIN);60311;                              ;                              ;0000;007411326;000000000;007432894;00000000;000000;           ;00;0000;020511;000000;0000;0000;0000;0000;0000;0000;0000;0000;00;2011-10-20;020511;1;0000;8;0;0;0;0;0;0;0;0;0102;1;0;2;3;0000;0;0;000090;0;0090;0;9;000000;00;0;0;0000;0000;0000;0000;0000;0000;0000;0000;0000;0000;0000;0000;0000;   ;0000;000000;0000;0000;000000;0000;4777;000000;0000;0000;000000;0000;7785;000000;6212;0001;000000;6038;0004;000000;0000;0060;000000;0000;0000;000000;0000;0000;000000;0000;0000;000000;0000;0000;000000;0000;0000;000000;0000;0518;000000;0000;0000;000000;0000;0000;000000;0000;0000;000000;0000;0000;000000;0000;00;000000000;                                        ;000000000                                                                                                    
0182;0001;7569;10;0018;000000000;PROYECT FINANCE US-NY               ;PROYECT FINANCE US-N;1345 AV.OF AMERICAS PL.45-NUEVA YORK;10105;                              ;                              ;0000;007281500;000000000;000000000;00000000;000000;           ;00;0000;020511;000000;0000;0000;0000;0000;0000;0000;0000;0000;00;2011-10-20;020511;1;0000;8;0;0;0;0;0;0;0;0;0102;1;0;2;3;0000;0;0;000090;0;0090;0;9;000000;00;0;0;0000;0000;0000;0000;0000;0000;0000;0000;0000;0000;0000;0000;0000;   ;0000;000000;0000;0000;000000;0000;2224;000000;0000;7649;000000;0000;7871;000000;7612;0001;000000;6881;0400;000000;0000;0060;000000;0000;0000;000000;0000;0000;000000;0000;0000;000000;0000;0000;000000;0000;0000;000000;0000;0244;000000;0000;0000;000000;0000;0000;000000;0000;0000;000000;0000;0000;000000;0000;00;000000000;                                        ;000000000                                                                                                    
0182;0001;7571;10;0018;000000000;NY CL REAL ESTATE                   ;NY CL REAL ESTATE   ;1345 AVENUE O.THE AMERICAS,45-N.YORK;00000;                              ;                              ;0000;007281500;000000000;000000000;00000000;000000;           ;00;0000;020511;000000;0000;0000;0000;0000;0000;0000;0000;0000;00;2021-12-01;020511;1;0000;8;0;0;0;0;0;0;0;0;0102;1;0;2;3;0000;0;0;000090;0;0090;0;9;000000;00;0;0;0000;0000;0000;0000;0000;0000;0000;0000;0000;0000;0000;0000;0000;   ;0000;000000;0000;0000;000000;0000;2224;000000;0000;7649;000000;0000;7871;000000;7612;0001;000000;6881;0400;000000;0000;0060;000000;0000;0000;000000;0000;0000;000000;0000;0000;000000;0000;0000;000000;0000;0000;000000;0000;0246;000000;0000;0000;000000;0000;0000;000000;0000;0000;000000;0000;0000;000000;0000;00;000000000;                                        ;000000000                                                                                                    
0182;0001;7572;10;0018;000000000;BBVA SH-SSL-CORPORATE LENDING       ;SH-SSL-CORP.LENDING ;4501,08 JINMAO TOWER, 88 CENTURY BOU;00000;                              ;                              ;0000;999999999;000000000;000000000;00000000;000000;           ;00;0000;120914;000000;0000;0000;0000;0000;0000;0000;0000;0000;00;2014-09-29;120914;1;0000;8;0;0;0;0;0;0;0;0;0102;1;0;2;3;0000;0;0;000090;0;0090;0;9;000000;00;0;0;0000;0000;0000;0000;0000;0000;0000;0000;0000;0000;0000;0000;0000;   ;0000;000000;0000;0000;000000;0000;2246;000000;0000;0000;000000;0000;7672;000000;7657;0001;000000;6038;0720;000000;0000;0060;000000;0000;0000;000000;0000;0000;000000;0000;0000;000000;0000;0000;000000;0000;0000;000000;0000;0081;000000;0000;0000;000000;0000;0000;000000;0000;0000;000000;0000;0000;000000;0000;00;000000000;                                        ;000000000                                                                                                    
0182;0001;7573;10;0018;000000000;BBVA SH-SSL-PROJECT FINANCE         ;SH-SSL-PROJECT FINAN;4501,08 JINMAO TOWER, 88 CENTURY BOU;00000;                              ;                              ;0000;999999999;000000000;000000000;00000000;000000;           ;00;0000;120914;000000;0000;0000;0000;0000;0000;0000;0000;0000;00;2014-09-29;120914;1;0000;8;0;0;0;0;0;0;0;0;0102;1;0;2;3;0000;0;0;000090;0;0090;0;9;000000;00;0;0;0000;0000;0000;0000;0000;0000;0000;0000;0000;0000;0000;0000;0000;   ;0000;000000;0000;0000;000000;0000;2246;000000;0000;7689;000000;0000;7682;000000;7657;0001;000000;6038;0720;000000;0000;0060;000000;0000;0000;000000;0000;0000;000000;0000;0000;000000;0000;0000;000000;0000;0000;000000;0000;0082;000000;0000;0000;000000;0000;0000;000000;0000;0000;000000;0000;0000;000000;0000;00;000000000;                                        ;000000000                                                                                                    
0182;0001;7574;10;0018;000000000;BBVA SH- TB-STF                     ;SH- TB-STF          ;4501,08 JINMAO TOWER, 88 CENTURY BOU;00000;                              ;                              ;0000;999999999;000000000;000000000;00000000;000000;           ;00;0000;120914;000000;0000;0000;0000;0000;0000;0000;0000;0000;00;2020-02-19;120914;1;0000;8;0;0;0;0;0;0;0;0;0102;1;0;2;3;0000;0;0;000090;0;0090;0;9;000000;00;0;0;0000;0000;0000;0000;0000;0000;0000;0000;0000;0000;0000;0000;0000;   ;2189;000000;0000;0000;000000;0000;2246;000000;0000;7689;000000;0000;7682;000000;7657;0001;000000;6038;0720;000000;0000;0060;000000;0000;0000;000000;0000;0000;000000;0000;0000;000000;0000;0000;000000;0000;0000;000000;0000;0083;000000;0000;0000;000000;0000;0000;000000;0000;0000;000000;0000;0000;000000;0000;00;000000000;                                        ;000000000                                                                                                    
0182;0001;7575;10;0018;000000000;BBVA SH- TB- TRANSACTION BANKING    ;SH-TB-TRANS.BANKING ;4501,08 JINMAO TOWER, 88 CENTURY BOU;00000;                              ;                              ;0000;999999999;000000000;000000000;00000000;000000;           ;00;0000;120914;000000;0000;0000;0000;0000;0000;0000;0000;0000;00;2017-06-21;120914;1;0000;8;0;0;0;0;0;0;0;0;0102;1;0;2;3;0000;0;0;000090;0;0090;0;9;000000;00;0;0;0000;0000;0000;0000;0000;0000;0000;0000;0000;0000;0000;0000;0000;   ;0000;000000;0000;0000;000000;0000;2246;000000;0000;0000;000000;0000;7723;000000;7721;0001;000000;6038;0720;000000;0000;0060;000000;0000;0000;000000;0000;0000;000000;0000;0000;000000;0000;0000;000000;0000;0000;000000;0000;0084;000000;0000;0000;000000;0000;0000;000000;0000;0000;000000;0000;0000;000000;0000;00;000000000;                                        ;000000000                                                                                                    
0182;0001;7576;10;0018;000000000;BBVA SH- TB- TTF                    ;BBVA SH- TB- TTF    ;4501,08 JINMAO TOWER, 88 CENTURY BOU;00000;                              ;                              ;0000;999999999;000000000;000000000;00000000;000000;           ;00;0000;120914;000000;0000;0000;0000;0000;0000;0000;0000;0000;00;2017-06-21;120914;1;0000;8;0;0;0;0;0;0;0;0;0102;1;0;2;3;0000;0;0;000090;0;0090;0;9;000000;00;0;0;0000;0000;0000;0000;0000;0000;0000;0000;0000;0000;0000;0000;0000;   ;0000;000000;0000;0000;000000;0000;2246;000000;0000;0000;000000;0000;8280;000000;7721;0001;000000;6038;0720;000000;0000;0060;000000;0000;0000;000000;0000;0000;000000;0000;0000;000000;0000;0000;000000;0000;0000;000000;0000;0085;000000;0000;0000;000000;0000;0000;000000;0000;0000;000000;0000;0000;000000;0000;00;000000000;                                        ;000000000                                                                                                    
0182;0001;7577;10;0018;000000000;BBVA SH-GLOBAL CLIENT COVERAGE      ;SH-GLOBAL CLIENT COV;4501,08 JINMAO TOWER, 88 CENTURY BOU;00000;                              ;                              ;0000;999999999;000000000;000000000;00000000;000000;           ;00;0000;120914;000000;0000;0000;0000;0000;0000;0000;0000;0000;00;2014-09-29;120914;1;0000;8;0;0;0;0;0;0;0;0;0102;1;0;2;3;0000;0;0;000090;0;0090;0;9;000000;00;0;0;0000;0000;0000;0000;0000;0000;0000;0000;0000;0000;0000;0000;0000;   ;0000;000000;0000;0000;000000;0000;2246;000000;0000;0000;000000;0000;7785;000000;6212;0001;000000;6038;0720;000000;0000;0060;000000;0000;0000;000000;0000;0000;000000;0000;0000;000000;0000;0000;000000;0000;0000;000000;0000;0086;000000;0000;0000;000000;0000;0000;000000;0000;0000;000000;0000;0000;000000;0000;00;000000000;                                        ;000000000                                                                                                    
0182;0001;7578;10;0018;000000000;BBVA SH-GENERAL ADMINISTRATION      ;SH-GENERAL ADMINIST.;4501,08 JINMAO TOWER, 88 CENTURY BOU;00000;                              ;                              ;0000;999999999;000000000;000000000;00000000;000000;           ;00;0000;120914;000000;0000;0000;0000;0000;0000;0000;0000;0000;00;2014-09-29;120914;1;0000;8;0;0;0;0;0;0;0;0;0102;1;0;2;3;0000;0;0;000090;0;0090;0;9;000000;00;0;0;0000;0000;0000;0000;0000;0000;0000;0000;0000;0000;0000;0000;0000;   ;0000;000000;0000;2183;000000;0000;2246;000000;0000;7895;000000;0000;7773;000000;6212;0001;000000;6038;0720;000000;0000;0060;000000;0000;0000;000000;0000;0000;000000;0000;0000;000000;0000;0000;000000;0000;0000;000000;0000;0087;000000;0000;0000;000000;0000;0000;000000;0000;0000;000000;0000;0000;000000;0000;00;000000000;                                        ;000000000                                                                                                    
0182;0001;7582;10;0018;000000000;BBVA SH-PRODUCTION MANAGEMENT       ;SH-PRODUCT.MANAGEM. ;4501,08 JINMAO TOWER, 88 CENTURY BOU;00000;                              ;                              ;0000;999999999;000000000;000000000;00000000;000000;           ;00;0000;120914;000000;0000;0000;0000;0000;0000;0000;0000;0000;00;2014-09-29;120914;1;0000;8;0;0;0;0;0;0;0;0;0102;1;0;2;3;0000;0;0;000090;0;0090;0;9;000000;00;0;0;0000;0000;0000;0000;0000;0000;0000;0000;0000;0000;0000;0000;0000;   ;0000;000000;0000;0000;000000;0000;2246;000000;0000;6972;000000;0000;6181;000000;6212;0001;000000;6038;0720;000000;0000;0060;000000;0000;0000;000000;0000;0000;000000;0000;0000;000000;0000;0000;000000;0000;0000;000000;0000;0088;000000;0000;0000;000000;0000;0000;000000;0000;0000;000000;0000;0000;000000;0000;00;000000000;                                        ;000000000                                                                                                    
0182;0001;7586;10;0018;000000000;SECURITIZATION GF                   ;SECURITIZATION GF   ;1345 AVENUE O.THE AMERICAS,45-N.YORK;00000;                              ;                              ;0000;007281500;000000000;000000000;00000000;000000;           ;00;0000;020511;000000;0000;0000;0000;0000;0000;0000;0000;0000;00;2025-02-06;020511;1;0000;8;0;0;0;0;0;0;0;0;0102;1;0;2;3;0000;0;0;000090;0;0090;0;9;000000;00;0;0;0000;0000;0000;0000;0000;0000;0000;0000;0000;0000;0000;0000;0000;   ;0000;000000;0000;8206;000000;0000;2224;000000;0000;0000;000000;0000;7627;000000;7612;0001;000000;6881;0400;000000;0000;0060;000000;0000;0000;000000;0000;0000;000000;0000;0000;000000;0000;0000;000000;0000;0000;000000;0000;0247;000000;0000;0000;000000;0000;0000;000000;0000;0000;000000;0000;0000;000000;0000;00;000000000;                                        ;000000000                                                                                                    
0182;0001;7590;10;0018;000000000;GF PF REAL ESTATE                   ;GF PF REAL ESTATE   ;1345 AV.OF AMERICAS PL.45-NUEVA YORK;10105;                              ;                              ;0000;007281500;000000000;000000000;00000000;000000;           ;00;0000;020511;000000;0000;0000;0000;0000;0000;0000;0000;0000;00;2024-03-20;020511;1;0000;8;0;0;0;0;0;0;0;0;0102;1;0;2;3;0000;0;0;000090;0;0090;0;9;000000;00;0;0;0000;0000;0000;0000;0000;0000;0000;0000;0000;0000;0000;0000;0000;   ;0000;000000;0000;0000;000000;0000;2224;000000;0000;7649;000000;0000;7871;000000;7612;0001;000000;6881;0400;000000;0000;0060;000000;0000;0000;000000;0000;0000;000000;0000;0000;000000;0000;0000;000000;0000;0000;000000;0000;0248;000000;0000;0000;000000;0000;0000;000000;0000;0000;000000;0000;0000;000000;0000;00;000000000;                                        ;000000000                                                                                                    
0182;0001;7600;10;0018;000000000;TTF USA                             ;TTF USA             ;1345 AV.OF AMERICAS PL.45-NUEVA YORK;10105;                              ;                              ;0000;007281500;000000000;000000000;00000000;000000;           ;00;0000;020511;000000;0000;0000;0000;0000;0000;0000;0000;0000;00;2011-10-20;020511;1;0000;8;0;0;0;0;0;0;0;0;0102;1;0;2;3;0000;0;0;000090;0;0090;0;9;000000;00;0;0;0000;0000;0000;0000;0000;0000;0000;0000;0000;0000;0000;0000;0000;   ;0000;000000;0000;0000;000000;0000;2224;000000;0000;0000;000000;0000;6281;000000;7619;0001;000000;6881;0400;000000;0000;0060;000000;0000;0000;000000;0000;0000;000000;0000;0000;000000;0000;0000;000000;0000;0000;000000;0000;0249;000000;0000;0000;000000;0000;0000;000000;0000;0000;000000;0000;0000;000000;0000;00;000000000;                                        ;000000000                                                                                                    
0182;0001;7604;10;0018;000000000;CLIENT COVERAGE USA                 ;CLIENT COVERAGE USA ;1345 AV.OF AMERICAS PL.45-NUEVA YORK;10105;                              ;                              ;0000;007281500;000000000;000000000;00000000;000000;           ;00;0000;020511;000000;0000;0000;0000;0000;0000;0000;0000;0000;00;2011-10-20;020511;1;0000;8;0;0;0;0;0;0;0;0;0102;1;0;2;3;0000;0;0;000090;0;0090;0;9;000000;00;0;0;0000;0000;0000;0000;0000;0000;0000;0000;0000;0000;0000;0000;0000;   ;0000;000000;0000;0000;000000;0000;2224;000000;0000;0000;000000;0000;7795;000000;7223;0001;000000;6881;0400;000000;0000;0060;000000;0000;0000;000000;0000;0000;000000;0000;0000;000000;0000;0000;000000;0000;0000;000000;0000;0225;000000;0000;0000;000000;0000;0000;000000;0000;0000;000000;0000;0000;000000;0000;00;000000000;                                        ;000000000                                                                                                    
0182;0001;7613;10;0018;000000000;BBVA SH-CGL(LIQUIDITY MANAG.C-DIR.F);SH-CGL(LIQ.MAN.C-D.F;4501,08 JINMAO TOWER, 88 CENTURY BOU;00000;                              ;                              ;0000;999999999;000000000;000000000;00000000;000000;           ;00;0000;120914;000000;0000;0000;0000;0000;0000;0000;0000;0000;00;2014-09-29;120914;1;0000;8;0;0;0;0;0;0;0;0;0102;1;0;2;3;0000;0;0;000090;0;0090;0;9;000000;00;0;0;0000;0000;0000;0000;0000;0000;0000;0000;0000;0000;0000;0000;0000;   ;0000;000000;0000;0000;000000;0000;2246;000000;0000;0000;000000;0000;1852;000000;6052;0001;000000;0000;0720;000000;0000;0060;000000;0000;0000;000000;0000;0000;000000;0000;0000;000000;0000;0000;000000;0000;0000;000000;0000;0089;000000;0000;0000;000000;0000;0000;000000;0000;0000;000000;0000;0000;000000;0000;00;000000000;                                        ;000000000                                                                                                    
0182;0001;7614;10;0018;000000000;COMPL PORTUGAL CAP REG              ;COMPL PORTUGAL CR   ;R. OURO, 40-48(LISBOA 1100)         ;99999;                              ;                              ;0000;999999999;000000000;000000000;00000000;000000;           ;00;0000;100621;000000;0000;0000;0000;0000;0000;0000;0000;0000;00;2021-06-14;180221;1;0000;8;0;0;0;0;0;0;0;0;0102;1;0;2;3;0000;0;0;000090;0;0090;0;9;000000;00;0;0;0000;0000;0000;0000;0000;0000;0000;0000;9999;0099;0000;0000;0000;   ;0000;000000;0000;0000;000000;0000;4501;000000;0000;2619;000000;0000;2133;000000;6052;0001;000000;0000;0010;000000;0000;0060;000000;0000;0000;000000;0000;0000;000000;0000;0000;000000;0000;0000;000000;0000;0000;000000;0000;0000;000000;0000;0000;000000;0000;0000;000000;0000;0000;000000;0000;0000;000000;0000;00;000000000;                                        ;000000000                                                                                                    
0182;0001;7623;10;0018;000000000;BELGICA (REPRESENTACION)            ;BELGICA (REPRESENT.);S.D.                                ;00000;                              ;                              ;0000;002187710;000000000;002186473;00000000;000000;00000000000;00;0000;010175;000000;0000;0000;0000;0000;0000;0000;0000;0000;00;2011-10-20;000000;0;0000;8;0;0;0;0;0;0;0;0;0102;1;0;2;3;0000;0;0;000090;0;0090;0;9;000100;00;1;0;0000;0000;0000;0000;0000;0000;0000;0000;0000;0099;0000;0000;0000;   ;0000;000000;0000;7634;000000;0000;2128;000000;0000;0000;000000;0000;2132;000000;6052;0001;000000;0000;0002;000000;0000;0060;000000;0000;0000;000000;0000;0000;000000;0000;0000;000000;0000;0000;000000;0000;0001;000000;0000;0000;000000;0000;0000;000000;0000;0000;000000;0000;0000;000000;0000;0000;000000;0000;00;000000000;                                        ;000000000                                                                                                    
0182;0001;7624;10;0018;000000000;CGL COAP BRUSELAS                   ;CGL COAP BRUSELAS   ;AV DES ARTS 43, 1040 BRUXELLES      ;00000;                              ;                              ;0000;002892790;000000000;002892791;00000000;000000;00000000000;00;0000;180614;000000;0000;0000;0000;0000;0000;0000;0000;0000;00;2014-06-18;081194;1;0000;8;0;0;0;0;0;0;0;0;0102;1;0;2;3;0000;0;0;000090;0;0090;0;9;000000;00;0;0;0000;0000;0000;0000;0000;0000;0000;0000;0000;0000;0000;0000;0000;   ;0000;000000;0000;0000;000000;0000;2227;000000;0000;0000;000000;0000;1852;000000;6052;0001;000000;0000;0002;000000;0000;0060;000000;0000;0000;000000;0000;0000;000000;0000;0000;000000;0000;0000;000000;0000;0001;000000;0000;0259;000000;0000;0000;000000;0000;0000;000000;0000;0000;000000;0000;0000;000000;0000;00;000000000;                                        ;000000000                                                                                                    
0182;0001;7632;10;0018;000000000;GTB DISTRIBUCION                    ;GTB DISTRIBUCION    ;108 CANNON STREET                   ;00000;                              ;                              ;0000;006233060;000000000;000000000;00000000;000000;00000000000;00;0000;291097;000000;0000;0000;0000;0000;0000;0000;0000;0000;00;2024-09-17;291097;1;0000;0;0;0;0;0;0;0;0;0;0102;1;0;2;3;0000;0;0;000090;0;0090;0;9;000100;00;1;0;0000;0000;0000;0000;0000;0000;0000;0000;9999;0099;0000;0000;0000;   ;2429;000000;0000;8204;000000;0000;2223;000000;0000;0000;000000;0000;7723;000000;7721;0001;000000;6038;0006;000000;0000;0060;000000;0000;0000;000000;0000;0000;000000;0000;0000;000000;0000;0000;000000;0000;0000;000000;0000;0714;000000;0000;0000;000000;0000;0000;000000;0000;0000;000000;0000;0000;000000;0000;00;000000000;                                        ;000000000                                                                                                    
0182;0001;7637;10;0018;000000000;IBF CCGL                            ;IBF CCGL            ;1345 AV.OF AMERICAS PL.45-NUEVA YORK;10105;                              ;                              ;0000;099999999;000000000;000000000;00000000;000000;00000000000;00;0000;130113;000000;0000;0000;0000;0000;0000;0000;0000;0000;00;2013-11-19;220213;1;0000;0;0;0;0;0;0;0;0;0;0100;1;0;0;3;0000;0;0;000090;0;0090;0;9;000100;00;1;0;0000;0000;0000;0000;0000;0000;0000;0000;0000;0099;0000;0000;0000;   ;0000;000000;0000;0000;000000;0000;2224;000000;0000;0000;000000;0000;1852;000000;6052;0001;000000;0000;0400;000000;0000;0060;000000;0000;0000;000000;0000;0000;000000;0000;0000;000000;0000;0000;000000;0000;0000;000000;0000;0232;000000;0000;0000;000000;0000;0000;000000;0000;0000;000000;0000;0000;000000;0000;00;000000000;                                        ;000000000                                                                                                    
0182;0001;7639;10;0030;000000000;ADEA-BELGICA (PERSONAL)             ;ADEA-BELGICA(PERSO.);GRAN VIA, 1 - PL. 8                 ;48001;                              ;                              ;0000;999999999;000000000;000000000;00000000;000000;00000000000;00;0000;021294;000000;0000;0000;0000;0000;0000;0000;0000;0000;00;2011-10-21;000000;0;0000;0;0;0;0;0;0;0;0;0;0100;1;0;0;3;0000;0;0;000090;0;0090;0;9;000100;00;1;0;0000;0000;0000;0000;0000;0000;0000;0000;0000;0099;0000;0000;0000;   ;0000;000000;0000;0000;000000;0000;0000;000000;0000;0000;000000;0000;0000;000000;0000;0001;000000;0000;0002;000000;0000;0060;000000;0000;0000;000000;0000;0000;000000;0000;0000;000000;0000;0000;000000;0000;0001;000000;0000;0000;000000;0000;0000;000000;0000;0000;000000;0000;0000;000000;0000;0000;000000;0000;00;000000000;                                        ;000000000                                                                                                    
0182;0001;7646;10;0018;000000000;SH-TREASURY                         ;SH-TREASURY         ;4501,08 JINMAO TOWER, 88 CENTURY BOU;00000;                              ;                              ;0000;999999999;000000000;000000000;00000000;000000;           ;00;0000;120914;000000;0000;0000;0000;0000;0000;0000;0000;0000;00;2014-09-08;120914;1;0000;8;0;0;0;0;0;0;0;0;0102;1;0;2;3;0000;0;0;000090;0;0090;0;9;000000;00;0;0;0000;0000;0000;0000;0000;0000;0000;0000;0000;0000;0000;0000;0000;   ;0000;000000;0000;2188;000000;0000;2246;000000;0000;7771;000000;0000;7770;000000;6213;0001;000000;6038;0720;000000;0000;0060;000000;0000;0000;000000;0000;0000;000000;0000;0000;000000;0000;0000;000000;0000;0000;000000;0000;0080;000000;0000;0000;000000;0000;0000;000000;0000;0000;000000;0000;0000;000000;0000;00;000000000;                                        ;000000000                                                                                                    
0182;0001;7661;10;0018;000000000;CIA GLOBAL MANDATOS/REPRESENTACIONES;CIA GLOBAL MAND/REPR;RUTA 8, KM.17.500 ED.BETA-MONTEVIDEO;91600;                              ;                              ;0059;825183304;000000000;825183307;00000000;000000;           ;00;0000;140503;000000;0000;0000;0000;0000;0000;0000;0000;0000;00;2011-10-21;000000;0;0000;0;0;0;0;0;0;0;0;0;0100;1;0;0;3;0000;0;0;000090;0;0090;0;9;000000;00;0;0;0000;0000;0000;0000;0000;0000;0000;0000;0000;0099;0000;0000;0000;   ;0000;000000;0000;7633;000000;0000;2128;000000;0000;0000;000000;0000;2132;000000;6052;0001;000000;0000;0524;000000;0000;0060;000000;0000;0000;000000;0000;0000;000000;0000;0000;000000;0000;0000;000000;0000;0000;000000;0000;0000;000000;0000;0000;000000;0000;0000;000000;0000;0000;000000;0000;0000;000000;0000;00;000000000;                                        ;000000000                                                                                                    
0182;0001;7668;10;0001;140430007;MONTORO                             ;MONTORO             ;CORREDERA, 85                       ;14600;                              ;                              ;0000;957160109;000000000;000000000;00000000;000003;           ;00;0000;111100;000000;0000;0000;0000;0000;0000;0000;0000;0000;00;2021-08-04;010100;1;0000;0;0;0;0;0;0;0;0;0;0101;1;0;1;1;0003;0;0;311010;1;1010;0;1;009000;09;0;0;0148;2527;0182;6252;0000;0000;0182;0027;0039;0085;0000;0000;2100;000;8945;000000;0000;9821;000000;0000;0000;000000;0000;0072;000000;6055;0013;000000;6250;0001;000000;6024;0011;000000;0000;0060;000000;0000;0001;000000;8596;0014;000000;0000;0479;000000;0000;6352;000000;0000;0012;000000;6252;0000;110220;0011;0000;000000;0000;0000;000000;0000;8817;000000;8827;0000;000000;0000;06;902224466;G017668A@BBVA.COM                       ;000000000                                                                                                    
0182;0001;7677;10;0001;350040003;ARRECIFE-EL REDUCTO                 ;ARRECIFE-EL REDUCTO ; MANOLO MILLARES,  102              ;35500;                              ;                              ;0000;928812700;928812845;000000000;00000000;000231;           ;00;0000;111100;000000;0000;0000;0000;0000;0000;0000;0000;0000;00;2023-03-07;010100;1;0000;0;0;0;0;0;0;0;0;0;0101;1;0;1;1;0003;0;0;311010;1;1010;0;1;007110;07;1;1;0779;2536;0182;6252;0000;0000;0182;0027;0039;0050;0000;0000;4951;000;8884;000000;0000;9816;000000;0000;0000;000000;0000;0063;000000;6055;0013;000000;6250;0001;000000;6024;0011;000000;0000;0060;000000;0000;0005;000000;8597;0035;000000;0000;1989;000000;0000;6352;000000;0000;0011;000000;6252;0000;070323;0011;0000;000000;0000;0000;000000;0000;8812;000000;8822;0000;000000;0000;03;902224466;G017677A@BBVA.COM                       ;000000000                                                                                                    
0182;0001;7700;10;0018;000000000;BBVA TESORERIA                      ;BBVA TESORERIA      ;ONE CANADA SQUARE 44F LONDON E14 5AA;00000;                              ;                              ;0000;006233060;000000000;009294718;00000000;000000;00000000000;00;0000;010175;000000;0000;0000;0000;0000;0000;0000;0000;0000;00;2015-11-03;081194;1;0000;8;0;0;0;0;0;0;0;0;0102;1;0;2;3;0000;0;0;000090;0;0090;0;9;000000;00;0;0;0000;0000;0000;0000;0000;0000;0000;0000;9999;0099;0000;0000;0000;   ;2409;000000;0000;2431;000000;0000;2223;000000;0000;7771;000000;0000;7770;000000;6213;0001;000000;6038;0006;000000;0000;0060;000000;0000;0000;000000;0000;0000;000000;0000;0000;000000;0000;0000;000000;0000;0001;000000;0000;0700;000000;0000;0000;000000;0000;0000;000000;0000;0000;000000;0000;0000;000000;0000;00;000000000;                                        ;000000000                                                                                                    
0182;0001;7703;10;0018;000000000;UW-PF-UK                            ;UW-PF-UK            ;108 CANNON STREET                   ;00000;                              ;                              ;0000;006233060;000000000;000000000;00000000;000000;00000000000;00;0000;010175;000000;0000;0000;0000;0000;0000;0000;0000;0000;00;2022-12-20;250496;1;0000;8;0;0;0;0;0;0;0;0;0102;1;0;2;3;0000;0;0;000090;0;0090;0;9;000100;00;1;0;0000;0000;0000;0000;0000;0000;0000;0000;9999;0099;0000;0000;0000;   ;0000;000000;0000;0000;000000;0000;2223;000000;0000;7689;000000;0000;7682;000000;7657;0001;000000;6038;0006;000000;0000;0060;000000;0000;0000;000000;0000;0000;000000;0000;0000;000000;0000;0000;000000;0000;0001;000000;0000;0702;000000;0000;0000;000000;0000;0000;000000;0000;0000;000000;0000;0000;000000;0000;00;000000000;                                        ;000000000                                                                                                    
0182;0001;7707;10;0018;000000000;CLIENT COVERAGE UK                  ;CLIENT COVERAGE UK  ;108 CANNON STREET                   ;00001;                              ;                              ;0000;006233060;000000000;000000000;00000000;000000;00000000000;00;0000;031194;000000;0000;0000;0000;0000;0000;0000;0000;0000;00;2025-01-30;250496;1;0000;8;0;0;0;0;0;0;0;0;0102;1;0;2;3;0000;0;0;000090;0;0090;0;9;000100;00;1;0;0000;0000;0000;0000;0000;0000;0000;0000;9999;0099;0000;0000;0000;   ;0000;000000;0000;0000;000000;0000;2223;000000;0000;0000;000000;0000;7785;000000;6212;0001;000000;6038;0006;000000;0000;0060;000000;0000;0000;000000;0000;0000;000000;0000;0000;000000;0000;0000;000000;0000;0001;000000;0000;0707;000000;0000;0000;000000;0000;0000;000000;0000;0000;000000;0000;0000;000000;0000;00;000000000;                                        ;000000000                                                                                                    
0182;0001;7712;10;0018;000000000;LONDRES-NOSTROS                     ;LONDRES-NOSTROS     ;108 CANNON STREET                   ;00000;                              ;                              ;0000;006233060;000000000;000000000;00000000;000000;00000000000;00;0000;031194;000000;0000;0000;0000;0000;0000;0000;0000;0000;00;2016-05-05;250496;1;0000;8;0;0;0;0;0;0;0;0;0102;1;0;2;3;0000;0;0;000090;0;0090;0;9;000100;00;1;0;0000;0000;0000;0000;0000;0000;0000;0000;9999;0099;0000;0000;0000;   ;0000;000000;0000;0000;000000;0000;2223;000000;0000;0000;000000;0000;1852;000000;6052;0001;000000;0000;0006;000000;0000;0060;000000;0000;0000;000000;0000;0000;000000;0000;0000;000000;0000;0000;000000;0000;0001;000000;0000;0712;000000;0000;0000;000000;0000;0000;000000;0000;0000;000000;0000;0000;000000;0000;00;000000000;                                        ;000000000                                                                                                    
0182;0001;7713;10;0018;000000000;CASH M AND FUND DESK                ;CASH M AND FUND DESK;108 CANNON STREET                   ;00000;                              ;                              ;0000;006233060;000000000;000000000;00000000;000000;00000000000;00;0000;031194;000000;0000;0000;0000;0000;0000;0000;0000;0000;00;2024-09-23;250496;1;0000;8;0;0;0;0;0;0;0;0;0102;1;0;2;3;0000;0;0;000090;0;0090;0;9;000100;00;1;0;0000;0000;0000;0000;0000;0000;0000;0000;9999;0099;0000;0000;0000;   ;2429;000000;0000;8204;000000;0000;2223;000000;0000;0000;000000;0000;7723;000000;7721;0001;000000;6038;0006;000000;0000;0060;000000;0000;0000;000000;0000;0000;000000;0000;0000;000000;0000;0000;000000;0000;0001;000000;0000;0708;000000;0000;0000;000000;0000;0000;000000;0000;0000;000000;0000;0000;000000;0000;00;000000000;                                        ;000000000                                                                                                    
0182;0001;7717;10;0018;000000000;BBVA SH-SSL CORPR.LEND RMB          ;SH-SSL COR.LEND RMB ;4501,08 JINMAO TOWER, 88 CENTURY BOU;00000;                              ;                              ;0000;999999999;000000000;000000000;00000000;000000;           ;00;0000;140918;000000;0000;0000;0000;0000;0000;0000;0000;0000;00;2019-05-16;140918;1;0000;8;0;0;0;0;0;0;0;0;0102;1;0;2;3;0000;0;0;000090;0;0090;0;9;000000;00;0;0;0000;0000;0000;0000;0000;0000;0000;0000;0000;0000;0000;0000;0000;   ;0000;000000;0000;0000;000000;0000;2246;000000;0000;0000;000000;0000;7672;000000;7657;0001;000000;6038;0720;000000;0000;0060;000000;0000;0000;000000;0000;0000;000000;0000;0000;000000;0000;0000;000000;0000;0000;000000;0000;0181;000000;0000;0000;000000;0000;0000;000000;0000;0000;000000;0000;0000;000000;0000;00;000000000;                                        ;000000000                                                                                                    
0182;0001;7719;10;0018;000000000;BBVA SH-SSL PROJE. FIN RMB          ;SH-SSL PRO. FIN RMB ;4501,08 JINMAO TOWER, 88 CENTURY BOU;00000;                              ;                              ;0000;999999999;000000000;000000000;00000000;000000;           ;00;0000;140918;000000;0000;0000;0000;0000;0000;0000;0000;0000;00;2019-05-16;140918;1;0000;8;0;0;0;0;0;0;0;0;0102;1;0;2;3;0000;0;0;000090;0;0090;0;9;000000;00;0;0;0000;0000;0000;0000;0000;0000;0000;0000;0000;0000;0000;0000;0000;   ;0000;000000;0000;0000;000000;0000;2246;000000;0000;0000;000000;0000;7682;000000;7657;0001;000000;6038;0720;000000;0000;0060;000000;0000;0000;000000;0000;0000;000000;0000;0000;000000;0000;0000;000000;0000;0000;000000;0000;0182;000000;0000;0000;000000;0000;0000;000000;0000;0000;000000;0000;0000;000000;0000;00;000000000;                                        ;000000000                                                                                                    
0182;0001;7724;10;0018;000000000;BBVA SH-TB TRANSA BANK RMB          ; SH-TB TR BANK RMB  ;4501,08 JINMAO TOWER, 88 CENTURY BOU;00000;                              ;                              ;0000;999999999;000000000;000000000;00000000;000000;           ;00;0000;140918;000000;0000;0000;0000;0000;0000;0000;0000;0000;00;2021-03-23;140918;1;0000;8;0;0;0;0;0;0;0;0;0102;1;0;2;3;0000;0;0;000090;0;0090;0;9;000000;00;0;0;0000;0000;0000;0000;0000;0000;0000;0000;0000;0000;0000;0000;0000;   ;0000;000000;0000;0000;000000;0000;2246;000000;0000;0000;000000;0000;7723;000000;7721;0001;000000;6038;0720;000000;0000;0060;000000;0000;0000;000000;0000;0000;000000;0000;0000;000000;0000;0000;000000;0000;0000;000000;0000;0184;000000;0000;0000;000000;0000;0000;000000;0000;0000;000000;0000;0000;000000;0000;00;000000000;                                        ;000000000                                                                                                    
0182;0001;7725;10;0018;000000000;SH PRODUCTION MANAGEMENT RMB        ;SH PRODUCT MANAG RMB;4501,08 JINMAO TOWER, 88 CENTURY BOU;00000;                              ;                              ;0000;999999999;000000000;000000000;00000000;000000;           ;00;0000;140918;000000;0000;0000;0000;0000;0000;0000;0000;0000;00;2019-01-11;140918;1;0000;8;0;0;0;0;0;0;0;0;0102;1;0;2;3;0000;0;0;000090;0;0090;0;9;000000;00;0;0;0000;0000;0000;0000;0000;0000;0000;0000;0000;0000;0000;0000;0000;   ;0000;000000;0000;0000;000000;0000;2246;000000;0000;6972;000000;0000;6181;000000;6212;0001;000000;6038;0720;000000;0000;0060;000000;0000;0000;000000;0000;0000;000000;0000;0000;000000;0000;0000;000000;0000;0000;000000;0000;0188;000000;0000;0000;000000;0000;0000;000000;0000;0000;000000;0000;0000;000000;0000;00;000000000;                                        ;000000000                                                                                                    
0182;0001;7726;10;0018;000000000;SH CGL RMB                          ;SH CGL RMB          ;4501,08 JINMAO TOWER, 88 CENTURY BOU;00000;                              ;                              ;0000;999999999;000000000;000000000;00000000;000000;           ;00;0000;140918;000000;0000;0000;0000;0000;0000;0000;0000;0000;00;2019-01-11;140918;1;0000;8;0;0;0;0;0;0;0;0;0102;1;0;2;3;0000;0;0;000090;0;0090;0;9;000000;00;0;0;0000;0000;0000;0000;0000;0000;0000;0000;0000;0000;0000;0000;0000;   ;0000;000000;0000;0000;000000;0000;2246;000000;0000;0000;000000;0000;1852;000000;6052;0001;000000;0000;0720;000000;0000;0060;000000;0000;0000;000000;0000;0000;000000;0000;0000;000000;0000;0000;000000;0000;0000;000000;0000;0189;000000;0000;0000;000000;0000;0000;000000;0000;0000;000000;0000;0000;000000;0000;00;000000000;                                        ;000000000                                                                                                    
0182;0001;7727;10;0001;230860007;TORREDELCAMPO                       ;TORREDELCAMPO       ;PASEO DE LA ESTACION, 10            ;23640;                              ;                              ;0000;953410500;953410501;000000000;00000000;000000;00000000000;00;0000;080594;000000;0000;0000;0000;0000;0000;0000;0000;0000;00;2021-08-05;080594;1;0000;0;0;0;0;0;0;0;0;0;0100;1;0;0;1;0003;0;0;310010;1;0010;0;1;009006;09;0;0;6836;2527;0182;6252;0000;0000;0182;0027;0039;0085;0000;0000;6836;   ;8949;000000;0000;9821;000000;0000;0000;000000;0000;0072;000000;6055;0013;000000;6250;0001;000000;6024;0011;000000;0000;0060;000000;0000;0001;000000;8596;0023;000000;0000;0479;000000;0000;6352;000000;0000;0012;000000;6252;0000;050821;0011;0000;000000;0000;0000;000000;0000;8817;000000;8827;0000;000000;0000;06;902224466;G017727A@BBVA.COM                       ;000000000                                                                                                    
0182;0001;7728;10;0018;000000000;SH CREDIT PORTFOLIO MANAGEMENT RMB  ;SH CR PORTF MNG RMB ;4501,08 JINMAO TOWER, 88 CENTURY BOU;00000;                              ;                              ;0000;999999999;000000000;000000000;00000000;000000;           ;00;0000;140918;000000;0000;0000;0000;0000;0000;0000;0000;0000;00;2019-01-11;140918;1;0000;8;0;0;0;0;0;0;0;0;0102;1;0;2;3;0000;0;0;000090;0;0090;0;9;000000;00;0;0;0000;0000;0000;0000;0000;0000;0000;0000;0000;0000;0000;0000;0000;   ;0000;000000;0000;0000;000000;0000;2246;000000;0000;0000;000000;0000;7716;000000;7657;0001;000000;6038;0720;000000;0000;0060;000000;0000;0000;000000;0000;0000;000000;0000;0000;000000;0000;0000;000000;0000;0000;000000;0000;0190;000000;0000;0000;000000;0000;0000;000000;0000;0000;000000;0000;0000;000000;0000;00;000000000;                                        ;000000000                                                                                                    
0182;0001;7735;10;0018;000000000;SAN FRANCISCO REP OFFICE            ;SAN FRANCISCO REP OF;201 MISSION STREET 24TH, FLOOR 94105;94105;                              ;                              ;0000;999999999;000000000;000000000;00000000;000000;           ;00;0000;200318;000000;0000;0000;0000;0000;0000;0000;0000;0000;00;2018-03-20;000000;0;0000;8;0;0;0;0;0;0;0;0;0100;1;0;0;3;0000;0;0;000090;0;0090;0;9;000000;00;0;0;0000;0000;0000;0000;0000;0000;0000;0000;0000;0099;0000;0000;0000;   ;0000;000000;0000;7634;000000;0000;2128;000000;0000;0000;000000;0000;2132;000000;6052;0001;000000;0000;0400;000000;0000;0060;000000;0000;0000;000000;0000;0000;000000;0000;0000;000000;0000;0000;000000;0000;0001;000000;0000;0000;000000;0000;0000;000000;0000;0000;000000;0000;0000;000000;0000;0000;000000;0000;00;000000000;                                        ;000000000                                                                                                    
0182;0001;7736;10;0030;000000000;PORTUGAL (BBVA-BOLSA)               ;PORTUGAL(BBVA-BOLSA);GRAN VIA, 1 - PL. 8 - BILBAO        ;48001;                              ;                              ;0000;999999999;000000000;000000000;00000000;000000;00000000000;00;0000;031194;000000;0000;0000;0000;0000;0000;0000;0000;0000;00;2011-10-21;000000;0;0000;0;0;0;0;0;0;0;0;0;0100;1;0;0;3;0000;0;0;000090;0;0090;0;9;000100;00;1;0;0000;0000;0000;0000;0000;0000;0000;0000;0000;0099;0000;0000;0000;   ;0000;000000;0000;0000;000000;0000;0000;000000;0000;0000;000000;0000;0000;000000;0000;0001;000000;0000;0010;000000;0000;0060;000000;0000;0000;000000;0000;0000;000000;0000;0000;000000;0000;0000;000000;0000;0001;000000;0000;0000;000000;0000;0000;000000;0000;0000;000000;0000;0000;000000;0000;0000;000000;0000;00;000000000;                                        ;000000000                                                                                                    
0182;0001;7737;10;0030;000000000;PORTUGAL (INMOBILIARIA)             ;PORTUGAL (INMOBILI.);GRAN VIA, 1 - PL. 8 - BILBAO        ;48001;                              ;                              ;0000;999999999;000000000;000000000;00000000;000000;00000000000;00;0000;031194;000000;0000;0000;0000;0000;0000;0000;0000;0000;00;2011-10-21;000000;0;0000;0;0;0;0;0;0;0;0;0;0100;1;0;0;3;0000;0;0;000090;0;0090;0;9;000100;00;1;0;0000;0000;0000;0000;0000;0000;0000;0000;0000;0099;0000;0000;0000;   ;0000;000000;0000;0000;000000;0000;0000;000000;0000;0000;000000;0000;0000;000000;0000;0001;000000;0000;0010;000000;0000;0060;000000;0000;0000;000000;0000;0000;000000;0000;0000;000000;0000;0000;000000;0000;0001;000000;0000;0000;000000;0000;0000;000000;0000;0000;000000;0000;0000;000000;0000;0000;000000;0000;00;000000000;                                        ;000000000                                                                                                    
0182;0001;7738;10;0018;000000000;PROBURSA (PERSONAL)                 ;PROBURSA (PERSONAL) ;GRAN VIA, 1 - PL. 8                 ;48001;                              ;                              ;0000;999999999;000000000;000000000;00000000;000000;00000000000;00;0000;031194;000000;0000;0000;0000;0000;0000;0000;0000;0000;00;2011-10-21;000000;0;0000;0;0;0;0;0;0;0;0;0;0100;1;0;0;3;0000;0;0;000090;0;0090;0;9;000100;00;1;0;0000;0000;0000;0000;0000;0000;0000;0000;0000;0099;0000;0000;0000;   ;0000;000000;0000;0000;000000;0000;0000;000000;0000;0000;000000;0000;0000;000000;0000;0001;000000;0000;0412;000000;0000;0060;000000;0000;0000;000000;0000;0000;000000;0000;0000;000000;0000;0000;000000;0000;0001;000000;0000;0000;000000;0000;0000;000000;0000;0000;000000;0000;0000;000000;0000;0000;000000;0000;00;000000000;                                        ;000000000                                                                                                    
0182;0001;7748;10;0018;000000000;CREDIT PORT MANAG MILAN             ;CREDIT PORT MANAG MI;VIA CINO DEL DUCA, 8                ;20122;                              ;                              ;0000;999999999;000000000;000000000;00000000;000000;           ;00;0000;200412;000000;0000;0000;0000;0000;0000;0000;0000;0000;00;2025-01-30;240412;1;0000;8;0;0;0;0;0;0;0;0;0102;1;0;2;3;0000;0;0;000090;0;0090;0;9;000000;00;0;0;0000;0000;0000;0000;0000;0000;0000;0000;0000;0000;0000;0000;0000;   ;0000;000000;0000;0000;000000;0000;2222;000000;0000;0000;000000;0000;7716;000000;7657;0001;000000;6038;0005;000000;0000;0060;000000;0000;0000;000000;0000;0000;000000;0000;0000;000000;0000;0000;000000;0000;0000;000000;0000;0053;000000;0000;0000;000000;0000;0000;000000;0000;0000;000000;0000;0000;000000;0000;00;000000000;                                        ;000000000                                                                                                    
0182;0001;7750;10;0018;000000000;MILAN -TESORERIA                    ;MILAN-TESORERIA     ;VIA CINO DEL DUCA, 8                ;20122;                              ;                              ;0000;000762961;000000000;000762962;00321072;000000;00000000000;00;0000;010175;000000;0000;0000;0000;0000;0000;0000;0000;0000;00;2011-10-21;081194;1;0000;8;0;0;0;0;0;0;0;0;0102;1;0;2;3;0000;0;0;000090;0;0090;0;9;000100;00;1;0;0000;0000;0000;0000;0000;0000;0000;0000;9999;0099;0000;0000;0000;   ;8203;000000;0000;2492;000000;0000;2222;000000;0000;7771;000000;0000;7770;000000;6213;0001;000000;6038;0005;000000;0000;0060;000000;0000;0000;000000;0000;0000;000000;0000;0000;000000;0000;0000;000000;0000;0001;000000;0000;0001;000000;0000;0000;000000;0000;0000;000000;0000;0000;000000;0000;0000;000000;0000;00;000000000;                                        ;000000000                                                                                                    
0182;0001;7751;10;0030;000000000;FINANCE SPA (MILAN)                 ;FINANCE SPA (MILAN) ;VIA CINO DEL DUCA, 8                ;20122;                              ;                              ;0392;000762961;000000000;000760051;00321072;000000;00000000000;00;0000;031194;000000;0000;0000;0000;0000;0000;0000;0000;0000;00;2011-10-21;000000;0;0000;0;0;0;0;0;0;0;0;0;0100;1;0;0;3;0000;0;0;000090;0;0090;0;9;000100;00;1;0;0000;0000;0000;0000;0000;0000;0000;0000;0000;0099;0000;0000;0000;   ;0000;000000;0000;0000;000000;0000;0000;000000;0000;0000;000000;0000;0000;000000;0000;0001;000000;0000;0005;000000;0000;0060;000000;0000;0000;000000;0000;0000;000000;0000;0000;000000;0000;0000;000000;0000;0001;000000;0000;0000;000000;0000;0000;000000;0000;0000;000000;0000;0000;000000;0000;0000;000000;0000;00;000000000;                                        ;000000000                                                                                                    
0182;0001;7760;10;0018;000000000;NUEVA YORK - TREASURY               ;NUEVA YORK-TREASURY ;1345 AVENUE O.THE AMERICAS,45-N.YORK;10105;                              ;                              ;0000;128261320;000000000;000000000;00000000;000000;00000000000;00;0000;010175;000000;0000;0000;0000;0000;0000;0000;0000;0000;00;2011-10-21;081194;1;0000;8;0;0;0;0;0;0;0;0;0102;1;0;2;3;0000;0;0;000090;0;0090;0;9;000100;00;1;0;0000;0000;0000;0000;0000;0000;0000;0000;9999;0099;0000;0000;0000;   ;8209;000000;0000;2483;000000;0000;2224;000000;0000;6596;000000;0000;7238;000000;7226;0001;000000;6881;0400;000000;0000;0060;000000;0000;0000;000000;0000;0000;000000;0000;0000;000000;0000;0000;000000;0000;0001;000000;0000;0200;000000;0000;0000;000000;0000;0000;000000;0000;0000;000000;0000;0000;000000;0000;00;000000000;                                        ;000000000                                                                                                    
0182;0001;7761;10;0018;000000000;NUEVA YORK I.B.F. - TREASURY        ;N.YORK I.B.F.-TREAS.;1345 AVENUE O.THE AMERICAS,45-N.YORK;10105;                              ;                              ;0000;128261320;000000000;000000000;00000000;000000;00000000000;00;0000;031194;000000;0000;0000;0000;0000;0000;0000;0000;0000;00;2011-10-21;250496;1;0000;8;0;0;0;0;0;0;0;0;0102;1;0;2;3;0000;0;0;000090;0;0090;0;9;000100;00;1;0;0000;0000;0000;0000;0000;0000;0000;0000;9999;0099;0000;0000;0000;   ;8209;000000;0000;2483;000000;0000;2224;000000;0000;6596;000000;0000;7238;000000;7226;0001;000000;6881;0400;000000;0000;0060;000000;0000;0000;000000;0000;0000;000000;0000;0000;000000;0000;0000;000000;0000;0001;000000;0000;0201;000000;0000;0000;000000;0000;0000;000000;0000;0000;000000;0000;0000;000000;0000;00;000000000;                                        ;000000000                                                                                                    
0182;0001;7765;10;0030;000000000;ENTIDAD BANCARIA INTERNACIONAL(PERS);ENT.BAN.INTERNAC.   ;PUERTO RICO                         ;00000;                              ;                              ;0000;999999999;000000000;000000000;00000000;000000;00000000000;00;0000;260695;000000;0000;0000;0000;0000;0000;0000;0000;0000;00;2011-10-21;000000;0;0000;0;0;0;0;0;0;0;0;0;0100;1;0;0;2;0000;0;0;000090;0;0090;0;9;000100;00;1;0;0000;0000;0000;0000;0000;0000;0000;0000;0000;0099;0000;0000;0000;   ;0000;000000;0000;0000;000000;0000;0000;000000;0000;0000;000000;0000;0000;000000;0000;0001;000000;0000;0074;000000;0000;0060;000000;0000;0000;000000;0000;0000;000000;0000;0000;000000;0000;0000;000000;0000;0001;000000;0000;0000;000000;0000;0000;000000;0000;0000;000000;0000;0000;000000;0000;0000;000000;0000;00;000000000;                                        ;000000000                                                                                                    
0182;0001;7766;10;0018;000000000;BANCA MOVIL MINORISTA ITALIA        ;BANCA MOVIL MIN IT  ;CORSO G. MATTEOTTI, 10              ;20121;                              ;                              ;0000;999999999;000000000;999999999;99999999;000000;           ;00;0000;061120;000000;0000;0000;0000;0000;0000;0000;0000;0000;00;2020-11-06;061120;1;0000;8;0;0;0;0;0;0;0;0;0102;1;0;2;3;0000;0;0;000090;0;0090;0;9;000100;00;1;0;0000;0000;0000;0000;0000;0000;0000;0000;9999;0099;0000;0000;0000;   ;0000;000000;0000;0000;000000;0000;2222;000000;0000;0000;000000;0000;7790;000000;6250;0001;000000;6024;0005;000000;0000;0060;000000;0000;0000;000000;0000;0000;000000;0000;0000;000000;0000;0000;000000;0000;0001;000000;0000;0051;000000;0000;0000;000000;0000;0000;000000;0000;0000;000000;0000;0000;000000;0000;00;000000000;                                        ;000000000                                                                                                    
0182;0001;7769;10;0018;000000000;GLOBAL LENDING US-EXITS             ;GLOBAL LENDING US-EX;1345 AVENUE O.THE AMERICAS,45-N.YORK;10105;                              ;                              ;0000;128261320;000000000;000000000;00000000;000000;00000000000;00;0000;031194;000000;0000;0000;0000;0000;0000;0000;0000;0000;00;2017-03-20;250496;1;0000;8;0;0;0;0;0;0;0;0;0102;1;0;2;3;0000;0;0;000090;0;0090;0;9;000000;00;0;0;0000;0000;0000;0000;0000;0000;0000;0000;9999;0099;0000;0000;0000;   ;2512;000000;0000;8206;000000;0000;2224;000000;0000;0000;000000;0000;7627;000000;7612;0001;000000;6881;0400;000000;0000;0060;000000;0000;0000;000000;0000;0000;000000;0000;0000;000000;0000;0000;000000;0000;0001;000000;0000;0209;000000;0000;0000;000000;0000;0000;000000;0000;0000;000000;0000;0000;000000;0000;00;000000000;                                        ;000000000                                                                                                    
0182;0001;7775;10;0018;000000000;GTB DEPOSITS BRAZIL                 ;GTB DEPOSITS BRAZIL ;1345 AVENUE O.THE AMERICAS,45-N.YORK;10105;                              ;                              ;0000;128261320;000000000;000000000;00000000;000000;00000000000;00;0000;030196;000000;0000;0000;0000;0000;0000;0000;0000;0000;00;2024-07-24;160413;1;0000;8;0;0;0;0;0;0;0;0;0102;1;0;2;3;0000;0;0;000090;0;0090;0;9;000100;00;1;0;0000;0000;0000;0000;0000;0000;0000;0000;0000;0099;0000;0000;0000;   ;8207;000000;0000;7900;000000;0000;2224;000000;0000;0000;000000;0000;7641;000000;7619;0001;000000;6881;0400;000000;0000;0060;000000;0000;0000;000000;0000;0000;000000;0000;0000;000000;0000;0000;000000;0000;0001;000000;0000;0205;000000;0000;0000;000000;0000;0000;000000;0000;0000;000000;0000;0000;000000;0000;00;000000000;                                        ;000000000                                                                                                    
0182;0001;7776;10;0018;000000000;NUEVA YORK - SECURIETIES INC.       ;N.YORK-SECURITIES   ;1345 AVENUE O.THE AMERICAS,45-N.YORK;10105;                              ;                              ;0000;999999999;000000000;000000000;00000000;000000;00000000000;00;0000;030196;000000;0000;0000;0000;0000;0000;0000;0000;0000;00;2011-10-21;000000;0;0000;8;0;0;0;0;0;0;0;0;0100;1;0;0;3;0000;0;0;000090;0;0090;0;9;000100;00;1;0;0000;0000;0000;0000;0000;0000;0000;0000;0000;0099;0000;0000;0000;   ;0000;000000;0000;0000;000000;0000;0000;000000;0000;0000;000000;0000;0000;000000;0000;0001;000000;0000;0400;000000;0000;0060;000000;0000;0000;000000;0000;0000;000000;0000;0000;000000;0000;0000;000000;0000;0001;000000;0000;0000;000000;0000;0000;000000;0000;0000;000000;0000;0000;000000;0000;0000;000000;0000;00;000000000;                                        ;000000000                                                                                                    
0182;0001;7799;10;0018;000000000;BBVA SH-CS NEW B MODEL & STRATEGY   ;CS NEW B MOD&STGY   ;4501,08 JINMAO TOWER, 88 CENTURY BOU;99999;                              ;                              ;0000;999999999;000000000;000000000;00000000;000000;           ;00;0000;090321;000000;0000;0000;0000;0000;0000;0000;0000;0000;00;2021-03-10;090321;1;0000;8;0;0;0;0;0;0;0;0;0102;1;0;2;3;0000;0;0;000090;0;0090;0;9;000000;00;0;0;0000;0000;0000;0000;0000;0000;0000;0000;0000;0000;0000;0000;0000;   ;0000;000000;0000;0000;000000;0000;2246;000000;0000;0000;000000;0000;7893;000000;6052;0001;000000;0000;0720;000000;0000;0060;000000;0000;0000;000000;0000;0000;000000;0000;0000;000000;0000;0000;000000;0000;0000;000000;0000;0091;000000;0000;0000;000000;0000;0000;000000;0000;0000;000000;0000;0000;000000;0000;00;000000000;                                        ;000000000                                                                                                    
0182;0001;7800;10;0018;000000000;PARIS - TESORERIA                   ;PARIS-TESORERIA     ;29 AVENUE DE L'OPERA                ;00000;                              ;                              ;0000;590310482;000000000;000000000;00000000;000000;00000000000;00;0000;010175;000000;0000;0000;0000;0000;0000;0000;0000;0000;00;2016-06-03;081194;1;0000;8;0;0;0;0;0;0;0;0;0102;1;0;2;3;0000;0;0;000090;0;0090;0;9;000100;00;1;0;0000;0000;0000;0000;0000;0000;0000;0000;9999;0099;0000;0000;0000;   ;0000;000000;0000;0000;000000;0000;2221;000000;0000;0000;000000;0000;1852;000000;6052;0001;000000;0000;0001;000000;0000;0060;000000;0000;0000;000000;0000;0000;000000;0000;0000;000000;0000;0000;000000;0000;0001;000000;0000;0010;000000;0000;0000;000000;0000;0000;000000;0000;0000;000000;0000;0000;000000;0000;00;000000000;                                        ;000000000                                                                                                    
0182;0001;7807;10;0018;000000000;HOLDINGS BRANCH N.YORK              ;HOLDINGS BRANCH N.YO;1345 AVENUE O.THE AMERICAS,45-N.YORK;10105;                              ;                              ;0000;007281500;000000000;000000000;00000000;000000;           ;00;0000;240205;000000;0000;0000;0000;0000;0000;0000;0000;0000;00;2013-07-16;170305;1;0000;0;0;0;0;0;0;0;0;0;0102;1;0;2;3;0000;0;0;000090;0;0090;0;9;000000;00;0;0;0000;0000;0000;0000;0000;0000;0000;0000;0000;0099;0000;0000;0000;   ;0000;000000;0000;8246;000000;0000;2224;000000;0000;0000;000000;0000;7893;000000;6052;0001;000000;0000;0400;000000;0000;0060;000000;0000;0000;000000;0000;0000;000000;0000;0000;000000;0000;0000;000000;0000;0000;000000;0000;0237;000000;0000;0000;000000;0000;0000;000000;0000;0000;000000;0000;0000;000000;0000;00;000000000;                                        ;000000000                                                                                                    
0182;0001;7809;10;0018;000000000;LONDRES - FINANCE LTD.              ;LONDRES-FINANCE LTD.;108 CANNON STREET                   ;00000;                              ;                              ;0000;006233060;000000000;000000000;00000000;000000;00000000000;00;0000;030196;000000;0000;0000;0000;0000;0000;0000;0000;0000;00;2011-10-21;000000;0;0000;8;0;0;0;0;0;0;0;0;0100;1;0;0;3;0000;0;0;000090;0;0090;0;9;000100;00;1;0;0000;0000;0000;0000;0000;0000;0000;0000;0000;0099;0000;0000;0000;   ;2429;000000;0000;8204;000000;0000;2223;000000;0000;0000;000000;0000;7723;000000;7721;0001;000000;6038;0006;000000;0000;0060;000000;0000;0000;000000;0000;0000;000000;0000;0000;000000;0000;0000;000000;0000;0001;000000;0000;0035;000000;0000;0000;000000;0000;0000;000000;0000;0000;000000;0000;0000;000000;0000;00;000000000;                                        ;000000000                                                                                                    
0182;0001;7811;10;0018;000000000;BBVA.FRANCIA-INMUEBLES USO PROPIO   ;BBVA.FRANCIA-IN.U.P.;29 RUE DE L'OPERA                   ;75001;                              ;                              ;0000;590310482;000000000;000000000;00000000;000000;00000000000;00;0000;200397;000000;0000;0000;0000;0000;0000;0000;0000;0000;00;2011-10-21;200397;1;0000;8;0;0;0;0;0;0;0;0;0102;1;0;2;3;0000;0;0;000090;0;0090;0;9;000100;00;1;0;0000;0000;0000;0000;0000;0000;0000;0000;9999;0099;0000;0000;0000;   ;0000;000000;0000;2578;000000;0000;2221;000000;0000;7895;000000;0000;7773;000000;6212;0001;000000;6038;0001;000000;0000;0060;000000;0000;0000;000000;0000;0000;000000;0000;0000;000000;0000;0000;000000;0000;0000;000000;0000;0031;000000;0000;0000;000000;0000;0000;000000;0000;0000;000000;0000;0000;000000;0000;00;000000000;                                        ;000000000                                                                                                    
0182;0001;7812;10;0018;000000000;BBVA - UCOE                         ;BBVA - UCOE         ;AV. DES ARTS, 43 (BRUSELAS)         ;01040;                              ;                              ;0000;999999999;000000000;000000000;00000000;000000;           ;00;0000;200901;000000;0000;0000;0000;0000;0000;0000;0000;0000;00;2011-10-21;200901;1;0000;8;0;0;0;0;0;0;0;0;0102;1;0;2;3;0000;0;0;000090;0;0090;0;9;000000;00;0;0;0000;0000;0000;0000;0000;0000;0000;0000;9999;0099;0000;0000;0000;   ;0000;000000;0000;7533;000000;0000;2227;000000;0000;0000;000000;0000;7893;000000;6052;0001;000000;0000;0002;000000;0000;0060;000000;0000;0000;000000;0000;0000;000000;0000;0000;000000;0000;0000;000000;0000;0000;000000;0000;0258;000000;0000;0000;000000;0000;0000;000000;0000;0000;000000;0000;0000;000000;0000;00;000000000;                                        ;000000000                                                                                                    
0182;0001;7822;10;0018;000000000;FONDOS PROPIOS FRANCIA              ;FDOS PROPIOS FRANCIA;15 RUE D'ARGENTEUIL                 ;00000;                              ;                              ;0000;590310482;000000000;000000000;00000000;000000;00000000000;00;0000;031194;000000;0000;0000;0000;0000;0000;0000;0000;0000;00;2013-11-19;250496;1;0000;8;0;0;0;0;0;0;0;0;0102;1;0;2;3;0000;0;0;000090;0;0090;0;9;000100;00;1;0;0000;0000;0000;0000;0000;0000;0000;0000;9999;0099;0000;0000;0000;   ;0000;000000;0000;2578;000000;0000;2221;000000;0000;7895;000000;0000;7773;000000;6212;0001;000000;6038;0001;000000;0000;0060;000000;0000;0000;000000;0000;0000;000000;0000;0000;000000;0000;0000;000000;0000;0001;000000;0000;0017;000000;0000;0000;000000;0000;0000;000000;0000;0000;000000;0000;0000;000000;0000;00;000000000;                                        ;000000000                                                                                                    
0182;0001;7823;10;0018;000000000;MATIF Y DERIVADOS - FRANCIA         ;MATIF/DERIV.-FRANCIA;15 RUE D'ARGENTEUIL                 ;00000;                              ;                              ;0000;590310482;000000000;000000000;00000000;000000;00000000000;00;0000;031194;000000;0000;0000;0000;0000;0000;0000;0000;0000;00;2013-11-19;110902;1;0000;8;0;0;0;0;0;0;0;0;0102;1;0;2;3;0000;0;0;000090;0;0090;0;9;000100;00;1;0;0000;0000;0000;0000;0000;0000;0000;0000;9999;0099;0000;0000;0000;   ;0000;000000;0000;2568;000000;0000;2221;000000;0000;7771;000000;0000;7770;000000;6213;0001;000000;6038;0001;000000;0000;0060;000000;0000;0000;000000;0000;0000;000000;0000;0000;000000;0000;0000;000000;0000;0001;000000;0000;0018;000000;0000;0000;000000;0000;0000;000000;0000;0000;000000;0000;0000;000000;0000;00;000000000;                                        ;000000000                                                                                                    
0182;0001;7825;10;0018;000000000;BBVA PUERTO RICO(BANCO FILIAL)      ;BBVA PTO. RICO (B.F);AV. FRANKLIN ROOSEVELT-GUANIBO-     ;00000;                              ;                              ;0080;007823717;000000000;002773780;00000000;000000;00000000000;00;0000;180593;000000;0000;0000;0000;0000;0000;0000;0000;0000;00;2011-10-21;000000;0;0000;8;0;0;0;0;0;0;0;0;0100;1;0;0;3;0000;0;0;000090;0;0090;0;9;000100;00;1;0;0000;0000;0000;0000;0000;0000;0000;0000;0000;0000;0000;0000;0000;   ;0000;000000;0000;0000;000000;0000;0000;000000;0000;0000;000000;0000;0000;000000;0000;0001;000000;0000;0074;000000;0000;0060;000000;0000;0000;000000;0000;0000;000000;0000;0000;000000;0000;0000;000000;0000;0001;000000;0000;0000;000000;0000;0000;000000;0000;0000;000000;0000;0000;000000;0000;0000;000000;0000;00;000000000;                                        ;000000000                                                                                                    
0182;0001;7826;10;0018;000000000;BBVA PORTUGAL(B.FILIAL)             ;BBVA PORTUGAL       ;R. OURO, 40-48(LISBOA 1100)         ;00000;                              ;                              ;0000;034461211;000000000;000000000;00000000;000000;00000000000;00;0000;180193;000000;0000;0000;0000;0000;0000;0000;0000;0000;00;2011-10-21;000000;0;0000;8;0;0;0;0;0;0;0;0;0100;1;0;0;3;0000;0;0;000090;0;0090;0;9;000100;00;1;0;0000;0000;0000;0000;0000;0000;0000;0000;0000;0000;0000;0000;0000;   ;0000;000000;0000;0000;000000;0000;0000;000000;0000;0000;000000;0000;0000;000000;0000;0001;000000;0000;0010;000000;0000;0060;000000;0000;0000;000000;0000;0000;000000;0000;0000;000000;0000;0000;000000;0000;0001;000000;0000;0000;000000;0000;0000;000000;0000;0000;000000;0000;0000;000000;0000;0000;000000;0000;00;000000000;                                        ;000000000                                                                                                    
0182;0001;7830;10;0018;000000000;TK-TREASURY                         ;TK-TREASURY         ;2-2-2 UCHISAIWAICHO CHIYODA-KU-TOKYO;10011;                              ;                              ;0081;335011061;000000000;000000000;00000000;000000;00000000000;00;0000;010175;000000;0000;0000;0000;0000;0000;0000;0000;0000;00;2025-01-20;010605;1;0000;8;0;0;0;0;0;0;0;0;0102;1;0;2;3;0000;0;0;000090;0;0090;0;9;000000;00;0;0;0000;0000;0000;0000;0000;0000;0000;0000;9999;0099;0000;0000;0000;   ;0000;000000;0000;8228;000000;0000;2226;000000;0000;7895;000000;0000;7773;000000;6212;0001;000000;6038;0732;000000;0000;0060;000000;0000;0000;000000;0000;0000;000000;0000;0000;000000;0000;0000;000000;0000;0000;000000;0000;0300;000000;0000;0000;000000;0000;0000;000000;0000;0000;000000;0000;0000;000000;0000;00;000000000;                                        ;000000000                                                                                                    
0182;0001;7832;10;0018;000000000;GINEBRA                             ;GINEBRA             ;RUE DU FRIBOURG, 16(GINEBRA 1201)   ;00000;                              ;                              ;0000;007318461;000000000;000000000;00000000;000000;00000000000;00;0000;180193;000000;0000;0000;0000;0000;0000;0000;0000;0000;00;2011-10-21;000000;0;0000;8;0;0;0;0;0;0;0;0;0100;1;0;0;3;0000;0;0;000090;0;0090;0;9;000100;00;1;0;0000;0000;0000;0000;0000;0000;0000;0000;0000;0000;0000;0000;0000;   ;0000;000000;0000;7634;000000;0000;2128;000000;0000;0000;000000;0000;2132;000000;6052;0001;000000;0000;0036;000000;0000;0060;000000;0000;0000;000000;0000;0000;000000;0000;0000;000000;0000;0000;000000;0000;0001;000000;0000;0000;000000;0000;0000;000000;0000;0000;000000;0000;0000;000000;0000;0000;000000;0000;00;000000000;                                        ;000000000                                                                                                    
0182;0001;7833;10;0018;000000000;MOSCU(REPRESENTACION)               ;MOSCU(REPRESENTAC)  ;KRYMSKIY VAL,3-B.2-OF.303 F.3-MOSCOW;00000;                              ;                              ;7495;006277312;000000000;006277311;00000000;000000;00000000000;00;0000;180193;000000;0000;0000;0000;0000;0000;0000;0000;0000;00;2011-10-21;000000;0;0000;8;0;0;0;0;0;0;0;0;0100;1;0;0;3;0000;0;0;000090;0;0090;0;9;000000;00;0;0;0000;0000;0000;0000;0000;0000;0000;0000;0000;0000;0000;0000;0000;   ;0000;000000;0000;7634;000000;0000;2128;000000;0000;0000;000000;0000;2132;000000;6052;0001;000000;0000;0056;000000;0000;0060;000000;0000;0000;000000;0000;0000;000000;0000;0000;000000;0000;0000;000000;0000;0001;000000;0000;0000;000000;0000;0000;000000;0000;0000;000000;0000;0000;000000;0000;0000;000000;0000;00;000000000;                                        ;000000000                                                                                                    
0182;0001;7835;10;0018;000000000;BBVA UNIBAN (B. FILIAL)             ;BBVA UNIBAN(B.FILI.);69 RUE P. MOULAY ABDELLAH(CASABLANCA;00000;                              ;                              ;0000;000220230;000000000;000000000;00000000;000000;00000000000;00;0000;180193;000000;0000;0000;0000;0000;0000;0000;0000;0000;00;2011-10-21;000000;0;0000;8;0;0;0;0;0;0;0;0;0100;1;0;0;3;0000;0;0;000090;0;0090;0;9;000100;00;1;0;0000;0000;0000;0000;0000;0000;0000;0000;0000;0000;0000;0000;0000;   ;0000;000000;0000;0000;000000;0000;0000;000000;0000;0000;000000;0000;0000;000000;0000;0001;000000;0000;0204;000000;0000;0060;000000;0000;0000;000000;0000;0000;000000;0000;0000;000000;0000;0000;000000;0000;0001;000000;0000;0000;000000;0000;0000;000000;0000;0000;000000;0000;0000;000000;0000;0000;000000;0000;00;000000000;                                        ;000000000                                                                                                    
0182;0001;7836;10;0018;000000000;ESTRUCTURA LUXEMBOURG               ;ESTRUCTURA LUXEMBOUR;76,AVENUE DE LA LIBERTE - LUXEMBOURG;00000;                              ;                              ;0000;000023795;000000000;000000000;00000000;000000;00000000000;00;0000;180193;000000;0000;0000;0000;0000;0000;0000;0000;0000;00;2011-10-21;000000;0;0000;8;0;0;0;0;0;0;0;0;0100;1;0;0;3;0000;0;0;000090;0;0090;0;9;000100;00;1;0;0000;0000;0000;0000;0000;0000;0000;0000;0000;0000;0000;0000;0000;   ;0000;000000;0000;0000;000000;0000;0000;000000;0000;0000;000000;0000;0000;000000;0000;0001;000000;0000;0061;000000;0000;0060;000000;0000;0000;000000;0000;0000;000000;0000;0000;000000;0000;0000;000000;0000;0001;000000;0000;0000;000000;0000;0000;000000;0000;0000;000000;0000;0000;000000;0000;0000;000000;0000;00;000000000;                                        ;000000000                                                                                                    
0182;0001;7839;10;0018;000000000;TK-STF                              ;TK-STF              ;2-2-2 UCHISAIWAICHO CHIYODA-KU-TOKYO;10011;                              ;                              ;0081;335011061;000000000;000000000;00000000;000000;00000000000;00;0000;031194;000000;0000;0000;0000;0000;0000;0000;0000;0000;00;2020-02-19;010605;1;0000;8;0;0;0;0;0;0;0;0;0102;1;0;2;3;0000;0;0;000090;0;0090;0;9;000000;00;0;0;0000;0000;0000;0000;0000;0000;0000;0000;9999;0099;0000;0000;0000;   ;8227;000000;0000;0000;000000;0000;2226;000000;0000;7689;000000;0000;7682;000000;7657;0001;000000;6038;0732;000000;0000;0060;000000;0000;0000;000000;0000;0000;000000;0000;0000;000000;0000;0000;000000;0000;0000;000000;0000;0301;000000;0000;0000;000000;0000;0000;000000;0000;0000;000000;0000;0000;000000;0000;00;000000000;                                        ;000000000                                                                                                    
0182;0001;7845;10;0018;000000000;BBVA.MILANO GESTIONE                ;BBVA.MILANO GESTIONE;VIA CINO DEL DUCA, 8                ;20122;                              ;                              ;0000;000762961;000000000;000000000;00000000;000000;00000000000;00;0000;101297;000000;0000;0000;0000;0000;0000;0000;0000;0000;00;2011-10-24;000000;0;0000;0;0;0;0;0;0;0;0;0;0100;1;0;0;3;0000;0;0;000090;0;0090;0;9;000100;00;1;0;0000;0000;0000;0000;0000;0000;0000;0000;0000;0099;0000;0000;0000;   ;0000;000000;0000;2478;000000;0000;2222;000000;0000;7895;000000;0000;7773;000000;6212;0001;000000;6038;0005;000000;0000;0060;000000;0000;0000;000000;0000;0000;000000;0000;0000;000000;0000;0000;000000;0000;0000;000000;0000;0009;000000;0000;0000;000000;0000;0000;000000;0000;0000;000000;0000;0000;000000;0000;00;000000000;                                        ;000000000                                                                                                    
0182;0001;7847;10;0018;000000000;CAPITAL CALLS UK                    ;CAPITAL CALLS UK    ;108 CANNON STREET                   ;00000;                              ;                              ;0000;006233060;000000000;009294718;00000000;000000;00000000000;00;0000;080297;000000;0000;0000;0000;0000;0000;0000;0000;0000;00;2024-12-19;080297;1;0000;8;0;0;0;0;0;0;0;0;0102;1;0;2;3;0000;0;0;000090;0;0090;0;9;000100;00;1;0;0000;0000;0000;0000;0000;0000;0000;0000;9999;0099;0000;0000;0000;   ;0000;000000;0000;0000;000000;0000;2223;000000;0000;0000;000000;0000;7672;000000;7657;0001;000000;6038;0006;000000;0000;0060;000000;0000;0000;000000;0000;0000;000000;0000;0000;000000;0000;0000;000000;0000;0001;000000;0000;0713;000000;0000;0000;000000;0000;0000;000000;0000;0000;000000;0000;0000;000000;0000;00;000000000;                                        ;000000000                                                                                                    
0182;0001;7848;20;0000;000000000;STF INGLATERRA                      ;STF INGLATERRA      ;GRAN VIA, 1 - PL. 6                 ;48001;                              ;                              ;0000;999999999;000000000;000000000;00000000;000000;00000000000;00;0000;080297;000000;0000;0000;0000;0000;0000;0000;0000;0000;00;2013-03-14;000000;0;0000;0;0;0;0;0;0;0;0;0;0100;1;0;0;3;0100;1;0;000090;0;0090;0;9;000100;00;1;0;0000;0000;0000;0000;0000;0000;0000;0000;9999;0099;0000;0000;0000;   ;7848;000000;0000;0000;000000;0000;2223;000000;0000;0000;000000;0000;7698;000000;7721;0001;000000;6038;0006;000000;0000;0060;000000;0000;0000;000000;0000;0000;000000;0000;0000;000000;0000;0000;000000;0000;0000;000000;0000;0000;000000;0000;0000;000000;0000;0000;000000;0000;0000;000000;0000;0000;000000;0000;00;000000000;                                        ;000000000                                                                                                    
0182;0001;7851;10;0018;000000000;SAO PAULO (REPRESENTACION)          ;SAO PAULO (REPRESE.);GRAN VIA, 1 - PL. 8                 ;48001;                              ;                              ;0000;999999999;000000000;000000000;00000000;000000;00000000000;00;0000;031194;000000;0000;0000;0000;0000;0000;0000;0000;0000;00;2011-10-24;000000;0;0000;8;0;0;0;0;0;0;0;0;0100;1;0;0;3;0000;0;0;000090;0;0090;0;9;000100;00;1;0;0000;0000;0000;0000;0000;0000;0000;0000;0000;0099;0000;0000;0000;   ;0000;000000;0000;7633;000000;0000;2128;000000;0000;0000;000000;0000;2132;000000;6052;0001;000000;0000;0508;000000;0000;0060;000000;0000;0000;000000;0000;0000;000000;0000;0000;000000;0000;0000;000000;0000;0001;000000;0000;0000;000000;0000;0000;000000;0000;0000;000000;0000;0000;000000;0000;0000;000000;0000;00;000000000;                                        ;000000000                                                                                                    
0182;0001;7853;10;0018;000000000;JAKARTA REPRESENTACION              ;JAKARTA REPRESENTAC.;MENARA BCA GRAND INDONESIA 45/F&50/F;10310;                              ;                              ;0000;999999999;000000000;000000000;00000000;000000;00000000000;00;0000;290813;000000;0000;0000;0000;0000;0000;0000;0000;0000;00;2013-08-29;000000;0;0000;8;0;0;0;0;0;0;0;0;0100;1;0;0;3;0000;0;0;000090;0;0090;0;9;000100;00;1;0;0000;0000;0000;0000;0000;0000;0000;0000;0000;0099;0000;0000;0000;   ;0000;000000;0000;7634;000000;0000;2128;000000;0000;0000;000000;0000;2132;000000;6052;0001;000000;0000;0700;000000;0000;0060;000000;0000;0000;000000;0000;0000;000000;0000;0000;000000;0000;0000;000000;0000;0001;000000;0000;0000;000000;0000;0000;000000;0000;0000;000000;0000;0000;000000;0000;0000;000000;0000;00;000000000;                                        ;000000000                                                                                                    
0182;0001;7854;10;0018;000000000;BBVA FONDOS PROPIOS                 ;BBVA FONDOS PROPIOS ;108 CANNON STREET                   ;00000;                              ;                              ;0000;006233060;000000000;000000000;00000000;000000;00000000000;00;0000;031194;000000;0000;0000;0000;0000;0000;0000;0000;0000;00;2013-05-16;250496;1;0000;8;0;0;0;0;0;0;0;0;0102;1;0;2;3;0000;0;0;000090;0;0090;0;9;000100;00;1;0;0000;0000;0000;0000;0000;0000;0000;0000;9999;0099;0000;0000;0000;   ;0000;000000;0000;2434;000000;0000;2223;000000;0000;7895;000000;0000;7773;000000;6212;0001;000000;6038;0006;000000;0000;0060;000000;0000;0000;000000;0000;0000;000000;0000;0000;000000;0000;0000;000000;0000;0001;000000;0000;0710;000000;0000;0000;000000;0000;0000;000000;0000;0000;000000;0000;0000;000000;0000;00;000000000;                                        ;000000000                                                                                                    
0182;0001;7855;10;0018;000000000;BBVA CLIENT COVERAGE ITALIA - MILAN ;CLIENT COVERAGE ITAL;VIA CINO DEL DUCA, 8                ;20122;                              ;                              ;0000;999999999;000000000;000000000;00000000;000000;00000000000;00;0000;010175;000000;0000;0000;0000;0000;0000;0000;0000;0000;00;2013-11-19;250496;1;0000;8;0;0;0;0;0;0;0;0;0102;1;0;2;3;0000;0;0;000090;0;0090;0;9;000100;00;1;0;0000;0000;0000;0000;0000;0000;0000;0000;0000;0099;0000;0000;0000;   ;0000;000000;0000;0000;000000;0000;2222;000000;0000;0000;000000;0000;7785;000000;6212;0001;000000;6038;0005;000000;0000;0060;000000;0000;0000;000000;0000;0000;000000;0000;0000;000000;0000;0000;000000;0000;0001;000000;0000;0002;000000;0000;0000;000000;0000;0000;000000;0000;0000;000000;0000;0000;000000;0000;00;000000000;                                        ;000000000                                                                                                    
0182;0001;7857;10;0018;000000000;MILAN - FUTUROS                     ;MILAN-FUTUROS       ;VIA CINO DEL DUCA, 8                ;20122;                              ;                              ;0000;000762961;000000000;000760051;00321072;000000;00000000000;00;0000;031194;000000;0000;0000;0000;0000;0000;0000;0000;0000;00;2011-10-24;250496;1;0000;8;0;0;0;0;0;0;0;0;0102;1;0;2;3;0000;0;0;000090;0;0090;0;9;000100;00;1;0;0000;0000;0000;0000;0000;0000;0000;0000;9999;0099;0000;0000;0000;   ;8203;000000;0000;2492;000000;0000;2222;000000;0000;7771;000000;0000;7770;000000;6213;0001;000000;6038;0005;000000;0000;0060;000000;0000;0000;000000;0000;0000;000000;0000;0000;000000;0000;0000;000000;0000;0001;000000;0000;0003;000000;0000;0000;000000;0000;0000;000000;0000;0000;000000;0000;0000;000000;0000;00;000000000;                                        ;000000000                                                                                                    
0182;0001;7864;10;0018;000000000;CPM UK                              ;CPM UK              ;108 CANNON STREET                   ;00000;                              ;                              ;0000;006233060;000000000;000000000;00000000;000000;00000000000;00;0000;190199;000000;0000;0000;0000;0000;0000;0000;0000;0000;00;2022-11-18;190199;1;0000;8;0;0;0;0;0;0;0;0;0102;1;0;2;3;0000;0;0;000090;0;0090;0;9;000100;00;1;0;0000;0000;0000;0000;0000;0000;0000;0000;9999;0099;0000;0000;0000;   ;0000;000000;0000;0000;000000;0000;2223;000000;0000;0000;000000;0000;7716;000000;7657;0001;000000;6038;0006;000000;0000;0060;000000;0000;0000;000000;0000;0000;000000;0000;0000;000000;0000;0000;000000;0000;0000;000000;0000;0716;000000;0000;0000;000000;0000;0000;000000;0000;0000;000000;0000;0000;000000;0000;00;000000000;                                        ;000000000                                                                                                    
0182;0001;7865;10;0018;000000000;GM TRADING                          ;GM TRADING          ;108 CANNON STREET                   ;00000;                              ;                              ;0000;006233060;000000000;009294718;00000000;000000;00000000000;00;0000;060599;000000;0000;0000;0000;0000;0000;0000;0000;0000;00;2024-09-17;060599;1;0000;8;0;0;0;0;0;0;0;0;0102;1;0;2;3;0000;0;0;000090;0;0090;0;9;000100;00;1;0;0000;0000;0000;0000;0000;0000;0000;0000;9999;0099;0000;0000;0000;   ;8205;000000;0000;2431;000000;0000;2223;000000;0000;7772;000000;0000;7770;000000;6213;0001;000000;6038;0006;000000;0000;0060;000000;0000;0000;000000;0000;0000;000000;0000;0000;000000;0000;0000;000000;0000;0000;000000;0000;0717;000000;0000;0000;000000;0000;0000;000000;0000;0000;000000;0000;0000;000000;0000;00;000000000;                                        ;000000000                                                                                                    
0182;0001;7866;10;0018;000000000;RESEARCH AND QUANTS                 ;RESEARCH AND QUANTS ;108 CANNON STREET                   ;00000;                              ;                              ;0000;006233060;000000000;000000000;00000000;000000;00000000000;00;0000;060599;000000;0000;0000;0000;0000;0000;0000;0000;0000;00;2024-09-17;060599;1;0000;8;0;0;0;0;0;0;0;0;0102;1;0;2;3;0000;0;0;000090;0;0090;0;9;000100;00;1;0;0000;0000;0000;0000;0000;0000;0000;0000;9999;0099;0000;0000;0000;   ;2409;000000;0000;2431;000000;0000;2223;000000;0000;7771;000000;0000;7770;000000;6213;0001;000000;6038;0006;000000;0000;0060;000000;0000;0000;000000;0000;0000;000000;0000;0000;000000;0000;0000;000000;0000;0000;000000;0000;0718;000000;0000;0000;000000;0000;0000;000000;0000;0000;000000;0000;0000;000000;0000;00;000000000;                                        ;000000000                                                                                                    
0182;0001;7867;10;0018;000000000;GM SALES                            ;GM SALES            ;108 CANNON STREET                   ;00000;                              ;                              ;0000;006233060;000000000;000000000;00000000;000000;00000000000;00;0000;060599;000000;0000;0000;0000;0000;0000;0000;0000;0000;00;2024-09-17;060599;1;0000;8;0;0;0;0;0;0;0;0;0102;1;0;2;3;0000;0;0;000090;0;0090;0;9;000100;00;1;0;0000;0000;0000;0000;0000;0000;0000;0000;9999;0099;0000;0000;0000;   ;2409;000000;0000;2431;000000;0000;2223;000000;0000;7771;000000;0000;7770;000000;6213;0001;000000;6038;0006;000000;0000;0060;000000;0000;0000;000000;0000;0000;000000;0000;0000;000000;0000;0000;000000;0000;0000;000000;0000;0719;000000;0000;0000;000000;0000;0000;000000;0000;0000;000000;0000;0000;000000;0000;00;000000000;                                        ;000000000                                                                                                    
0182;0001;7872;10;0018;000000000;BBVA-BRUSELAS-OF.PRINCIPAL          ;BBVA-BRUSELAS-OF.PRA;AV. DES ARTS, 43 (BRUSELAS)         ;01040;                              ;                              ;0000;025123262;000000000;000000000;00000000;000000;00000000000;00;0000;260400;000000;0000;0000;0000;0000;0000;0000;0000;0000;00;2013-03-18;260400;1;0000;8;0;0;0;0;0;0;0;0;0102;1;0;2;3;0000;0;0;000090;0;0090;0;9;000000;00;0;0;0000;0000;0000;0000;0000;0000;0000;0000;9999;0099;0000;0000;0000;   ;0000;000000;0000;8245;000000;0000;2227;000000;0000;7798;000000;0000;7778;000000;6250;0001;000000;6024;0002;000000;0000;0060;000000;0000;0000;000000;0000;0000;000000;0000;0000;000000;0000;0000;000000;0000;0000;000000;0000;0251;000000;0000;0000;000000;0000;0000;000000;0000;0000;000000;0000;0000;000000;0000;00;000000000;                                        ;000000000                                                                                                    
0182;0001;7873;10;0018;000000000;BBVA-BRUSELAS-AG.BERLAYMONT         ;BRUSELAS-BERLAYMONT ;BLVD CHARLEMAGNE, 32-34 (BRUSELAS)  ;01000;                              ;                              ;0000;322303387;000000000;000000000;00000000;000000;00000000000;00;0000;260400;000000;0000;0000;0000;0000;0000;0000;0000;0000;00;2013-03-18;260400;1;0000;8;0;0;0;0;0;0;0;0;0102;1;0;2;3;0000;0;0;000090;0;0090;0;9;000000;00;0;0;0000;0000;0000;0000;0000;0000;0000;0000;9999;0099;0000;0000;0000;   ;0000;000000;0000;8245;000000;0000;2227;000000;0000;7798;000000;0000;7778;000000;6250;0001;000000;6024;0002;000000;0000;0060;000000;0000;0000;000000;0000;0000;000000;0000;0000;000000;0000;0000;000000;0000;0000;000000;0000;0252;000000;0000;0000;000000;0000;0000;000000;0000;0000;000000;0000;0000;000000;0000;00;000000000;                                        ;000000000                                                                                                    
0182;0001;7876;10;0026;350160024;Z. CONTIGO. LAS PALMAS ALBAREDA     ;Z.-LP ALBARE        ;ALBAREDA, 6                         ;35008;                              ;                              ;0000;928947794;000000000;000000000;00000000;000000;           ;00;0000;250821;000000;0000;0000;0000;0000;0000;0000;0000;0000;00;2023-03-02;250821;1;0000;0;0;0;0;0;0;0;0;0;0101;1;0;1;1;0003;0;0;310000;1;0000;0;0;000110;00;1;1;0000;2536;0182;6252;0000;0000;0182;0027;0039;0050;0000;0000;4951;   ;0000;000000;0000;2569;000000;0000;0000;000000;0000;0063;000000;6055;0013;000000;6250;0001;000000;6024;0011;000000;0000;0060;000000;0000;0005;000000;8597;0035;000000;0000;1989;000000;0000;6352;000000;0000;0011;000000;6252;0000;020323;0011;0000;000000;0000;0000;000000;0000;8812;000000;8822;0000;000000;0000;00;902224466;G014957A@BBVA.COM                       ;000000000                                                                                                    
0182;0001;7878;10;0018;000000000;BBVA-BANCA INSTITUCIONAL            ;BBVA-B.INSTITUCIONAL;AV. DES ARTS, 43 (BRUSELAS)         ;01040;                              ;                              ;0000;999999999;000000000;000000000;00000000;000000;00000000000;00;0000;260400;000000;0000;0000;0000;0000;0000;0000;0000;0000;00;2013-03-18;260400;1;0000;8;0;0;0;0;0;0;0;0;0102;1;0;2;3;0000;0;0;000090;0;0090;0;9;000000;00;0;0;0000;0000;0000;0000;0000;0000;0000;0000;9999;0099;0000;0000;0000;   ;0000;000000;0000;8245;000000;0000;2227;000000;0000;7798;000000;0000;7778;000000;6250;0001;000000;6024;0002;000000;0000;0060;000000;0000;0000;000000;0000;0000;000000;0000;0000;000000;0000;0000;000000;0000;0000;000000;0000;0255;000000;0000;0000;000000;0000;0000;000000;0000;0000;000000;0000;0000;000000;0000;00;000000000;                                        ;000000000                                                                                                    
0182;0001;7880;10;0018;000000000;BBVA-FONDOS PROPIOS BRUSELAS        ;BBVA-FONDOS PROPIOS ;AV. DES ARTS, 43 (BRUSELAS)         ;01040;                              ;                              ;0000;999999999;000000000;000000000;00000000;000000;00000000000;00;0000;260400;000000;0000;0000;0000;0000;0000;0000;0000;0000;00;2013-03-18;260400;1;0000;8;0;0;0;0;0;0;0;0;0102;1;0;2;3;0000;0;0;000090;0;0090;0;9;000000;00;0;0;0000;0000;0000;0000;0000;0000;0000;0000;9999;0099;0000;0000;0000;   ;0000;000000;0000;7885;000000;0000;2227;000000;0000;7798;000000;0000;7778;000000;6250;0001;000000;6024;0002;000000;0000;0060;000000;0000;0000;000000;0000;0000;000000;0000;0000;000000;0000;0000;000000;0000;0000;000000;0000;0257;000000;0000;0000;000000;0000;0000;000000;0000;0000;000000;0000;0000;000000;0000;00;000000000;                                        ;000000000                                                                                                    
0182;0001;7885;30;0000;000000000;FONDOS PROPIOS-BELGICA              ;FDOS.PROPIOS-BELGICA;GRAN VIA, 1 PL. 8                   ;48001;                              ;                              ;0000;999999999;000000000;000000000;00000000;000000;00000000000;00;0000;260400;000000;0000;0000;0000;0000;0000;0000;0000;0000;00;2013-03-18;000000;0;0000;0;0;0;0;0;0;0;0;0;0100;1;0;0;0;0000;0;0;000090;0;0090;0;9;000900;00;9;0;0000;0000;0000;0000;0000;0000;0000;0000;9999;0099;0000;0000;0000;   ;0000;000000;0000;7885;000000;0000;2227;000000;0000;7798;000000;0000;7778;000000;6250;0001;000000;6024;0002;000000;0000;0060;000000;0000;0000;000000;0000;0000;000000;0000;0000;000000;0000;0000;000000;0000;0000;000000;0000;0000;000000;0000;0000;000000;0000;0000;000000;0000;0000;000000;0000;0000;000000;0000;00;000000000;                                        ;000000000                                                                                                    
0182;0001;7897;20;0000;000000000;TB UCG INGLATERRA                   ;TB UCG INGLATERRA   ;GRAN VIA, 1 - PL. 6                 ;48001;                              ;                              ;0000;999999999;000000000;000000000;00000000;000000;00000000000;00;0000;040199;000000;0000;0000;0000;0000;0000;0000;0000;0000;00;2011-11-07;000000;0;0000;0;0;0;0;0;0;0;0;0;0100;1;0;0;3;0000;0;0;000090;0;0090;0;9;000100;00;1;0;0000;0000;0000;0000;0000;0000;0000;0000;9999;0099;0000;0000;0000;   ;7897;000000;0000;8204;000000;0000;2223;000000;0000;0000;000000;0000;7723;000000;7721;0001;000000;6038;0006;000000;0000;0060;000000;0000;0000;000000;0000;0000;000000;0000;0000;000000;0000;0000;000000;0000;0000;000000;0000;0000;000000;0000;0000;000000;0000;0000;000000;0000;0000;000000;0000;0000;000000;0000;00;000000000;                                        ;000000000                                                                                                    
0182;0001;7898;20;0000;000000000;TB UCG ITALIA                       ;TB UCG ITALIA       ;GRAN VIA, 1 - PL. 6                 ;48001;                              ;                              ;0000;999999999;000000000;000000000;00000000;000000;00000000000;00;0000;040199;000000;0000;0000;0000;0000;0000;0000;0000;0000;00;2011-11-07;000000;0;0000;0;0;0;0;0;0;0;0;0;0100;1;0;0;3;0000;0;0;000090;0;0090;0;9;000100;00;1;0;0000;0000;0000;0000;0000;0000;0000;0000;9999;0099;0000;0000;0000;   ;7898;000000;0000;8202;000000;0000;2222;000000;0000;0000;000000;0000;7723;000000;7721;0001;000000;6038;0005;000000;0000;0060;000000;0000;0000;000000;0000;0000;000000;0000;0000;000000;0000;0000;000000;0000;0000;000000;0000;0000;000000;0000;0000;000000;0000;0000;000000;0000;0000;000000;0000;0000;000000;0000;00;000000000;                                        ;000000000                                                                                                    
0182;0001;7899;20;0000;000000000;TB UCG-FRANCIA                      ;TB UCG-FRANCIA      ;GRAN VIA, 1 - PL. 6                 ;48001;                              ;                              ;0000;999999999;000000000;000000000;00000000;000000;00000000000;00;0000;040199;000000;0000;0000;0000;0000;0000;0000;0000;0000;00;2011-11-07;000000;0;0000;0;0;0;0;0;0;0;0;0;0100;1;0;0;3;0000;0;0;000090;0;0090;0;9;000100;00;1;0;0000;0000;0000;0000;0000;0000;0000;0000;9999;0099;0000;0000;0000;   ;7899;000000;0000;8201;000000;0000;2221;000000;0000;0000;000000;0000;7723;000000;7721;0001;000000;6038;0001;000000;0000;0060;000000;0000;0000;000000;0000;0000;000000;0000;0000;000000;0000;0000;000000;0000;0000;000000;0000;0000;000000;0000;0000;000000;0000;0000;000000;0000;0000;000000;0000;0000;000000;0000;00;000000000;                                        ;000000000                                                                                                    
0182;0001;7900;30;0000;000000000;GTB EE.UU                           ;GTB EE.UU           ;GRAN VIA, 1 PL. 8                   ;48001;                              ;                              ;0000;999999999;000000000;000000000;00000000;000000;           ;00;0000;170511;000000;0000;0000;0000;0000;0000;0000;0000;0000;00;2025-08-06;000000;0;0000;0;0;0;0;0;0;0;0;0;0100;1;0;0;0;0000;0;0;000090;0;0090;0;9;000000;00;0;0;0000;0000;0000;0000;0000;0000;0000;0000;0000;0000;0000;0000;0000;   ;0000;000000;0000;7900;000000;0000;2224;000000;0000;0000;000000;0000;7641;000000;7619;0001;000000;6881;0400;000000;0000;0060;000000;0000;0000;000000;0000;0000;000000;0000;0000;000000;0000;0000;000000;0000;0000;000000;0000;0000;000000;0000;0000;000000;0000;0000;000000;0000;0000;000000;0000;0000;000000;0000;00;000000000;                                        ;000000000                                                                                                    
0182;0001;7915;10;0014;280790001;MADRID-FCA NAL MONEDA Y TIMBRE-OTP  ;MADRID-F.NAL.MONEDA ;JORGE JUAN, 106                     ;28009;                              ;                              ;0000;915042607;000000000;915747956;00000000;000000;           ;00;0000;020305;190721;0182;0901;0000;0000;0182;0901;0000;0000;00;2021-07-20;000000;0;0901;0;0;0;0;0;0;0;0;0;0100;1;0;0;1;0000;0;0;000090;0;0090;0;9;001772;01;7;7;2458;2528;0182;6252;0000;0000;0182;0027;0039;0014;0000;0000;4000;   ;8807;000000;0000;9812;000000;0000;0000;000000;0000;0051;000000;6055;0013;000000;6250;0001;000000;6024;0011;000000;0000;0060;000000;0000;0012;000000;8594;0028;000000;0000;0985;000000;0000;6352;000000;0000;0006;000000;6252;0000;000000;0000;0000;000000;0000;5856;000000;0000;8813;000000;8823;0000;000000;0000;00;902224466;                                        ;000000000                                                                                                    
0182;0001;7941;10;0001;410930001;TOMARES-SANTA EUFEMIA               ;TOMARES-STA.EUFEMIA ;CIUDAD SANTA EUFEMIA, S/N BLOQ. 41-A;41940;                              ;                              ;0000;954153934;000000000;000000000;00000000;000000;           ;00;0000;251100;000000;0000;0000;0000;0000;0000;0000;0000;0000;00;2021-11-24;010100;1;0000;0;0;0;0;0;0;0;0;0;0101;1;0;1;1;0003;0;0;311010;1;1010;0;1;001112;01;1;1;2658;2527;0182;6252;0000;0000;0182;0027;0039;0085;0000;0000;6000;000;8966;000000;0000;9824;000000;0000;0000;000000;0000;0072;000000;6055;0013;000000;6250;0001;000000;6024;0011;000000;0000;0060;000000;0000;0001;000000;8596;0041;000000;0000;0479;000000;0000;6352;000000;0000;0012;000000;6252;0000;050821;0011;0000;000000;0000;0000;000000;0000;8817;000000;8827;0000;000000;0000;04;902224466;G017941A@BBVA.COM                       ;000000000                                                                                                    
0182;0001;7948;10;0018;000000000;CLIENT COVERAGE FRANCIA             ;CLIENT COVERAGE FRAN;29, AVENUE DE L'OPERA. 75001 - PARIS;00000;                              ;                              ;0000;590310482;000000000;000000000;00000000;000000;           ;00;0000;290811;000000;0000;0000;0000;0000;0000;0000;0000;0000;00;2011-10-24;290811;1;0000;8;0;0;0;0;0;0;0;0;0102;1;0;2;3;0000;0;0;000090;0;0090;0;9;000000;00;0;0;0000;0000;0000;0000;0000;0000;0000;0000;0000;0000;0000;0000;0000;   ;0000;000000;0000;0000;000000;0000;2221;000000;0000;0000;000000;0000;7785;000000;6212;0001;000000;6038;0001;000000;0000;0060;000000;0000;0000;000000;0000;0000;000000;0000;0000;000000;0000;0000;000000;0000;0000;000000;0000;0022;000000;0000;0000;000000;0000;0000;000000;0000;0000;000000;0000;0000;000000;0000;00;000000000;                                        ;000000000                                                                                                    
0182;0001;7966;10;0014;280790001;MADRID-DEPENDENCIAS DEL B.O.E.-OTP  ;MADRID-DEPEN.BOE-OTP;AV. DE MANOTERAS, 54                ;28071;                              ;                              ;0000;913024496;917670448;000000000;00000000;000000;00000000000;00;0000;250199;161120;0182;7402;0000;0000;0182;7402;0000;0000;00;2021-01-20;000000;0;7402;0;0;0;0;0;0;0;0;0;0101;1;0;1;1;0000;0;0;010090;1;0090;0;9;006777;06;7;7;7402;0000;0182;6252;0000;0000;0182;0027;0039;0014;0000;0000;4000;   ;8853;000000;0000;9806;000000;0000;0000;000000;0000;0051;000000;6055;0013;000000;6250;0001;000000;6024;0011;000000;0000;0060;000000;0000;0012;000000;8594;0028;000000;0000;0985;000000;0000;6352;000000;0000;0006;000000;6252;0000;170118;0011;0000;000000;0000;0000;000000;0000;0000;000000;0000;0000;000000;0000;00;000000000;                                        ;000000000                                                                                                    
0182;0001;7967;10;0014;460850001;CARLET-RESIDENCIA-OTP               ;CARLET-RESIDENC.OTP ;CAMI DELS DEPOSITS S/N.RESID.MIX.3ED;46240;                              ;                              ;0000;999999999;000000000;000000000;00000000;000000;00000000000;00;0000;150791;200720;0182;1740;0000;0000;0182;1740;0000;0000;00;2021-08-11;000000;0;1740;0;0;0;0;0;0;0;0;0;0100;1;0;0;1;6000;0;0;010090;1;0090;0;9;009770;09;7;7;0000;2534;0182;6252;0000;0000;0182;0027;0039;0065;0000;0000;7710;   ;9496;000000;0000;9884;000000;0000;0000;000000;0000;1964;000000;6055;0013;000000;6250;0001;000000;6024;0011;000000;0000;0060;000000;0000;0017;000000;8595;0046;000000;0000;0595;000000;0000;6352;000000;0000;0009;000000;6252;0000;170118;0011;0000;000000;0000;5859;000000;0000;8814;000000;8824;0000;000000;0000;00;000000000;                                        ;000000000                                                                                                    
0182;0001;7975;10;0001;430920002;MONTROIG DEL CAMP                   ;MONTROIG DEL CAMP   ;AV. CATALUNYA, 7                    ;43300;                              ;                              ;0000;977837087;000000000;000000000;00000000;000000;00000000000;00;0000;060904;000000;0000;0000;0000;0000;0000;0000;0000;0000;00;2020-02-11;060904;1;0000;0;0;0;0;0;0;0;0;0;0101;1;0;1;1;0003;0;0;310010;1;0010;0;1;008000;08;0;0;0250;2542;0182;6252;0000;0000;0182;0027;0039;0035;0000;0000;6240;   ;9675;000000;0000;9928;000000;0000;0000;000000;0000;8302;000000;6055;0013;000000;6250;0001;000000;6024;0011;000000;0000;0060;000000;0000;0009;000000;8593;0043;000000;0000;0800;000000;0000;6352;000000;0000;0007;000000;6252;0000;110220;0011;0000;000000;0000;5855;000000;0000;8811;000000;5207;0000;000000;0000;05;000000000;G017975A@BBVA.COM                       ;000000000                                                                                                    
0182;0001;8005;50;0000;000000000;DIRECCION RED DE AGENTES            ;DIR. RED DE AGENTES ;S.D.                                ;00000;                              ;                              ;0000;000000000;000000000;000000000;00000000;000000;00000000000;00;0000;211299;000000;0000;0000;0000;0000;0000;0000;0000;0000;00;2010-02-15;000000;0;0060;0;0;0;0;0;0;0;0;0;0100;1;0;0;1;0012;0;1;200090;0;0090;0;9;000100;00;1;0;0000;0000;0000;0000;0000;0000;0000;0000;0000;0000;0000;0000;0000;   ;0000;000000;0000;0000;000000;0000;0000;000000;0000;8005;000000;8002;0013;000000;6250;0001;000000;6024;0011;000000;0000;0000;000000;0000;0000;000000;8598;0000;000000;0000;0000;000000;0000;0000;000000;0000;0000;000000;0000;0000;000000;0000;0000;000000;0000;0000;000000;0000;0000;000000;0000;0000;000000;0000;00;000000000;                                        ;000000000                                                                                                    
0182;0001;8025;30;0000;350160024;Z.PRESCRIP.CANARIAS                 ;Z.PRESCRIP.CANARIAS ;SANTIAGO, 17 PLTA1                  ;35008;                              ;                              ;0000;928451601;928451602;928451631;00000000;000000;           ;00;0000;130303;000000;0000;0000;0000;0000;0000;0000;0000;0000;00;2021-12-01;000000;0;0060;0;0;0;0;0;0;0;0;0;0100;1;0;0;1;0010;0;1;000090;0;0090;0;9;052000;52;0;0;0000;0000;0000;0000;0000;0000;0182;0027;0039;0050;0000;0000;0000;   ;0000;000000;0000;8025;000000;0000;0000;000000;0000;0063;000000;6055;0013;000000;6250;0001;000000;6024;0011;000000;0000;0060;000000;0000;0005;000000;8597;0000;000000;0000;1989;000000;0000;0000;000000;0000;0000;000000;0000;0000;000000;0000;0000;000000;0000;0000;000000;0000;0000;000000;0000;0000;000000;0000;00;000000000;                                        ;000000000                                                                                                    
0182;0001;8092;20;0000;030090001;ALCOY-CTRO.BE                       ;ALCOY-CTRO.BE       ;AV. DEL PAIS VALENCIA, 40-42 PLTA1  ;03801;                              ;                              ;0000;965540433;965540593;965546347;00000000;000000;           ;00;0000;160514;000000;0000;0000;0000;0000;0000;0000;0000;0000;00;2021-12-01;000000;0;0060;0;0;0;0;0;0;0;0;0;0100;1;0;0;1;0010;0;1;000090;0;0090;0;9;000000;00;0;0;0000;0000;0000;0000;0000;0000;0000;0000;0000;0000;0000;0000;0000;   ;8092;000000;0000;0000;000000;0000;8432;000000;0000;0000;000000;8415;0000;000000;6051;0001;000000;6024;0011;000000;0000;0060;000000;0000;0017;000000;8595;0000;000000;0000;0595;000000;0000;0000;000000;0000;0000;000000;0000;0000;000000;0000;0000;000000;0000;0000;000000;0000;0000;000000;0000;0000;000000;0000;04;000000000;                                        ;000000000                                                                                                    
0182;0001;8149;10;0001;430370002;CALAFELL                            ;CALAFELL            ;CALLE DE SANT PERE, 20              ;43820;                              ;                              ;0000;977695566;000000000;000000000;00000000;000000;           ;00;0000;030513;000000;0000;0000;0000;0000;0000;0000;0000;0000;00;2023-02-01;030513;1;0000;0;0;0;0;0;0;0;0;0;1101;1;0;1;1;0003;0;0;310010;1;0010;0;1;008002;08;0;0;2968;2542;0182;6252;0000;0000;0182;0027;0039;0035;0000;0000;6240;   ;9572;000000;0000;9928;000000;0000;0000;000000;0000;8302;000000;6055;0013;000000;6250;0001;000000;6024;0011;000000;0000;0060;000000;0000;0009;000000;8593;0043;000000;0000;0800;000000;0000;6352;000000;0000;0007;000000;6252;0000;010223;0011;0000;000000;0000;5855;000000;0000;8811;000000;5207;0000;000000;0000;03;000000000;G018149A@BBVA.COM                       ;000000000                                                                                                    
0182;0001;8169;20;0000;030650011;ELCHE-CTRO.BE                       ;ELCHE-CTRO.BE       ;AV. COMUNITAT VALENCIANA            ;03201;                              ;                              ;0000;965442107;000000000;965442900;00000000;000000;           ;00;0000;160514;000000;0000;0000;0000;0000;0000;0000;0000;0000;00;2023-02-28;000000;0;0060;0;0;0;0;0;0;0;0;0;0100;1;0;0;1;0010;0;1;000090;0;0090;0;9;000000;00;0;0;0000;0000;0000;0000;0000;0000;0000;0000;0000;0000;0000;0000;0000;   ;8169;000000;0000;0000;000000;0000;8432;000000;0000;0000;000000;8415;0000;000000;6051;0001;000000;6024;0011;000000;0000;0060;000000;0000;0017;000000;8595;0000;000000;0000;0595;000000;0000;0000;000000;0000;0000;000000;0000;0000;000000;0000;0000;000000;0000;0000;000000;0000;0000;000000;0000;0000;000000;0000;03;000000000;                                        ;000000000                                                                                                    
0182;0001;8175;10;0001;081260001;MONTGAT                             ;MONTGAT             ;RIERA DE SANT JORDI, 20-22          ;08390;                              ;                              ;0000;934694026;000000000;000000000;00000000;000000;           ;00;0000;030513;000000;0000;0000;0000;0000;0000;0000;0000;0000;00;2020-02-11;040113;1;0000;0;0;0;0;0;0;0;0;0;1101;1;0;1;1;0003;0;0;310010;1;0010;0;1;008000;08;0;0;0257;2542;0182;6252;0000;0000;0182;0027;0039;0035;0000;0000;1797;   ;9638;000000;0000;8962;000000;0000;0000;000000;0000;8302;000000;6055;0013;000000;6250;0001;000000;6024;0011;000000;0000;0060;000000;0000;0009;000000;8593;0008;000000;0000;0800;000000;0000;6352;000000;0000;0007;000000;6252;0000;110220;0011;0000;000000;0000;5855;000000;0000;8811;000000;8821;0000;000000;0000;05;000000000;G018175A@BBVA.COM                       ;000000000                                                                                                    
0182;0001;8187;10;0001;083000001;VILADECAVALLS                       ;VILADECAVALLS       ;ANTONI SOLER HOSPITAL, 2            ;08232;                              ;                              ;0000;937340548;000000000;000000000;00000000;000000;           ;00;0000;030513;000000;0000;0000;0000;0000;0000;0000;0000;0000;00;2021-08-02;030513;1;0000;0;0;0;0;0;0;0;0;0;1101;1;0;1;1;0003;0;0;310010;1;0010;0;1;008118;08;1;1;8110;2542;0182;6252;0000;0000;0182;0027;0039;0035;0000;0000;1797;   ;5256;000000;0000;5296;000000;0000;0000;000000;0000;8302;000000;6055;0013;000000;6250;0001;000000;6024;0011;000000;0000;0060;000000;0000;0009;000000;8593;0008;000000;0000;0800;000000;0000;6352;000000;0000;0007;000000;6252;0000;110220;0011;0000;000000;0000;5855;000000;0000;8811;000000;5207;0000;000000;0000;05;000000000;G018187A@BBVA.COM                       ;000000000                                                                                                    
0182;0001;8201;30;0000;000000000;TB FRANCIA                          ;TB FRANCIA          ;GRAN VIA, 1 - PL. 8                 ;48001;                              ;                              ;0000;999999999;000000000;000000000;00000000;000000;00000000000;00;0000;041095;000000;0000;0000;0000;0000;0000;0000;0000;0000;00;2011-11-08;000000;0;0000;0;0;0;0;0;0;0;0;0;0100;1;0;0;3;0100;1;0;000090;0;0090;0;9;000100;00;1;0;0000;0000;0000;0000;0000;0000;0000;0000;9999;0099;0000;0000;0000;   ;0000;000000;0000;8201;000000;0000;2221;000000;0000;0000;000000;0000;7723;000000;7721;0001;000000;6038;0001;000000;0000;0060;000000;0000;0000;000000;0000;0000;000000;0000;0000;000000;0000;0000;000000;0000;0000;000000;0000;0000;000000;0000;0000;000000;0000;0000;000000;0000;0000;000000;0000;0000;000000;0000;00;000000000;                                        ;000000000                                                                                                    
0182;0001;8202;30;0000;000000000;TB ITALIA                           ;TB ITALIA           ;GRAN VIA, 1 - PL. 8                 ;48001;                              ;                              ;0000;999999999;000000000;000000000;00000000;000000;00000000000;00;0000;041095;000000;0000;0000;0000;0000;0000;0000;0000;0000;00;2011-11-08;000000;0;0000;0;0;0;0;0;0;0;0;0;0100;1;0;0;3;0100;1;0;000090;0;0090;0;9;000100;00;1;0;0000;0000;0000;0000;0000;0000;0000;0000;9999;0099;0000;0000;0000;   ;0000;000000;0000;8202;000000;0000;2222;000000;0000;0000;000000;0000;7723;000000;7721;0001;000000;6038;0005;000000;0000;0060;000000;0000;0000;000000;0000;0000;000000;0000;0000;000000;0000;0000;000000;0000;0000;000000;0000;0000;000000;0000;0000;000000;0000;0000;000000;0000;0000;000000;0000;0000;000000;0000;00;000000000;                                        ;000000000                                                                                                    
0182;0001;8203;20;0000;000000000;TESORERIA-ITALIA                    ;TESORERIA-ITALIA    ;GRAN VIA, 1 - PL. 6                 ;48001;                              ;                              ;0000;099999999;000000000;000000000;00000000;000000;00000000000;00;0000;041095;000000;0000;0000;0000;0000;0000;0000;0000;0000;00;2011-11-07;000000;0;0000;0;0;0;0;0;0;0;0;0;0100;1;0;0;3;0100;1;0;000090;0;0090;0;9;000100;00;1;0;0000;0000;0000;0000;0000;0000;0000;0000;9999;0099;0000;0000;0000;   ;8203;000000;0000;2492;000000;0000;2222;000000;0000;7771;000000;0000;7770;000000;6213;0001;000000;6038;0005;000000;0000;0060;000000;0000;0000;000000;0000;0000;000000;0000;0000;000000;0000;0000;000000;0000;0000;000000;0000;0000;000000;0000;0000;000000;0000;0000;000000;0000;0000;000000;0000;0000;000000;0000;00;000000000;                                        ;000000000                                                                                                    
0182;0001;8204;30;0000;000000000;TB UK                               ;TB UK               ;GRAN VIA, 1 - PL. 8                 ;48001;                              ;                              ;0000;999999999;000000000;000000000;00000000;000000;00000000000;00;0000;041095;000000;0000;0000;0000;0000;0000;0000;0000;0000;00;2025-01-30;000000;0;0000;0;0;0;0;0;0;0;0;0;0100;1;0;0;3;0100;1;0;000090;0;0090;0;9;000100;00;1;0;0000;0000;0000;0000;0000;0000;0000;0000;9999;0099;0000;0000;0000;   ;0000;000000;0000;8204;000000;0000;2223;000000;0000;0000;000000;0000;7723;000000;7721;0001;000000;6038;0006;000000;0000;0060;000000;0000;0000;000000;0000;0000;000000;0000;0000;000000;0000;0000;000000;0000;0000;000000;0000;0000;000000;0000;0000;000000;0000;0000;000000;0000;0000;000000;0000;0000;000000;0000;00;000000000;                                        ;000000000                                                                                                    
0182;0001;8205;20;0000;000000000;CARTERA TITULOS-INGLATERRA          ;CART.TITULOS-INGLATE;GRAN VIA, 1 - PL. 6                 ;48001;                              ;                              ;0000;099999999;000000000;000000000;00000000;000000;00000000000;00;0000;041095;000000;0000;0000;0000;0000;0000;0000;0000;0000;00;2011-11-07;000000;0;0000;0;0;0;0;0;0;0;0;0;0100;1;0;0;3;0100;1;0;000090;0;0090;0;9;000100;00;1;0;0000;0000;0000;0000;0000;0000;0000;0000;9999;0099;0000;0000;0000;   ;8205;000000;0000;2431;000000;0000;2223;000000;0000;7772;000000;0000;7770;000000;6213;0001;000000;6038;0006;000000;0000;0060;000000;0000;0000;000000;0000;0000;000000;0000;0000;000000;0000;0000;000000;0000;0000;000000;0000;0000;000000;0000;0000;000000;0000;0000;000000;0000;0000;000000;0000;0000;000000;0000;00;000000000;                                        ;000000000                                                                                                    
0182;0001;8206;30;0000;000000000;CORPORATE LENDING EE.UU             ;CORPORATE LENDING EE;GRAN VIA, 1 - PL. 8                 ;48001;                              ;                              ;0000;999999999;000000000;000000000;00000000;000000;00000000000;00;0000;041095;000000;0000;0000;0000;0000;0000;0000;0000;0000;00;2025-08-06;000000;0;0000;0;0;0;0;0;0;0;0;0;0100;1;0;0;3;0100;1;0;000090;0;0090;0;9;000100;00;1;0;0000;0000;0000;0000;0000;0000;0000;0000;9999;0099;0000;0000;0000;   ;0000;000000;0000;8206;000000;0000;2224;000000;0000;0000;000000;0000;7627;000000;7612;0001;000000;6881;0400;000000;0000;0060;000000;0000;0000;000000;0000;0000;000000;0000;0000;000000;0000;0000;000000;0000;0000;000000;0000;0000;000000;0000;0000;000000;0000;0000;000000;0000;0000;000000;0000;0000;000000;0000;00;000000000;                                        ;000000000                                                                                                    
0182;0001;8207;20;0000;000000000;TB BCA. MENOR N Y                   ;TB BCA. MENOR N Y   ;GRAN VIA, 1 - PL. 6                 ;48001;                              ;                              ;0000;999999999;000000000;000000000;00000000;000000;00000000000;00;0000;041095;000000;0000;0000;0000;0000;0000;0000;0000;0000;00;2025-08-06;000000;0;0000;0;0;0;0;0;0;0;0;0;0100;1;0;0;3;0100;1;0;000090;0;0090;0;9;000100;00;1;0;0000;0000;0000;0000;0000;0000;0000;0000;9999;0099;0000;0000;0000;   ;8207;000000;0000;7900;000000;0000;2224;000000;0000;0000;000000;0000;7641;000000;7619;0001;000000;6881;0400;000000;0000;0060;000000;0000;0000;000000;0000;0000;000000;0000;0000;000000;0000;0000;000000;0000;0000;000000;0000;0000;000000;0000;0000;000000;0000;0000;000000;0000;0000;000000;0000;0000;000000;0000;00;000000000;                                        ;000000000                                                                                                    
0182;0001;8208;30;0000;000000000;ZONA FP EE.UU-AREA FINANCIERA       ;Z. FP EE.UU-AREA FIN;GRAN VIA, 1 - PL. 8                 ;48001;                              ;                              ;0000;999999999;000000000;000000000;00000000;000000;00000000000;00;0000;041095;000000;0000;0000;0000;0000;0000;0000;0000;0000;00;2025-08-06;000000;0;0000;0;0;0;0;0;0;0;0;0;0100;1;0;0;3;0100;1;0;000090;0;0090;0;9;000100;00;1;0;0000;0000;0000;0000;0000;0000;0000;0000;9999;0099;0000;0000;0000;   ;0000;000000;0000;8208;000000;0000;2224;000000;0000;6531;000000;0000;7236;000000;7223;0001;000000;6881;0400;000000;0000;0060;000000;0000;0000;000000;0000;0000;000000;0000;0000;000000;0000;0000;000000;0000;0000;000000;0000;0000;000000;0000;0000;000000;0000;0000;000000;0000;0000;000000;0000;0000;000000;0000;00;000000000;                                        ;000000000                                                                                                    
0182;0001;8209;20;0000;000000000;TESORERIA EE.UU-MM Y CT. ORD.       ;TESO. EE.UU-MM Y CT ;GRAN VIA, 1 - PL. 6                 ;48001;                              ;                              ;0000;999999999;000000000;000000000;00000000;000000;00000000000;00;0000;041095;000000;0000;0000;0000;0000;0000;0000;0000;0000;00;2011-11-07;000000;0;0000;0;0;0;0;0;0;0;0;0;0100;1;0;0;3;0100;1;0;000090;0;0090;0;9;000100;00;1;0;0000;0000;0000;0000;0000;0000;0000;0000;9999;0099;0000;0000;0000;   ;8209;000000;0000;2483;000000;0000;2224;000000;0000;6596;000000;0000;7238;000000;7226;0001;000000;6881;0400;000000;0000;0060;000000;0000;0000;000000;0000;0000;000000;0000;0000;000000;0000;0000;000000;0000;0000;000000;0000;0000;000000;0000;0000;000000;0000;0000;000000;0000;0000;000000;0000;0000;000000;0000;00;000000000;                                        ;000000000                                                                                                    
0182;0001;8212;10;0018;000000000;GLOBAL LENDING LATAM                ;GLOBAL LENDING LATAM;767 FIFTH AVENUE                    ;00000;                              ;                              ;0000;999999999;000000000;000000000;00000000;000000;00000000000;00;0000;041095;000000;0000;0000;0000;0000;0000;0000;0000;0000;00;2011-10-24;250496;1;0000;8;0;0;0;0;0;0;0;0;0102;1;0;2;3;0000;0;0;000090;0;0090;0;9;000100;00;1;0;0000;0000;0000;0000;0000;0000;0000;0000;9999;0099;0000;0000;0000;   ;2512;000000;0000;8206;000000;0000;2224;000000;0000;0000;000000;0000;7627;000000;7612;0001;000000;6881;0400;000000;0000;0060;000000;0000;0000;000000;0000;0000;000000;0000;0000;000000;0000;0000;000000;0000;0001;000000;0000;0208;000000;0000;0000;000000;0000;0000;000000;0000;0000;000000;0000;0000;000000;0000;00;000000000;                                        ;000000000                                                                                                    
0182;0001;8213;10;0018;000000000;COMPLIANCE NY                       ;COMPLIANCE NY       ;767 FIFTH AVENUE                    ;00000;                              ;                              ;0000;128261320;000000000;000000000;00000000;000000;00000000000;00;0000;041095;000000;0000;0000;0000;0000;0000;0000;0000;0000;00;2021-03-25;250496;1;0000;8;0;0;0;0;0;0;0;0;0102;1;0;2;3;0000;0;0;000090;0;0090;0;9;000100;00;1;0;0000;0000;0000;0000;0000;0000;0000;0000;9999;0099;0000;0000;0000;   ;0000;000000;0000;8257;000000;0000;2224;000000;0000;0000;000000;0000;7893;000000;6052;0001;000000;0000;0400;000000;0000;0060;000000;0000;0000;000000;0000;0000;000000;0000;0000;000000;0000;0000;000000;0000;0001;000000;0000;0210;000000;0000;0000;000000;0000;0000;000000;0000;0000;000000;0000;0000;000000;0000;00;000000000;                                        ;000000000                                                                                                    
0182;0001;8214;10;0018;000000000;NUEVA YORK-GRAL. ADMINISTRACION     ;NUEVA YORK-GRAL.ADMO;767 FIFTH AVENUE                    ;00000;                              ;                              ;0000;128261320;000000000;000000000;00000000;000000;00000000000;00;0000;041095;000000;0000;0000;0000;0000;0000;0000;0000;0000;00;2011-10-24;250496;1;0000;8;0;0;0;0;0;0;0;0;0102;1;0;2;3;0000;0;0;000090;0;0090;0;9;000100;00;1;0;0000;0000;0000;0000;0000;0000;0000;0000;9999;0099;0000;0000;0000;   ;0000;000000;0000;8208;000000;0000;2224;000000;0000;6531;000000;0000;7236;000000;7223;0001;000000;6881;0400;000000;0000;0060;000000;0000;0000;000000;0000;0000;000000;0000;0000;000000;0000;0000;000000;0000;0001;000000;0000;0211;000000;0000;0000;000000;0000;0000;000000;0000;0000;000000;0000;0000;000000;0000;00;000000000;                                        ;000000000                                                                                                    
0182;0001;8217;10;0018;000000000;IBF-GTB CFD                         ;IBF-GTB CFD         ;767 FIFTH AVENUE                    ;00000;                              ;                              ;0000;128261320;000000000;000000000;00000000;000000;00000000000;00;0000;041095;000000;0000;0000;0000;0000;0000;0000;0000;0000;00;2012-09-06;250496;1;0000;8;0;0;0;0;0;0;0;0;0102;1;0;2;3;0000;0;0;000090;0;0090;0;9;000100;00;1;0;0000;0000;0000;0000;0000;0000;0000;0000;9999;0099;0000;0000;0000;   ;8207;000000;0000;7900;000000;0000;2224;000000;0000;0000;000000;0000;7641;000000;7619;0001;000000;6881;0400;000000;0000;0060;000000;0000;0000;000000;0000;0000;000000;0000;0000;000000;0000;0000;000000;0000;0001;000000;0000;0214;000000;0000;0000;000000;0000;0000;000000;0000;0000;000000;0000;0000;000000;0000;00;000000000;                                        ;000000000                                                                                                    
0182;0001;8218;10;0018;000000000;GLOBAL LENDING US                   ;GLOBAL LENDING US   ;767 FIFTH AVENUE                    ;00000;                              ;                              ;0000;128261320;000000000;000000000;00000000;000000;00000000000;00;0000;041095;000000;0000;0000;0000;0000;0000;0000;0000;0000;00;2011-10-24;250496;1;0000;8;0;0;0;0;0;0;0;0;0102;1;0;2;3;0000;0;0;000090;0;0090;0;9;000100;00;1;0;0000;0000;0000;0000;0000;0000;0000;0000;9999;0099;0000;0000;0000;   ;8299;000000;0000;8206;000000;0000;2224;000000;0000;0000;000000;0000;7627;000000;7612;0001;000000;6881;0400;000000;0000;0060;000000;0000;0000;000000;0000;0000;000000;0000;0000;000000;0000;0000;000000;0000;0001;000000;0000;0215;000000;0000;0000;000000;0000;0000;000000;0000;0000;000000;0000;0000;000000;0000;00;000000000;                                        ;000000000                                                                                                    
0182;0001;8219;10;0018;000000000;NUEVA YORK (IBF) GRAL.ADMINISTRATION;N.YORK(IBF) G.ADMON.;767 FIFTH AVENUE                    ;00000;                              ;                              ;0000;128261320;000000000;000000000;00000000;000000;00000000000;00;0000;041095;000000;0000;0000;0000;0000;0000;0000;0000;0000;00;2011-10-24;250496;1;0000;8;0;0;0;0;0;0;0;0;0102;1;0;2;3;0000;0;0;000090;0;0090;0;9;000100;00;1;0;0000;0000;0000;0000;0000;0000;0000;0000;9999;0099;0000;0000;0000;   ;0000;000000;0000;8208;000000;0000;2224;000000;0000;6531;000000;0000;7236;000000;7223;0001;000000;6881;0400;000000;0000;0060;000000;0000;0000;000000;0000;0000;000000;0000;0000;000000;0000;0000;000000;0000;0001;000000;0000;0216;000000;0000;0000;000000;0000;0000;000000;0000;0000;000000;0000;0000;000000;0000;00;000000000;                                        ;000000000                                                                                                    
0182;0001;8220;10;0018;000000000;NY PF UNDERWRITING                  ;NY PF UNDERWRITING  ;1345 AVENUE O.THE AMERICAS,45-N.YORK;00000;                              ;                              ;0000;128261320;000000000;000000000;00000000;000000;00000000000;00;0000;041095;000000;0000;0000;0000;0000;0000;0000;0000;0000;00;2025-02-11;250496;1;0000;8;0;0;0;0;0;0;0;0;0102;1;0;2;3;0000;0;0;000090;0;0090;0;9;000000;00;0;0;0000;0000;0000;0000;0000;0000;0000;0000;9999;0099;0000;0000;0000;   ;0000;000000;0000;0000;000000;0000;2224;000000;0000;7649;000000;0000;7871;000000;7612;0001;000000;6881;0400;000000;0000;0060;000000;0000;0000;000000;0000;0000;000000;0000;0000;000000;0000;0000;000000;0000;0001;000000;0000;0217;000000;0000;0000;000000;0000;0000;000000;0000;0000;000000;0000;0000;000000;0000;00;000000000;                                        ;000000000                                                                                                    
0182;0001;8222;10;0018;000000000;GF CL CAPITAL CALLS                 ;GF CL CAPITAL CALLS ;1345 AVENUE O.THE AMERICAS,45-N.YORK;00000;                              ;                              ;0000;128261320;000000000;000000000;00000000;000000;00000000000;00;0000;041095;000000;0000;0000;0000;0000;0000;0000;0000;0000;00;2024-04-09;250496;1;0000;8;0;0;0;0;0;0;0;0;0102;1;0;2;3;0000;0;0;000090;0;0090;0;9;000000;00;0;0;0000;0000;0000;0000;0000;0000;0000;0000;9999;0099;0000;0000;0000;   ;8299;000000;0000;8206;000000;0000;2224;000000;0000;0000;000000;0000;7627;000000;7612;0001;000000;6881;0400;000000;0000;0060;000000;0000;0000;000000;0000;0000;000000;0000;0000;000000;0000;0000;000000;0000;0001;000000;0000;0219;000000;0000;0000;000000;0000;0000;000000;0000;0000;000000;0000;0000;000000;0000;00;000000000;                                        ;000000000                                                                                                    
0182;0001;8224;10;0018;000000000;NY CLIENT ONBOARDING                ;NY CLIENT ONBOARDING;1345 AVENUE O.THE AMERICAS,45-N.YORK;10105;                              ;                              ;0000;128261320;000000000;000000000;00000000;000000;00000000000;00;0000;041095;000000;0000;0000;0000;0000;0000;0000;0000;0000;00;2019-01-11;250496;1;0000;8;0;0;0;0;0;0;0;0;0102;1;0;2;3;0000;0;0;000090;0;0090;0;9;000000;00;0;0;0000;0000;0000;0000;0000;0000;0000;0000;9999;0099;0000;0000;0000;   ;0000;000000;0000;8208;000000;0000;2224;000000;0000;6531;000000;0000;7236;000000;7223;0001;000000;6881;0400;000000;0000;0060;000000;0000;0000;000000;0000;0000;000000;0000;0000;000000;0000;0000;000000;0000;0001;000000;0000;0221;000000;0000;0000;000000;0000;0000;000000;0000;0000;000000;0000;0000;000000;0000;00;000000000;                                        ;000000000                                                                                                    
0182;0001;8225;30;0000;000000000;TB JAPON                            ;TB JAPON            ;GRAN VIA, 1  PL. 8 - BILBAO         ;00000;                              ;                              ;0000;999999999;000000000;000000000;00000000;000000;00000000000;00;0000;041095;000000;0000;0000;0000;0000;0000;0000;0000;0000;00;2011-11-09;000000;0;0000;8;0;0;0;0;0;0;0;0;0100;1;0;0;3;0100;1;0;000090;0;0090;0;9;000100;00;1;0;0000;0000;0000;0000;0000;0000;0000;0000;9999;0099;0000;0000;0000;   ;0000;000000;0000;8225;000000;0000;2226;000000;0000;0000;000000;0000;7723;000000;7721;0001;000000;6038;0732;000000;0000;0060;000000;0000;0000;000000;0000;0000;000000;0000;0000;000000;0000;0000;000000;0000;0000;000000;0000;0000;000000;0000;0000;000000;0000;0000;000000;0000;0000;000000;0000;0000;000000;0000;00;000000000;                                        ;000000000                                                                                                    
0182;0001;8227;20;0000;000000000;STF JAPON                           ;STF JAPON           ;GRAN VIA, 1 - PL. 8                 ;48001;                              ;                              ;0000;999999999;000000000;000000000;00000000;000000;00000000000;00;0000;010605;000000;0000;0000;0000;0000;0000;0000;0000;0000;00;2013-03-14;000000;0;0000;8;0;0;0;0;0;0;0;0;0100;1;0;0;3;0100;1;0;000090;0;0090;0;9;000000;00;0;0;0000;0000;0000;0000;0000;0000;0000;0000;9999;0099;0000;0000;0000;   ;8227;000000;0000;0000;000000;0000;2226;000000;0000;0000;000000;0000;7698;000000;7721;0001;000000;6038;0732;000000;0000;0060;000000;0000;0000;000000;0000;0000;000000;0000;0000;000000;0000;0000;000000;0000;0000;000000;0000;0000;000000;0000;0000;000000;0000;0000;000000;0000;0000;000000;0000;0000;000000;0000;00;000000000;                                        ;000000000                                                                                                    
0182;0001;8228;30;0000;000000000;ZONA FONDOS PROPIOS-JAPON           ;Z.FDOS PROPIOS-JAPON;GRAN VIA, 1 - PL. 8                 ;48001;                              ;                              ;0000;999999999;000000000;000000000;00000000;000000;00000000000;00;0000;041095;000000;0000;0000;0000;0000;0000;0000;0000;0000;00;2011-11-09;000000;0;0000;8;0;0;0;0;0;0;0;0;0100;1;0;0;3;0100;1;0;000090;0;0090;0;9;000100;00;1;0;0000;0000;0000;0000;0000;0000;0000;0000;9999;0099;0000;0000;0000;   ;0000;000000;0000;8228;000000;0000;2226;000000;0000;7895;000000;0000;7773;000000;6212;0001;000000;6038;0732;000000;0000;0060;000000;0000;0000;000000;0000;0000;000000;0000;0000;000000;0000;0000;000000;0000;0000;000000;0000;0000;000000;0000;0000;000000;0000;0000;000000;0000;0000;000000;0000;0000;000000;0000;00;000000000;                                        ;000000000                                                                                                    
0182;0001;8229;20;0000;000000000;TB TESORERIA JAPON                  ;TB TESORERIA JAPON  ;GRAN VIA, 1 - PL. 8                 ;48001;                              ;                              ;0000;999999999;000000000;000000000;00000000;000000;00000000000;00;0000;041095;000000;0000;0000;0000;0000;0000;0000;0000;0000;00;2011-11-07;000000;0;0000;8;0;0;0;0;0;0;0;0;0100;1;0;0;3;0100;1;0;000090;0;0090;0;9;000100;00;1;0;0000;0000;0000;0000;0000;0000;0000;0000;0000;0099;0000;0000;0000;   ;8229;000000;0000;8225;000000;0000;2226;000000;0000;0000;000000;0000;7723;000000;7721;0001;000000;6038;0732;000000;0000;0060;000000;0000;0000;000000;0000;0000;000000;0000;0000;000000;0000;0000;000000;0000;0000;000000;0000;0000;000000;0000;0000;000000;0000;0000;000000;0000;0000;000000;0000;0000;000000;0000;00;000000000;                                        ;000000000                                                                                                    
0182;0001;8231;10;0018;000000000;TK-CORPORATE LENDING                ;TK-CORPORATE LENDING;2-2-2 UCHISAIWAICHO CHIYODA-KU-TOKYO;10011;                              ;                              ;0081;335011061;000000000;000000000;00000000;000000;00000000000;00;0000;041095;000000;0000;0000;0000;0000;0000;0000;0000;0000;00;2011-10-26;010605;1;0000;8;0;0;0;0;0;0;0;0;0102;1;0;2;3;0000;0;0;000090;0;0090;0;9;000000;00;0;0;0000;0000;0000;0000;0000;0000;0000;0000;9999;0099;0000;0000;0000;   ;0000;000000;0000;0000;000000;0000;2226;000000;0000;0000;000000;0000;7672;000000;7657;0001;000000;6038;0732;000000;0000;0060;000000;0000;0000;000000;0000;0000;000000;0000;0000;000000;0000;0000;000000;0000;0000;000000;0000;0302;000000;0000;0000;000000;0000;0000;000000;0000;0000;000000;0000;0000;000000;0000;00;000000000;                                        ;000000000                                                                                                    
0182;0001;8232;10;0018;000000000;CGL COAP TOKIO                      ;CGL COAP TOKIO      ;2-2-2 UCHISAIWAICHO CHIYODA-KU-TOKYO;10011;                              ;                              ;0081;335011061;000000000;000000000;00000000;000000;00000000000;00;0000;240413;000000;0000;0000;0000;0000;0000;0000;0000;0000;00;2013-05-07;240413;1;0000;8;0;0;0;0;0;0;0;0;0102;1;0;2;3;0000;0;0;000090;0;0090;0;9;000000;00;0;0;0000;0000;0000;0000;0000;0000;0000;0000;0000;0099;0000;0000;0000;   ;0000;000000;0000;0000;000000;0000;2226;000000;0000;0000;000000;0000;1852;000000;6052;0001;000000;0000;0732;000000;0000;0060;000000;0000;0000;000000;0000;0000;000000;0000;0000;000000;0000;0000;000000;0000;0001;000000;0000;0303;000000;0000;0000;000000;0000;0000;000000;0000;0000;000000;0000;0000;000000;0000;00;000000000;                                        ;000000000                                                                                                    
0182;0001;8233;10;0018;000000000;TK-GENERAL ANDMINISTR               ;TK-GENERAL ANDMINIST;2-2-2 UCHISAIWAICHO CHIYODA-KU-TOKYO;10011;                              ;                              ;0081;335011061;000000000;000000000;00000000;000000;00000000000;00;0000;041095;000000;0000;0000;0000;0000;0000;0000;0000;0000;00;2011-10-26;010605;1;0000;8;0;0;0;0;0;0;0;0;0102;1;0;2;3;0000;0;0;000090;0;0090;0;9;000000;00;0;0;0000;0000;0000;0000;0000;0000;0000;0000;9999;0099;0000;0000;0000;   ;0000;000000;0000;8228;000000;0000;2226;000000;0000;7895;000000;0000;7773;000000;6212;0001;000000;6038;0732;000000;0000;0060;000000;0000;0000;000000;0000;0000;000000;0000;0000;000000;0000;0000;000000;0000;0000;000000;0000;0304;000000;0000;0000;000000;0000;0000;000000;0000;0000;000000;0000;0000;000000;0000;00;000000000;                                        ;000000000                                                                                                    
0182;0001;8234;30;0000;000000000;TB ALEMANIA                         ;TB ALEMANIA         ;GRAN VIA, 1 - PL. 8                 ;48001;                              ;                              ;0000;999999999;000000000;000000000;00000000;000000;00000000000;00;0000;041095;000000;0000;0000;0000;0000;0000;0000;0000;0000;00;2011-11-09;000000;0;0000;0;0;0;0;0;0;0;0;0;0100;1;0;0;3;0100;1;0;000090;0;0090;0;9;000100;00;1;0;0000;0000;0000;0000;0000;0000;0000;0000;0000;0099;0000;0000;0000;   ;0000;000000;0000;8234;000000;0000;4777;000000;0000;0000;000000;0000;7723;000000;7721;0001;000000;6038;0004;000000;0000;0060;000000;0000;0000;000000;0000;0000;000000;0000;0000;000000;0000;0000;000000;0000;0000;000000;0000;0000;000000;0000;0000;000000;0000;0000;000000;0000;0000;000000;0000;0000;000000;0000;00;000000000;                                        ;000000000                                                                                                    
0182;0001;8236;20;0000;000000000;TB B.MAYOR DIVERS                   ;TB B.MAYOR DIVERS   ;GRAN VIA, 1 - PL. 8                 ;48001;                              ;                              ;0000;999999999;000000000;000000000;00000000;000000;00000000000;00;0000;041095;000000;0000;0000;0000;0000;0000;0000;0000;0000;00;2011-11-07;000000;0;0000;0;0;0;0;0;0;0;0;0;0100;1;0;0;3;0100;1;0;000090;0;0090;0;9;000100;00;1;0;0000;0000;0000;0000;0000;0000;0000;0000;0000;0099;0000;0000;0000;   ;8236;000000;0000;8234;000000;0000;4777;000000;0000;0000;000000;0000;7723;000000;7721;0001;000000;6038;0004;000000;0000;0060;000000;0000;0000;000000;0000;0000;000000;0000;0000;000000;0000;0000;000000;0000;0000;000000;0000;0000;000000;0000;0000;000000;0000;0000;000000;0000;0000;000000;0000;0000;000000;0000;00;000000000;                                        ;000000000                                                                                                    
0182;0001;8237;30;0000;000000000;ZONA MERCADOS-ALEMANIA              ;Z. MERCADOS-ALEMANIA;GRAN VIA, 1 - PL. 8                 ;48001;                              ;                              ;0000;999999999;000000000;000000000;00000000;000000;00000000000;00;0000;041095;000000;0000;0000;0000;0000;0000;0000;0000;0000;00;2011-11-09;000000;0;0000;0;0;0;0;0;0;0;0;0;0100;1;0;0;3;0100;1;0;000090;0;0090;0;9;000100;00;1;0;0000;0000;0000;0000;0000;0000;0000;0000;0000;0099;0000;0000;0000;   ;0000;000000;0000;8237;000000;0000;4777;000000;0000;0000;000000;0000;7770;000000;6213;0001;000000;6038;0004;000000;0000;0060;000000;0000;0000;000000;0000;0000;000000;0000;0000;000000;0000;0000;000000;0000;0000;000000;0000;0000;000000;0000;0000;000000;0000;0000;000000;0000;0000;000000;0000;0000;000000;0000;00;000000000;                                        ;000000000                                                                                                    
0182;0001;8238;30;0000;000000000;ZONA FONDOS PROPIOS ALEMANIA        ;Z.FDOS PROP-ALEMANIA;GRAN VIA, 1 - PL. 8                 ;48001;                              ;                              ;0000;999999999;000000000;000000000;00000000;000000;00000000000;00;0000;041095;000000;0000;0000;0000;0000;0000;0000;0000;0000;00;2011-11-09;000000;0;0000;0;0;0;0;0;0;0;0;0;0100;1;0;0;3;0100;1;0;000090;0;0090;0;9;000100;00;1;0;0000;0000;0000;0000;0000;0000;0000;0000;0000;0099;0000;0000;0000;   ;0000;000000;0000;8238;000000;0000;4777;000000;0000;7895;000000;0000;7773;000000;6212;0001;000000;6038;0004;000000;0000;0060;000000;0000;0000;000000;0000;0000;000000;0000;0000;000000;0000;0000;000000;0000;0000;000000;0000;0000;000000;0000;0000;000000;0000;0000;000000;0000;0000;000000;0000;0000;000000;0000;00;000000000;                                        ;000000000                                                                                                    
0182;0001;8239;20;0000;000000000;TESORERIA-ALEMANIA                  ;TESORERIA-ALEMANIA  ;GRAN VIA, 1 - PL. 8                 ;48001;                              ;                              ;0000;000999999;000000000;000000000;00000000;000000;00000000000;00;0000;041095;000000;0000;0000;0000;0000;0000;0000;0000;0000;00;2011-11-07;000000;0;0000;0;0;0;0;0;0;0;0;0;0100;1;0;0;3;0100;1;0;000090;0;0090;0;9;000100;00;1;0;0000;0000;0000;0000;0000;0000;0000;0000;0000;0099;0000;0000;0000;   ;8239;000000;0000;8237;000000;0000;4777;000000;0000;7771;000000;0000;7770;000000;6213;0001;000000;6038;0004;000000;0000;0060;000000;0000;0000;000000;0000;0000;000000;0000;0000;000000;0000;0000;000000;0000;0000;000000;0000;0000;000000;0000;0000;000000;0000;0000;000000;0000;0000;000000;0000;0000;000000;0000;00;000000000;                                        ;000000000                                                                                                    
0182;0001;8240;10;0018;000000000;GRM LONDON                          ;GRM LONDON          ;108 CANNON STREET                   ;99999;                              ;                              ;0000;999999999;000000000;000000000;00000000;000000;           ;00;0000;191124;000000;0000;0000;0000;0000;0000;0000;0000;0000;00;2024-11-20;191124;1;0000;8;0;0;0;0;0;0;0;0;0102;1;0;2;3;0000;0;0;000090;0;0090;0;9;000100;00;1;0;0000;0000;0000;0000;0000;0000;0000;0000;9999;0099;0000;0000;0000;   ;0000;000000;0000;2434;000000;0000;2223;000000;0000;7895;000000;0000;7773;000000;6212;0001;000000;6038;0006;000000;0000;0060;000000;0000;0000;000000;0000;0000;000000;0000;0000;000000;0000;0000;000000;0000;0001;000000;0000;0726;000000;0000;0000;000000;0000;0000;000000;0000;0000;000000;0000;0000;000000;0000;00;000000000;                                        ;000000000                                                                                                    
0182;0001;8242;10;0018;000000000;TB ALEMANIA                         ;TB ALEMANIA         ;NEUE MAINZER STRASSE,28(FRFURT-MAIN);60311;                              ;                              ;0000;007411326;000000000;007432894;00000000;000000;00000000000;00;0000;041095;000000;0000;0000;0000;0000;0000;0000;0000;0000;00;2017-06-21;250496;1;0000;8;0;0;0;0;0;0;0;0;0102;1;0;2;3;0000;0;0;000090;0;0090;0;9;000000;00;0;0;0000;0000;0000;0000;0000;0000;0000;0000;0000;0000;0000;0000;0000;   ;8236;000000;0000;8234;000000;0000;4777;000000;0000;0000;000000;0000;7723;000000;7721;0001;000000;6038;0004;000000;0000;0060;000000;0000;0000;000000;0000;0000;000000;0000;0000;000000;0000;0000;000000;0000;0001;000000;0000;0511;000000;0000;0000;000000;0000;0000;000000;0000;0000;000000;0000;0000;000000;0000;00;000000000;                                        ;000000000                                                                                                    
0182;0001;8244;10;0018;000000000;FRANKFURT-FONDOS PROPIOS            ;FRANKFURT-FDOS.PROP.;NEUE MAINZER STRASSE,28(FRFURT-MAIN);60311;                              ;                              ;0000;007411326;000000000;007432894;00000000;000000;00000000000;00;0000;041095;000000;0000;0000;0000;0000;0000;0000;0000;0000;00;2011-10-26;250496;1;0000;8;0;0;0;0;0;0;0;0;0102;1;0;2;3;0000;0;0;000090;0;0090;0;9;000000;00;0;0;0000;0000;0000;0000;0000;0000;0000;0000;0000;0000;0000;0000;0000;   ;0000;000000;0000;8238;000000;0000;4777;000000;0000;7895;000000;0000;7773;000000;6212;0001;000000;6038;0004;000000;0000;0060;000000;0000;0000;000000;0000;0000;000000;0000;0000;000000;0000;0000;000000;0000;0001;000000;0000;0513;000000;0000;0000;000000;0000;0000;000000;0000;0000;000000;0000;0000;000000;0000;00;000000000;                                        ;000000000                                                                                                    
0182;0001;8245;30;0000;000000000;ZONA CLIENTES-BELGICA               ;Z.CLIENTES-BELGICA  ;GRAN VIA, 1 PL. 8                   ;48001;                              ;                              ;0000;999999999;000000000;000000000;00000000;000000;00000000000;00;0000;041095;000000;0000;0000;0000;0000;0000;0000;0000;0000;00;2013-03-18;000000;0;0000;0;0;0;0;0;0;0;0;0;0100;1;0;0;0;0000;0;0;000090;0;0090;0;9;000900;00;9;0;0000;0000;0000;0000;0000;0000;0000;0000;9999;0099;0000;0000;0000;   ;0000;000000;0000;8245;000000;0000;2227;000000;0000;7798;000000;0000;7778;000000;6250;0001;000000;6024;0002;000000;0000;0060;000000;0000;0000;000000;0000;0000;000000;0000;0000;000000;0000;0000;000000;0000;0000;000000;0000;0000;000000;0000;0000;000000;0000;0000;000000;0000;0000;000000;0000;0000;000000;0000;00;000000000;                                        ;000000000                                                                                                    
0182;0001;8255;10;0018;000000000;CLIENTE RETAIL                      ;CLIENTE RETAIL      ;1345 AVENUE OF THE AMERICAS, 45     ;10105;                              ;                              ;0000;128261320;000000000;000000000;00000000;000000;00000000000;00;0000;070200;000000;0000;0000;0000;0000;0000;0000;0000;0000;00;2011-10-26;070200;1;0000;8;0;0;0;0;0;0;0;0;0102;1;0;2;3;0000;0;0;000090;0;0090;0;9;000100;00;1;0;0000;0000;0000;0000;0000;0000;0000;0000;9999;0099;0000;0000;0000;   ;8207;000000;0000;7900;000000;0000;2224;000000;0000;0000;000000;0000;7641;000000;7619;0001;000000;6881;0400;000000;0000;0060;000000;0000;0000;000000;0000;0000;000000;0000;0000;000000;0000;0000;000000;0000;0000;000000;0000;0229;000000;0000;0000;000000;0000;0000;000000;0000;0000;000000;0000;0000;000000;0000;00;000000000;                                        ;000000000                                                                                                    
0182;0001;8258;30;0000;000000000;TB SINGAPUR                         ;TB SINGAPUR         ;UOB PLAZA, 1 55-02 80 RAFFLES PLACE ;00000;                              ;                              ;0000;999999999;000000000;000000000;00000000;000000;           ;00;0000;010606;000000;0000;0000;0000;0000;0000;0000;0000;0000;00;2011-11-09;000000;0;0000;8;0;0;0;0;0;0;0;0;0100;1;0;0;3;0000;0;0;000090;0;0090;0;9;000000;00;0;0;0000;0000;0000;0000;0000;0000;0000;0000;9999;0099;0000;0000;0000;   ;0000;000000;0000;8258;000000;0000;7901;000000;0000;0000;000000;0000;7723;000000;7721;0001;000000;6038;0706;000000;0000;0060;000000;0000;0000;000000;0000;0000;000000;0000;0000;000000;0000;0000;000000;0000;0000;000000;0000;0000;000000;0000;0000;000000;0000;0000;000000;0000;0000;000000;0000;0000;000000;0000;00;000000000;                                        ;000000000                                                                                                    
0182;0001;8259;30;0000;000000000;FONDOS PROPIOS SINGAPUR             ;FONDOS PROP.SINGAPUR;UOB PLAZA, 1 55-02 80 RAFFLES PLACE ;00000;                              ;                              ;0000;999999999;000000000;000000000;00000000;000000;           ;00;0000;010606;000000;0000;0000;0000;0000;0000;0000;0000;0000;00;2011-11-09;000000;0;0000;8;0;0;0;0;0;0;0;0;0100;1;0;0;3;0000;0;0;000090;0;0090;0;9;000000;00;0;0;0000;0000;0000;0000;0000;0000;0000;0000;9999;0099;0000;0000;0000;   ;0000;000000;0000;8259;000000;0000;7901;000000;0000;7895;000000;0000;7773;000000;6212;0001;000000;6038;0706;000000;0000;0060;000000;0000;0000;000000;0000;0000;000000;0000;0000;000000;0000;0000;000000;0000;0000;000000;0000;0000;000000;0000;0000;000000;0000;0000;000000;0000;0000;000000;0000;0000;000000;0000;00;000000000;                                        ;000000000                                                                                                    
0182;0001;8265;10;0018;000000000;SG-DBU-STF                          ;SG-DBU-STF          ;UOB PLAZA, 1 55-02 80 RAFFLES PLACE ;00000;                              ;                              ;0000;999999999;000000000;000000000;00000000;000000;           ;00;0000;150606;000000;0000;0000;0000;0000;0000;0000;0000;0000;00;2020-02-19;150606;1;0000;8;0;0;0;0;0;0;0;0;0102;1;0;2;3;0000;0;0;000090;0;0090;0;9;000000;00;0;0;0000;0000;0000;0000;0000;0000;0000;0000;9999;0099;0000;0000;0000;   ;8268;000000;0000;0000;000000;0000;7901;000000;0000;7689;000000;0000;7682;000000;7657;0001;000000;6038;0706;000000;0000;0060;000000;0000;0000;000000;0000;0000;000000;0000;0000;000000;0000;0000;000000;0000;0000;000000;0000;0131;000000;0000;0000;000000;0000;0000;000000;0000;0000;000000;0000;0000;000000;0000;00;000000000;                                        ;000000000                                                                                                    
0182;0001;8266;10;0018;000000000;SG-DBU-TB                           ;SG-DBU-TB           ;UOB PLAZA, 1 55-02 80 RAFFLES PLACE ;00000;                              ;                              ;0000;999999999;000000000;000000000;00000000;000000;           ;00;0000;150606;000000;0000;0000;0000;0000;0000;0000;0000;0000;00;2011-10-26;150606;1;0000;8;0;0;0;0;0;0;0;0;0102;1;0;2;3;0000;0;0;000090;0;0090;0;9;000000;00;0;0;0000;0000;0000;0000;0000;0000;0000;0000;9999;0099;0000;0000;0000;   ;0000;000000;0000;8258;000000;0000;7901;000000;0000;0000;000000;0000;7723;000000;7721;0001;000000;6038;0706;000000;0000;0060;000000;0000;0000;000000;0000;0000;000000;0000;0000;000000;0000;0000;000000;0000;0000;000000;0000;0132;000000;0000;0000;000000;0000;0000;000000;0000;0000;000000;0000;0000;000000;0000;00;000000000;                                        ;000000000                                                                                                    
0182;0001;8268;20;0000;000000000;STF SINGAPUR                        ;STF SINGAPUR        ;GRAN VIA, 1 - PL. 6                 ;48001;                              ;                              ;0000;999999999;000000000;000000000;00000000;000000;           ;00;0000;250707;000000;0000;0000;0000;0000;0000;0000;0000;0000;00;2013-03-14;000000;0;0000;0;0;0;0;0;0;0;0;0;0100;1;0;0;3;0000;0;0;000090;0;0090;0;9;000000;00;0;0;0000;0000;0000;0000;0000;0000;0000;0000;0000;0000;0000;0000;0000;   ;8268;000000;0000;0000;000000;0000;7901;000000;0000;0000;000000;0000;7698;000000;7721;0001;000000;6038;0706;000000;0000;0060;000000;0000;0000;000000;0000;0000;000000;0000;0000;000000;0000;0000;000000;0000;0000;000000;0000;0000;000000;0000;0000;000000;0000;0000;000000;0000;0000;000000;0000;0000;000000;0000;00;000000000;                                        ;000000000                                                                                                    
0182;0001;8269;10;0018;000000000;SG-ACU-STF                          ;SG-ACU-STF          ;UOB PLAZA, 1 55-02 80 RAFFLES PLACE ;00000;                              ;                              ;0000;999999999;000000000;000000000;00000000;000000;           ;00;0000;150606;000000;0000;0000;0000;0000;0000;0000;0000;0000;00;2020-02-19;150606;1;0000;8;0;0;0;0;0;0;0;0;0102;1;0;2;3;0000;0;0;000090;0;0090;0;9;000000;00;0;0;0000;0000;0000;0000;0000;0000;0000;0000;9999;0099;0000;0000;0000;   ;8268;000000;0000;0000;000000;0000;7901;000000;0000;7689;000000;0000;7682;000000;7657;0001;000000;6038;0706;000000;0000;0060;000000;0000;0000;000000;0000;0000;000000;0000;0000;000000;0000;0000;000000;0000;0000;000000;0000;0141;000000;0000;0000;000000;0000;0000;000000;0000;0000;000000;0000;0000;000000;0000;00;000000000;                                        ;000000000                                                                                                    
0182;0001;8270;10;0018;000000000;SG-ACU-TB                           ;SG-ACU-TB           ;UOB PLAZA, 1 55-02 80 RAFFLES PLACE ;00000;                              ;                              ;0000;999999999;000000000;000000000;00000000;000000;           ;00;0000;150606;000000;0000;0000;0000;0000;0000;0000;0000;0000;00;2011-10-26;150606;1;0000;8;0;0;0;0;0;0;0;0;0102;1;0;2;3;0000;0;0;000090;0;0090;0;9;000000;00;0;0;0000;0000;0000;0000;0000;0000;0000;0000;9999;0099;0000;0000;0000;   ;0000;000000;0000;8258;000000;0000;7901;000000;0000;0000;000000;0000;7723;000000;7721;0001;000000;6038;0706;000000;0000;0060;000000;0000;0000;000000;0000;0000;000000;0000;0000;000000;0000;0000;000000;0000;0000;000000;0000;0142;000000;0000;0000;000000;0000;0000;000000;0000;0000;000000;0000;0000;000000;0000;00;000000000;                                        ;000000000                                                                                                    
0182;0001;8271;10;0018;000000000;SG-DBU-GENERAL ANDMINISTR           ;SG-DBU-GENERAL ANDMI;UOB PLAZA, 1 55-02 80 RAFFLES PLACE ;00000;                              ;                              ;0000;999999999;000000000;000000000;00000000;000000;           ;00;0000;150606;000000;0000;0000;0000;0000;0000;0000;0000;0000;00;2011-10-26;150606;1;0000;8;0;0;0;0;0;0;0;0;0102;1;0;2;3;0000;0;0;000090;0;0090;0;9;000000;00;0;0;0000;0000;0000;0000;0000;0000;0000;0000;9999;0099;0000;0000;0000;   ;0000;000000;0000;8259;000000;0000;7901;000000;0000;7895;000000;0000;7773;000000;6212;0001;000000;6038;0706;000000;0000;0060;000000;0000;0000;000000;0000;0000;000000;0000;0000;000000;0000;0000;000000;0000;0000;000000;0000;0133;000000;0000;0000;000000;0000;0000;000000;0000;0000;000000;0000;0000;000000;0000;00;000000000;                                        ;000000000                                                                                                    
0182;0001;8272;10;0018;000000000;SG-ACU-GENERAL ANDMINISTR           ;SG-ACU-GENERAL ANDMI;UOB PLAZA, 1 55-02 80 RAFFLES PLACE ;00000;                              ;                              ;0000;999999999;000000000;000000000;00000000;000000;           ;00;0000;150606;000000;0000;0000;0000;0000;0000;0000;0000;0000;00;2011-10-26;150606;1;0000;8;0;0;0;0;0;0;0;0;0102;1;0;2;3;0000;0;0;000090;0;0090;0;9;000000;00;0;0;0000;0000;0000;0000;0000;0000;0000;0000;9999;0099;0000;0000;0000;   ;0000;000000;0000;8259;000000;0000;7901;000000;0000;7895;000000;0000;7773;000000;6212;0001;000000;6038;0706;000000;0000;0060;000000;0000;0000;000000;0000;0000;000000;0000;0000;000000;0000;0000;000000;0000;0000;000000;0000;0143;000000;0000;0000;000000;0000;0000;000000;0000;0000;000000;0000;0000;000000;0000;00;000000000;                                        ;000000000                                                                                                    
0182;0001;8273;10;0018;000000000;SG-ACU-CORPORATE LENDING            ;SG-ACU-CORPORATE LEN;UOB PLAZA, 1 55-02 80 RAFFLES PLACE ;00000;                              ;                              ;0000;999999999;000000000;000000000;00000000;000000;           ;00;0000;211206;000000;0000;0000;0000;0000;0000;0000;0000;0000;00;2011-10-26;221206;1;0000;8;0;0;0;0;0;0;0;0;0102;1;0;2;3;0000;0;0;000090;0;0090;0;9;000000;00;0;0;0000;0000;0000;0000;0000;0000;0000;0000;9999;0099;0000;0000;0000;   ;0000;000000;0000;0000;000000;0000;7901;000000;0000;0000;000000;0000;7672;000000;7657;0001;000000;6038;0706;000000;0000;0060;000000;0000;0000;000000;0000;0000;000000;0000;0000;000000;0000;0000;000000;0000;0000;000000;0000;0144;000000;0000;0000;000000;0000;0000;000000;0000;0000;000000;0000;0000;000000;0000;00;000000000;                                        ;000000000                                                                                                    
0182;0001;8274;10;0018;000000000;SG-DBU-CORPORATE LENDING            ;SG-DBU-CORPORATE LEN;UOB PLAZA, 1 55-02 80 RAFFLES PLACE ;00000;                              ;                              ;0000;999999999;000000000;000000000;00000000;000000;           ;00;0000;211206;000000;0000;0000;0000;0000;0000;0000;0000;0000;00;2011-10-26;221206;1;0000;8;0;0;0;0;0;0;0;0;0102;1;0;2;3;0000;0;0;000090;0;0090;0;9;000000;00;0;0;0000;0000;0000;0000;0000;0000;0000;0000;9999;0099;0000;0000;0000;   ;0000;000000;0000;0000;000000;0000;7901;000000;0000;0000;000000;0000;7672;000000;7657;0001;000000;6038;0706;000000;0000;0060;000000;0000;0000;000000;0000;0000;000000;0000;0000;000000;0000;0000;000000;0000;0000;000000;0000;0145;000000;0000;0000;000000;0000;0000;000000;0000;0000;000000;0000;0000;000000;0000;00;000000000;                                        ;000000000                                                                                                    
0182;0001;8281;10;0018;000000000;NUEVA YORK - CONTADO Y PLAZO        ;N.YORK-CONTADO PLAZO;1345 AVENUE O.THE AMERICAS,45-N.YORK;10105;                              ;                              ;0000;128261320;000000000;127553822;00000000;000000;00000000000;00;0000;190796;000000;0000;0000;0000;0000;0000;0000;0000;0000;00;2011-10-26;190796;1;0000;8;0;0;0;0;0;0;0;0;0102;1;0;2;3;0000;0;0;000090;0;0090;0;9;000100;00;1;0;0000;0000;0000;0000;0000;0000;0000;0000;9999;0099;0000;0000;0000;   ;8283;000000;0000;2489;000000;0000;2224;000000;0000;7859;000000;0000;7238;000000;7226;0001;000000;6881;0400;000000;0000;0060;000000;0000;0000;000000;0000;0000;000000;0000;0000;000000;0000;0000;000000;0000;0000;000000;0000;0222;000000;0000;0000;000000;0000;0000;000000;0000;0000;000000;0000;0000;000000;0000;00;000000000;                                        ;000000000                                                                                                    
0182;0001;8282;10;0018;000000000;NUEVA YORK - OPCIONES EN DIVISAS    ;N.YORK-OPCION.DIVISA;1345 AVENUE O.THE AMERICAS,45-N.YORK;10105;                              ;                              ;0000;128261320;000000000;000000000;00000000;000000;00000000000;00;0000;190796;000000;0000;0000;0000;0000;0000;0000;0000;0000;00;2011-10-26;190796;1;0000;8;0;0;0;0;0;0;0;0;0102;1;0;2;3;0000;0;0;000090;0;0090;0;9;000100;00;1;0;0000;0000;0000;0000;0000;0000;0000;0000;9999;0099;0000;0000;0000;   ;8283;000000;0000;2489;000000;0000;2224;000000;0000;7859;000000;0000;7238;000000;7226;0001;000000;6881;0400;000000;0000;0060;000000;0000;0000;000000;0000;0000;000000;0000;0000;000000;0000;0000;000000;0000;0000;000000;0000;0223;000000;0000;0000;000000;0000;0000;000000;0000;0000;000000;0000;0000;000000;0000;00;000000000;                                        ;000000000                                                                                                    
0182;0001;8283;20;0000;000000000;MESA FOREX - EE.UU.                 ;MESA FOREX - EE.UU. ;GRAN VIA, 1 - PL. 6                 ;48001;                              ;                              ;0000;999999999;000000000;000000000;00000000;000000;00000000000;00;0000;190796;000000;0000;0000;0000;0000;0000;0000;0000;0000;00;2011-11-07;000000;0;0000;0;0;0;0;0;0;0;0;0;0100;1;0;0;3;0100;1;0;000090;0;0090;0;9;000100;00;1;0;0000;0000;0000;0000;0000;0000;0000;0000;9999;0099;0000;0000;0000;   ;8283;000000;0000;2489;000000;0000;2224;000000;0000;7859;000000;0000;7238;000000;7226;0001;000000;6881;0400;000000;0000;0060;000000;0000;0000;000000;0000;0000;000000;0000;0000;000000;0000;0000;000000;0000;0000;000000;0000;0000;000000;0000;0000;000000;0000;0000;000000;0000;0000;000000;0000;0000;000000;0000;00;000000000;                                        ;000000000                                                                                                    
0182;0001;8284;10;0018;000000000;GM - STRUCTURED NOTES               ;GM -STRUCTURED NOTES;1345 AVENUE O.THE AMERICAS,45-N.YORK;10105;                              ;                              ;0000;128261320;000000000;000000000;00000000;000000;00000000000;00;0000;141296;000000;0000;0000;0000;0000;0000;0000;0000;0000;00;2021-02-26;141296;1;0000;8;0;0;0;0;0;0;0;0;0102;1;0;2;3;0000;0;0;000090;0;0090;0;9;000000;00;0;0;0000;0000;0000;0000;0000;0000;0000;0000;9999;0099;0000;0000;0000;   ;8209;000000;0000;2483;000000;0000;2224;000000;0000;6596;000000;0000;7238;000000;7226;0001;000000;6881;0400;000000;0000;0060;000000;0000;0000;000000;0000;0000;000000;0000;0000;000000;0000;0000;000000;0000;0000;000000;0000;0224;000000;0000;0000;000000;0000;0000;000000;0000;0000;000000;0000;0000;000000;0000;00;000000000;                                        ;000000000                                                                                                    
0182;0001;8285;10;0018;000000000;STF LATAM                           ;STF LATAM           ;1345 AVENUE O.THE AMERICAS,45-N.YORK;10105;                              ;                              ;0000;128261320;000000000;000000000;00000000;000000;00000000000;00;0000;141296;000000;0000;0000;0000;0000;0000;0000;0000;0000;00;2020-02-19;141296;1;0000;8;0;0;0;0;0;0;0;0;0102;1;0;2;3;0000;0;0;000090;0;0090;0;9;000100;00;1;0;0000;0000;0000;0000;0000;0000;0000;0000;9999;0099;0000;0000;0000;   ;8286;000000;0000;0000;000000;0000;2224;000000;0000;7649;000000;0000;7871;000000;7612;0001;000000;6881;0400;000000;0000;0060;000000;0000;0000;000000;0000;0000;000000;0000;0000;000000;0000;0000;000000;0000;0000;000000;0000;0226;000000;0000;0000;000000;0000;0000;000000;0000;0000;000000;0000;0000;000000;0000;00;000000000;                                        ;000000000                                                                                                    
0182;0001;8286;20;0000;000000000;STF EE UU                           ;STF EE UU           ;GRAN VIA, 1 - PL. 6                 ;48001;                              ;                              ;0000;999999999;000000000;000000000;00000000;000000;00000000000;00;0000;070297;000000;0000;0000;0000;0000;0000;0000;0000;0000;00;2013-03-14;000000;0;0000;0;0;0;0;0;0;0;0;0;0100;1;0;0;3;0000;0;0;000090;0;0090;0;9;000100;00;1;0;0000;0000;0000;0000;0000;0000;0000;0000;9999;0099;0000;0000;0000;   ;8286;000000;0000;0000;000000;0000;0000;000000;0000;0000;000000;0000;7651;000000;7619;0001;000000;6881;0400;000000;0000;0060;000000;0000;0000;000000;0000;0000;000000;0000;0000;000000;0000;0000;000000;0000;0000;000000;0000;0000;000000;0000;0000;000000;0000;0000;000000;0000;0000;000000;0000;0000;000000;0000;00;000000000;                                        ;000000000                                                                                                    
0182;0001;8288;10;0018;000000000;CASH MANAGEMENT                     ;CASH MANAGEMENT     ;1345 AVENUE O.THE AMERICAS,45-N.YORK;10105;                              ;                              ;0000;128261320;000000000;000000000;00000000;000000;00000000000;00;0000;260297;000000;0000;0000;0000;0000;0000;0000;0000;0000;00;2011-10-26;260297;1;0000;8;0;0;0;0;0;0;0;0;0102;1;0;2;3;0000;0;0;000090;0;0090;0;9;000100;00;1;0;0000;0000;0000;0000;0000;0000;0000;0000;9999;0099;0000;0000;0000;   ;8290;000000;0000;7900;000000;0000;2224;000000;0000;0000;000000;0000;7641;000000;7619;0001;000000;6881;0400;000000;0000;0060;000000;0000;0000;000000;0000;0000;000000;0000;0000;000000;0000;0000;000000;0000;0001;000000;0000;0227;000000;0000;0000;000000;0000;0000;000000;0000;0000;000000;0000;0000;000000;0000;00;000000000;                                        ;000000000                                                                                                    
0182;0001;8289;10;0018;000000000;NY GTB CFDUS                        ;NY GTB CFDUS        ;1345 AVENUE O.THE AMERICAS,45-N.YORK;10105;                              ;                              ;0000;128261320;000000000;000000000;00000000;000000;00000000000;00;0000;260297;000000;0000;0000;0000;0000;0000;0000;0000;0000;00;2019-01-11;260297;1;0000;8;0;0;0;0;0;0;0;0;0102;1;0;2;3;0000;0;0;000090;0;0090;0;9;000000;00;0;0;0000;0000;0000;0000;0000;0000;0000;0000;9999;0099;0000;0000;0000;   ;8207;000000;0000;7900;000000;0000;2224;000000;0000;0000;000000;0000;7641;000000;7619;0001;000000;6881;0400;000000;0000;0060;000000;0000;0000;000000;0000;0000;000000;0000;0000;000000;0000;0000;000000;0000;0001;000000;0000;0228;000000;0000;0000;000000;0000;0000;000000;0000;0000;000000;0000;0000;000000;0000;00;000000000;                                        ;000000000                                                                                                    
0182;0001;8296;10;0018;000000000;HK-EXPANSION CORPORATIVA            ;HK-EXPAN.CORPORATIVA;43/F.TWO INT.FIN.CENT. 8 FINANCE ST ;00000;                              ;                              ;0000;025823131;000000000;000000000;00000000;000000;           ;00;0000;161111;000000;0000;0000;0000;0000;0000;0000;0000;0000;00;2014-08-12;161111;1;0000;8;0;0;0;0;0;0;0;0;0102;1;0;2;3;0000;0;0;000090;0;0090;0;9;000000;00;0;0;0000;0000;0000;0000;0000;0000;0000;0000;0000;0000;0000;0000;0000;   ;0000;000000;0000;8300;000000;0000;7758;000000;0000;0000;000000;0000;7893;000000;6052;0001;000000;0000;0740;000000;0000;0060;000000;0000;0000;000000;0000;0000;000000;0000;0000;000000;0000;0000;000000;0000;0000;000000;0000;0537;000000;0000;0000;000000;0000;0000;000000;0000;0000;000000;0000;0000;000000;0000;00;000000000;                                        ;000000000                                                                                                    
0182;0001;8320;10;0036;170790005;GIRONA - CAMPCARDOS                 ;GIRONA - CAMPCARDOS ;CAMPCARDOS, 33                      ;17006;                              ;                              ;0000;972400053;000000000;000000000;00000000;000000;           ;00;0000;030513;000000;0000;0000;0000;0000;0000;0000;0000;0000;00;2020-02-11;030513;1;0000;0;0;0;0;0;0;0;0;0;1101;1;0;1;1;0003;0;0;310010;1;0010;0;1;008118;08;1;1;8320;2542;0182;6252;0000;0000;0182;0027;0039;0035;0000;0000;2770;   ;5202;000000;0000;9920;000000;0000;0000;000000;0000;8302;000000;6055;0013;000000;6250;0001;000000;6024;0011;000000;0000;0060;000000;0000;0009;000000;8593;0017;000000;0000;0800;000000;0000;6352;000000;0000;0007;000000;6252;0000;110220;0011;0000;000000;0002;5855;000000;0000;8811;000000;5207;0000;000000;0000;03;000000000;G018320A@BBVA.COM                       ;000000000                                                                                                    
0182;0001;8335;10;0019;280790001;C.P. RED OFICINAS                   ;C.P. RED OFICINAS   ;VIA DE LOS POBLADOS S/N.            ;28001;                              ;                              ;0000;915376835;619098142;915375181;00000000;000000;           ;00;0000;210205;000000;0000;0000;0000;0000;0000;0000;0000;0000;00;2023-01-10;210205;1;0000;0;0;0;0;0;0;0;0;0;0101;1;0;1;1;0003;0;0;310010;1;0010;0;1;000116;00;1;1;6473;2528;0000;0000;0000;0000;0182;0027;0039;0014;0000;0000;4000;   ;0000;000000;0000;8029;000000;0000;0000;000000;0000;8003;000000;8002;0013;000000;6250;0001;000000;6024;0011;000000;0000;0060;000000;0000;0012;000000;8598;0028;000000;0000;0985;000000;0000;6352;000000;0000;0000;000000;0000;0000;241121;0011;0000;000000;0000;5856;000000;0000;8813;000000;8823;0000;000000;0000;00;000000000;                                        ;000000000                                                                                                    
0182;0001;8341;10;0018;000000000;CAPITAL CALLS- FRANCIA              ;CAPITAL CALLS- FRA  ;15 RUE D'ARGENTEUIL                 ;99999;                              ;                              ;0000;999999999;000000000;000000000;00000000;000000;           ;00;0000;191224;000000;0000;0000;0000;0000;0000;0000;0000;0000;00;2024-12-20;191224;1;0000;8;0;0;0;0;0;0;0;0;0102;1;0;2;3;0000;0;0;000090;0;0090;0;9;000100;00;1;0;0000;0000;0000;0000;0000;0000;0000;0000;9999;0099;0000;0000;0000;   ;0000;000000;0000;0000;000000;0000;2221;000000;0000;0000;000000;0000;7672;000000;7657;0001;000000;6038;0001;000000;0000;0060;000000;0000;0000;000000;0000;0000;000000;0000;0000;000000;0000;0000;000000;0000;0001;000000;0000;0465;000000;0000;0000;000000;0000;0000;000000;0000;0000;000000;0000;0000;000000;0000;00;000000000;                                        ;000000000                                                                                                    
0182;0001;8342;10;0018;000000000;UW- FRANCIA                         ;UW- FRANCIA         ;15 RUE D'ARGENTEUIL                 ;99999;                              ;                              ;0000;999999999;000000000;000000000;00000000;000000;           ;00;0000;191224;000000;0000;0000;0000;0000;0000;0000;0000;0000;00;2024-12-20;191224;1;0000;8;0;0;0;0;0;0;0;0;0102;1;0;2;3;0000;0;0;000090;0;0090;0;9;000100;00;1;0;0000;0000;0000;0000;0000;0000;0000;0000;9999;0099;0000;0000;0000;   ;0000;000000;0000;0000;000000;0000;2221;000000;0000;0000;000000;0000;7682;000000;7657;0001;000000;6038;0001;000000;0000;0060;000000;0000;0000;000000;0000;0000;000000;0000;0000;000000;0000;0000;000000;0000;0001;000000;0000;0466;000000;0000;0000;000000;0000;0000;000000;0000;0000;000000;0000;0000;000000;0000;00;000000000;                                        ;000000000                                                                                                    
0182;0001;8360;58;0000;000000000;BANCA EUROPA                        ;BANCA EUROPA        ;S.D                                 ;99999;                              ;                              ;0000;213117200;000000000;000000000;00000000;000000;           ;00;0000;030621;000000;0000;0000;0000;0000;0000;0000;0000;0000;00;2021-06-03;000000;0;0000;0;0;0;0;0;0;0;0;0;0100;1;0;0;0;0000;0;0;000090;0;0090;0;9;000000;00;0;0;0000;0000;0000;0000;0000;0000;0000;0000;0000;0000;0000;0000;0000;   ;0000;000000;0000;0000;000000;0000;0000;000000;0000;0000;000000;0000;3080;000000;0000;0001;000000;0000;0010;000000;0000;0000;000000;0000;0000;000000;8360;0000;000000;0000;0000;000000;0000;0000;000000;0000;0000;000000;0000;0000;000000;0000;0000;000000;0000;0000;000000;0000;0000;000000;0000;0000;000000;0000;00;000000000;                                        ;000000000                                                                                                    
0182;0001;8364;10;0018;000000000;MENA - FINANC COMERCIAL ESTRUCTURADO;MENA - FIN COM ESTR ;CORSO GIACOMO MATTEOTTI 12          ;20121;                              ;                              ;0000;999999999;000000000;000000000;00000000;000000;           ;00;0000;010425;000000;0000;0000;0000;0000;0000;0000;0000;0000;00;2025-04-02;010425;1;0000;8;0;0;0;0;0;0;0;0;0102;1;0;2;3;0000;0;0;000090;0;0090;0;9;000100;00;1;0;0000;0000;0000;0000;0000;0000;0000;0000;9999;0099;0000;0000;0000;   ;2476;000000;0000;0000;000000;0000;2222;000000;0000;7689;000000;0000;7682;000000;7657;0001;000000;6038;0005;000000;0000;0060;000000;0000;0000;000000;0000;0000;000000;0000;0000;000000;0000;0000;000000;0000;0000;000000;0000;0464;000000;0000;0000;000000;0000;0000;000000;0000;0000;000000;0000;0000;000000;0000;00;000000000;                                        ;000000000                                                                                                    
0182;0001;8368;30;0000;350160024;ZONA B.PERSONAL DT CANARIAS         ;Z.B.PERS.DT CANARIAS;ALBAREDA, 6 PLTA5                   ;35008;                              ;                              ;0000;928451500;000000000;928271411;00000000;000000;           ;00;0000;221107;000000;0000;0000;0000;0000;0000;0000;0000;0000;00;2021-12-01;000000;0;0000;0;0;0;0;0;0;0;0;0;0100;1;0;0;1;0000;0;0;000090;0;0090;0;9;000000;00;0;0;0000;2536;0000;0000;0000;0000;0182;0027;0039;0050;0000;0000;0000;   ;0000;000000;0000;8368;000000;0000;0000;000000;0000;0063;000000;6055;0013;000000;6250;0001;000000;6024;0011;000000;0000;0060;000000;0000;0005;000000;0000;0000;000000;0000;1989;000000;0000;6352;000000;0000;0000;000000;0000;0000;000000;0000;0000;000000;0000;0000;000000;0000;8812;000000;8822;0000;000000;0000;00;000000000;                                        ;000000000                                                                                                    
0182;0001;8373;10;0018;000000000;LEVERAGE UK                         ;LEVERAGE UK         ;108 CANNON STREET                   ;99999;                              ;                              ;0000;999999999;000000000;000000000;00000000;000000;           ;00;0000;270525;000000;0000;0000;0000;0000;0000;0000;0000;0000;00;2025-05-27;270525;1;0000;8;0;0;0;0;0;0;0;0;0102;1;0;2;3;0000;0;0;000090;0;0090;0;9;000100;00;1;0;0000;0000;0000;0000;0000;0000;0000;0000;9999;0099;0000;0000;0000;   ;0000;000000;0000;0000;000000;0000;2223;000000;0000;0000;000000;0000;7672;000000;7657;0001;000000;6038;0006;000000;0000;0060;000000;0000;0000;000000;0000;0000;000000;0000;0000;000000;0000;0000;000000;0000;0001;000000;0000;0400;000000;0000;0000;000000;0000;0000;000000;0000;0000;000000;0000;0000;000000;0000;00;000000000;                                        ;000000000                                                                                                    
0182;0001;8374;10;0018;000000000;M&A UK                              ;M&A UK              ;108 CANNON STREET                   ;99999;                              ;                              ;0000;999999999;000000000;000000000;00000000;000000;           ;00;0000;270525;000000;0000;0000;0000;0000;0000;0000;0000;0000;00;2025-05-27;270525;1;0000;8;0;0;0;0;0;0;0;0;0102;1;0;2;3;0000;0;0;000090;0;0090;0;9;000100;00;1;0;0000;0000;0000;0000;0000;0000;0000;0000;9999;0099;0000;0000;0000;   ;0000;000000;0000;0000;000000;0000;2223;000000;0000;0000;000000;0000;7672;000000;7657;0001;000000;6038;0006;000000;0000;0060;000000;0000;0000;000000;0000;0000;000000;0000;0000;000000;0000;0000;000000;0000;0001;000000;0000;0401;000000;0000;0000;000000;0000;0000;000000;0000;0000;000000;0000;0000;000000;0000;00;000000000;                                        ;000000000                                                                                                    
0182;0001;8378;58;0000;000000000;CGL                                 ;CGL                 ;S.D                                 ;99999;                              ;                              ;0000;213117200;000000000;000000000;00000000;000000;           ;00;0000;030621;000000;0000;0000;0000;0000;0000;0000;0000;0000;00;2021-06-03;000000;0;0000;0;0;0;0;0;0;0;0;0;0100;1;0;0;0;0000;0;0;000090;0;0090;0;9;000000;00;0;0;0000;0000;0000;0000;0000;0000;0000;0000;0000;0000;0000;0000;0000;   ;0000;000000;0000;0000;000000;0000;0000;000000;0000;0000;000000;0000;3080;000000;0000;0001;000000;0000;0010;000000;0000;0000;000000;0000;0000;000000;8378;0000;000000;0000;0000;000000;0000;0000;000000;0000;0000;000000;0000;0000;000000;0000;0000;000000;0000;0000;000000;0000;0000;000000;0000;0000;000000;0000;00;000000000;                                        ;000000000                                                                                                    
0182;0001;8388;58;0000;000000000;CIB                                 ;CIB                 ;S.D                                 ;99999;                              ;                              ;0000;213117200;000000000;000000000;00000000;000000;           ;00;0000;030621;000000;0000;0000;0000;0000;0000;0000;0000;0000;00;2021-06-03;000000;0;0000;0;0;0;0;0;0;0;0;0;0100;1;0;0;0;0000;0;0;000090;0;0090;0;9;000000;00;0;0;0000;0000;0000;0000;0000;0000;0000;0000;0000;0000;0000;0000;0000;   ;0000;000000;0000;0000;000000;0000;0000;000000;0000;0000;000000;0000;3080;000000;0000;0001;000000;0000;0010;000000;0000;0000;000000;0000;0000;000000;8388;0000;000000;0000;0000;000000;0000;0000;000000;0000;0000;000000;0000;0000;000000;0000;0000;000000;0000;0000;000000;0000;0000;000000;0000;0000;000000;0000;00;000000000;                                        ;000000000                                                                                                    
0182;0001;8406;50;0000;350160024;CBI CANARIAS                        ;CBI CANARIAS        ;ALBAREDA, 6                         ;35008;                              ;                              ;0000;928451643;000000000;000000000;00000000;000000;           ;00;9720;200906;000000;0000;0000;0000;0000;0000;0000;0000;0000;00;2019-01-02;000000;0;0060;0;0;0;0;0;0;0;0;0;0100;1;0;0;1;0010;0;1;000090;0;0090;0;9;000000;00;0;0;0000;0000;0000;0000;0000;0000;0000;0000;0000;0000;0000;0000;0000;   ;0000;000000;0000;0000;000000;0000;0000;000000;0000;8406;000000;8417;0088;000000;6051;0001;000000;6024;0011;000000;0000;0060;000000;0000;0005;000000;8597;0000;000000;0000;0000;000000;0000;0000;000000;0000;0000;000000;0000;0000;000000;0000;0000;000000;0000;0000;000000;0000;0000;000000;0000;0000;000000;0000;00;000000000;                                        ;000000000                                                                                                    
0182;0001;8417;55;0000;350160024;D.R. BEC-CANARIAS                   ;D.R.BEC-CANARIAS    ;ALBAREDA, 6                         ;35008;                              ;                              ;0000;999999999;000000000;000000000;00000000;000000;           ;00;0000;150906;000000;0000;0000;0000;0000;0000;0000;0000;0000;00;2022-03-09;000000;0;0060;0;0;0;0;0;0;0;0;0;0100;1;0;0;1;0010;0;1;000090;0;0090;0;9;000000;00;0;0;0000;0000;0000;0000;0000;0000;0000;0000;0000;0000;0000;0000;0000;   ;0000;000000;0000;0000;000000;0000;0000;000000;0000;0000;000000;8417;0000;000000;6051;0001;000000;6024;0011;000000;0000;0060;000000;0000;0005;000000;8597;0000;000000;0000;0000;000000;0000;0000;000000;0000;0000;000000;0000;0000;000000;0000;0000;000000;0000;0000;000000;0000;0000;000000;0000;0000;000000;0000;00;000000000;                                        ;000000000                                                                                                    
0182;0001;8418;55;0000;000000000;D.R.BEC-COMPLEMENTO BBVA            ;D.R.BEC-COMPL. BBVA ;S.D.                                ;00000;                              ;                              ;0000;999999999;000000000;000000000;00000000;000000;           ;00;0000;150906;000000;0000;0000;0000;0000;0000;0000;0000;0000;00;2011-11-23;000000;0;0000;0;0;0;0;0;0;0;0;0;0100;1;0;0;1;0000;0;0;000090;0;0090;0;9;000000;00;0;0;0000;0000;0000;0000;0000;0000;0000;0000;0000;0000;0000;0000;0000;   ;0000;000000;0000;0000;000000;0000;0000;000000;0000;0000;000000;8418;0000;000000;6051;0001;000000;6024;0011;000000;0000;0060;000000;0000;0000;000000;8598;0000;000000;0000;0000;000000;0000;0000;000000;0000;0000;000000;0000;0000;000000;0000;0000;000000;0000;0000;000000;0000;0000;000000;0000;0000;000000;0000;00;000000000;                                        ;000000000                                                                                                    
0182;0001;8419;40;0000;000000000;DIRECCION RED (CAT-00)              ;DIR.RED(CAT-00)     ;S.D.                                ;00000;                              ;                              ;0000;999999999;000000000;000000000;00000000;000000;           ;00;0000;150906;000000;0000;0000;0000;0000;0000;0000;0000;0000;00;2013-09-04;000000;0;0060;0;0;0;0;0;0;0;0;0;0100;1;0;0;1;0000;0;0;000090;0;0090;0;9;000000;00;0;0;0000;0000;0000;0000;0000;0000;0000;0000;0000;0000;0000;0000;0000;   ;0000;000000;0000;0000;000000;0000;8419;000000;0000;0000;000000;8413;0000;000000;6051;0001;000000;6024;0011;000000;0000;0060;000000;0000;0000;000000;8593;0000;000000;0000;0000;000000;0000;0000;000000;0000;0000;000000;0000;0000;000000;0000;0000;000000;0000;0000;000000;0000;0000;000000;0000;0000;000000;0000;00;000000000;                                        ;000000000                                                                                                    
0182;0001;8420;40;0000;000000000;PM INSTITUCIONES OFI DIGITAL        ;PM INST OFI DIGITAL ;S.D.                                ;99999;                              ;                              ;0000;999999999;000000000;000000000;00000000;000000;           ;00;0000;010621;000000;0000;0000;0000;0000;0000;0000;0000;0000;00;2021-06-03;000000;0;0000;0;0;0;0;0;0;0;0;0;0100;1;0;0;1;0000;0;0;000090;0;0090;0;9;000000;00;0;0;0000;0000;0000;0000;0000;0000;0000;0000;0000;0000;0000;0000;0000;   ;0000;000000;0000;0000;000000;0000;8420;000000;0000;0000;000000;0000;0000;000000;0000;0000;000000;0000;0011;000000;0000;0060;000000;0000;0000;000000;0000;0000;000000;0000;0000;000000;0000;0000;000000;0000;0000;000000;0000;0000;000000;0000;0000;000000;0000;0000;000000;0000;0000;000000;0000;0000;000000;0000;00;000000000;                                        ;000000000                                                                                                    
0182;0001;8421;40;0000;000000000;DIRECCION RED (CAT-02)              ;DIR.RED(CAT-02)     ;S.D.                                ;00000;                              ;                              ;0000;999999999;000000000;000000000;00000000;000000;           ;00;0000;150906;000000;0000;0000;0000;0000;0000;0000;0000;0000;00;2013-09-04;000000;0;0060;0;0;0;0;0;0;0;0;0;0100;1;0;0;1;0000;0;0;000090;0;0090;0;9;000000;00;0;0;0000;0000;0000;0000;0000;0000;0000;0000;0000;0000;0000;0000;0000;   ;0000;000000;0000;0000;000000;0000;8421;000000;0000;0000;000000;8413;0000;000000;6051;0001;000000;6024;0011;000000;0000;0060;000000;0000;0000;000000;8593;0000;000000;0000;0000;000000;0000;0000;000000;0000;0000;000000;0000;0000;000000;0000;0000;000000;0000;0000;000000;0000;0000;000000;0000;0000;000000;0000;00;000000000;                                        ;000000000                                                                                                    
0182;0001;8422;40;0000;000000000;PM REAL ESTATE OFI DIGITAL          ;PM REAL EST OF DIGIT;S.D.                                ;99999;                              ;                              ;0000;999999999;000000000;000000000;00000000;000000;           ;00;0000;010621;000000;0000;0000;0000;0000;0000;0000;0000;0000;00;2021-06-03;000000;0;0000;0;0;0;0;0;0;0;0;0;0100;1;0;0;1;0000;0;0;000090;0;0090;0;9;000000;00;0;0;0000;0000;0000;0000;0000;0000;0000;0000;0000;0000;0000;0000;0000;   ;0000;000000;0000;0000;000000;0000;8422;000000;0000;0000;000000;0000;0000;000000;0000;0000;000000;0000;0011;000000;0000;0060;000000;0000;0000;000000;0000;0000;000000;0000;0000;000000;0000;0000;000000;0000;0000;000000;0000;0000;000000;0000;0000;000000;0000;0000;000000;0000;0000;000000;0000;0000;000000;0000;00;000000000;                                        ;000000000                                                                                                    
0182;0001;8423;40;0000;000000000;DIRECCION RED (CENT-00)             ;DIR.RED(CENT-00)    ;S.D.                                ;00000;                              ;                              ;0000;999999999;000000000;000000000;00000000;000000;           ;00;0000;150906;000000;0000;0000;0000;0000;0000;0000;0000;0000;00;2013-09-04;000000;0;0060;0;0;0;0;0;0;0;0;0;0100;1;0;0;1;0000;0;0;000090;0;0090;0;9;000000;00;0;0;0000;0000;0000;0000;0000;0000;0000;0000;0000;0000;0000;0000;0000;   ;0000;000000;0000;0000;000000;0000;8423;000000;0000;0000;000000;8414;0000;000000;6051;0001;000000;6024;0011;000000;0000;0060;000000;0000;0000;000000;8594;0000;000000;0000;0000;000000;0000;0000;000000;0000;0000;000000;0000;0000;000000;0000;0000;000000;0000;0000;000000;0000;0000;000000;0000;0000;000000;0000;00;000000000;                                        ;000000000                                                                                                    
0182;0001;8424;40;0000;000000000;DIRECCION RED (CENT-01)             ;DIR.RED(CENT-01)    ;S.D.                                ;00000;                              ;                              ;0000;999999999;000000000;000000000;00000000;000000;           ;00;0000;150906;000000;0000;0000;0000;0000;0000;0000;0000;0000;00;2013-09-04;000000;0;0060;0;0;0;0;0;0;0;0;0;0100;1;0;0;1;0000;0;0;000090;0;0090;0;9;000000;00;0;0;0000;0000;0000;0000;0000;0000;0000;0000;0000;0000;0000;0000;0000;   ;0000;000000;0000;0000;000000;0000;8424;000000;0000;0000;000000;8414;0000;000000;6051;0001;000000;6024;0011;000000;0000;0060;000000;0000;0000;000000;8594;0000;000000;0000;0000;000000;0000;0000;000000;0000;0000;000000;0000;0000;000000;0000;0000;000000;0000;0000;000000;0000;0000;000000;0000;0000;000000;0000;00;000000000;                                        ;000000000                                                                                                    
0182;0001;8425;40;0000;000000000;DIRECCION RED (CENT-02)             ;DIR.RED(CENT-02)    ;S.D.                                ;00000;                              ;                              ;0000;999999999;000000000;000000000;00000000;000000;           ;00;0000;150906;000000;0000;0000;0000;0000;0000;0000;0000;0000;00;2013-09-04;000000;0;0060;0;0;0;0;0;0;0;0;0;0100;1;0;0;1;0000;0;0;000090;0;0090;0;9;000000;00;0;0;0000;0000;0000;0000;0000;0000;0000;0000;0000;0000;0000;0000;0000;   ;0000;000000;0000;0000;000000;0000;8425;000000;0000;0000;000000;8414;0000;000000;6051;0001;000000;6024;0011;000000;0000;0060;000000;0000;0000;000000;8594;0000;000000;0000;0000;000000;0000;0000;000000;0000;0000;000000;0000;0000;000000;0000;0000;000000;0000;0000;000000;0000;0000;000000;0000;0000;000000;0000;00;000000000;                                        ;000000000                                                                                                    
0182;0001;8426;55;0000;000000000;D.R. BEC BELGICA                    ;D.R. BEC BELGICA    ;S.D.                                ;00000;                              ;                              ;0000;999999999;000000000;000000000;00000000;000000;           ;00;0000;131106;000000;0000;0000;0000;0000;0000;0000;0000;0000;00;2011-11-23;000000;0;0000;0;0;0;0;0;0;0;0;0;0100;1;0;0;1;0000;0;0;000090;0;0090;0;9;000000;00;0;0;0000;0000;0000;0000;0000;0000;0000;0000;0000;0000;0000;0000;0000;   ;0000;000000;0000;0000;000000;0000;0000;000000;0000;0000;000000;8426;0000;000000;6051;0001;000000;6024;0011;000000;0000;0060;000000;0000;0000;000000;8598;0000;000000;0000;0000;000000;0000;0000;000000;0000;0000;000000;0000;0000;000000;0000;0000;000000;0000;0000;000000;0000;0000;000000;0000;0000;000000;0000;00;000000000;                                        ;000000000                                                                                                    
0182;0001;8429;40;0000;000000000;DIRECCION RED (SUR-00)              ;DIR.RED(SUR-00)     ;S.D.                                ;00000;                              ;                              ;0000;999999999;000000000;000000000;00000000;000000;           ;00;0000;150906;000000;0000;0000;0000;0000;0000;0000;0000;0000;00;2013-09-04;000000;0;0060;0;0;0;0;0;0;0;0;0;0100;1;0;0;1;0000;0;0;000090;0;0090;0;9;000000;00;0;0;0000;0000;0000;0000;0000;0000;0000;0000;0000;0000;0000;0000;0000;   ;0000;000000;0000;0000;000000;0000;8429;000000;0000;0000;000000;8416;0000;000000;6051;0001;000000;6024;0011;000000;0000;0060;000000;0000;0000;000000;8596;0000;000000;0000;0000;000000;0000;0000;000000;0000;0000;000000;0000;0000;000000;0000;0000;000000;0000;0000;000000;0000;0000;000000;0000;0000;000000;0000;00;000000000;                                        ;000000000                                                                                                    
0182;0001;8430;40;0000;000000000;RED SUR OCCIDENTAL                  ;RED SUR OCCIDENTAL  ;S.D.                                ;00000;                              ;                              ;0000;999999999;000000000;000000000;00000000;000000;           ;00;0000;150906;000000;0000;0000;0000;0000;0000;0000;0000;0000;00;2013-09-04;000000;0;0060;0;0;0;0;0;0;0;0;0;0100;1;0;0;1;0000;0;0;000090;0;0090;0;9;000000;00;0;0;0000;0000;0000;0000;0000;0000;0000;0000;0000;0000;0000;0000;0000;   ;0000;000000;0000;0000;000000;0000;8430;000000;0000;0000;000000;8416;0000;000000;6051;0001;000000;6024;0011;000000;0000;0060;000000;0000;0000;000000;8596;0000;000000;0000;0000;000000;0000;0000;000000;0000;0000;000000;0000;0000;000000;0000;0000;000000;0000;0000;000000;0000;0000;000000;0000;0000;000000;0000;00;000000000;                                        ;000000000                                                                                                    
0182;0001;8431;40;0000;000000000;DIRECCION RED (ESTE-00)             ;DIR.RED(ESTE-00)    ;S.D.                                ;00000;                              ;                              ;0000;999999999;000000000;000000000;00000000;000000;           ;00;0000;150906;000000;0000;0000;0000;0000;0000;0000;0000;0000;00;2013-09-04;000000;0;0060;0;0;0;0;0;0;0;0;0;0100;1;0;0;1;0000;0;0;000090;0;0090;0;9;000000;00;0;0;0000;0000;0000;0000;0000;0000;0000;0000;0000;0000;0000;0000;0000;   ;0000;000000;0000;0000;000000;0000;8431;000000;0000;0000;000000;8415;0000;000000;6051;0001;000000;6024;0011;000000;0000;0060;000000;0000;0000;000000;8595;0000;000000;0000;0000;000000;0000;0000;000000;0000;0000;000000;0000;0000;000000;0000;0000;000000;0000;0000;000000;0000;0000;000000;0000;0000;000000;0000;00;000000000;                                        ;000000000                                                                                                    
0182;0001;8432;40;0000;000000000;DIRECCION RED (ESTE-01)             ;DIR.RED(ESTE-01)    ;S.D.                                ;00000;                              ;                              ;0000;999999999;000000000;000000000;00000000;000000;           ;00;0000;150906;000000;0000;0000;0000;0000;0000;0000;0000;0000;00;2013-09-04;000000;0;0060;0;0;0;0;0;0;0;0;0;0100;1;0;0;1;0000;0;0;000090;0;0090;0;9;000000;00;0;0;0000;0000;0000;0000;0000;0000;0000;0000;0000;0000;0000;0000;0000;   ;0000;000000;0000;0000;000000;0000;8432;000000;0000;0000;000000;8415;0000;000000;6051;0001;000000;6024;0011;000000;0000;0060;000000;0000;0000;000000;8595;0000;000000;0000;0000;000000;0000;0000;000000;0000;0000;000000;0000;0000;000000;0000;0000;000000;0000;0000;000000;0000;0000;000000;0000;0000;000000;0000;00;000000000;                                        ;000000000                                                                                                    
0182;0001;8434;40;0000;000000000;DIRECCION RED (NORTE-00)            ;DIR.RED(NORTE-00)   ;S.D.                                ;00000;                              ;                              ;0000;999999999;000000000;000000000;00000000;000000;           ;00;0000;150906;000000;0000;0000;0000;0000;0000;0000;0000;0000;00;2013-09-04;000000;0;0060;0;0;0;0;0;0;0;0;0;0100;1;0;0;1;0000;0;0;000090;0;0090;0;9;000000;00;0;0;0000;0000;0000;0000;0000;0000;0000;0000;0000;0000;0000;0000;0000;   ;0000;000000;0000;0000;000000;0000;8434;000000;0000;0000;000000;8412;0000;000000;6051;0001;000000;6024;0011;000000;0000;0060;000000;0000;0000;000000;8592;0000;000000;0000;0000;000000;0000;0000;000000;0000;0000;000000;0000;0000;000000;0000;0000;000000;0000;0000;000000;0000;0000;000000;0000;0000;000000;0000;00;000000000;                                        ;000000000                                                                                                    
0182;0001;8435;40;0000;000000000;DIRECCION RED (NORTE-01)            ;DIR.RED(NORTE-01)   ;S.D.                                ;00000;                              ;                              ;0000;999999999;000000000;000000000;00000000;000000;           ;00;0000;150906;000000;0000;0000;0000;0000;0000;0000;0000;0000;00;2013-09-04;000000;0;0060;0;0;0;0;0;0;0;0;0;0100;1;0;0;1;0000;0;0;000090;0;0090;0;9;000000;00;0;0;0000;0000;0000;0000;0000;0000;0000;0000;0000;0000;0000;0000;0000;   ;0000;000000;0000;0000;000000;0000;8435;000000;0000;0000;000000;8412;0000;000000;6051;0001;000000;6024;0011;000000;0000;0060;000000;0000;0000;000000;8592;0000;000000;0000;0000;000000;0000;0000;000000;0000;0000;000000;0000;0000;000000;0000;0000;000000;0000;0000;000000;0000;0000;000000;0000;0000;000000;0000;00;000000000;                                        ;000000000                                                                                                    
0182;0001;8436;40;0000;000000000;DIRECCION RED (NORO-00)             ;DIR.RED(NORO-00)    ;S.D.                                ;00000;                              ;                              ;0000;999999999;000000000;000000000;00000000;000000;           ;00;0000;150906;000000;0000;0000;0000;0000;0000;0000;0000;0000;00;2013-09-04;000000;0;0060;0;0;0;0;0;0;0;0;0;0100;1;0;0;1;0000;0;0;000090;0;0090;0;9;000000;00;0;0;0000;0000;0000;0000;0000;0000;0000;0000;0000;0000;0000;0000;0000;   ;0000;000000;0000;0000;000000;0000;8436;000000;0000;0000;000000;8411;0000;000000;6051;0001;000000;6024;0011;000000;0000;0060;000000;0000;0000;000000;8591;0000;000000;0000;0000;000000;0000;0000;000000;0000;0000;000000;0000;0000;000000;0000;0000;000000;0000;0000;000000;0000;0000;000000;0000;0000;000000;0000;00;000000000;                                        ;000000000                                                                                                    
0182;0001;8437;40;0000;000000000;DIRECCION RED (NORO-01)             ;DIR.RED(NORO-01)    ;S.D.                                ;00000;                              ;                              ;0000;999999999;000000000;000000000;00000000;000000;           ;00;0000;150906;000000;0000;0000;0000;0000;0000;0000;0000;0000;00;2013-09-04;000000;0;0060;0;0;0;0;0;0;0;0;0;0100;1;0;0;1;0000;0;0;000090;0;0090;0;9;000000;00;0;0;0000;0000;0000;0000;0000;0000;0000;0000;0000;0000;0000;0000;0000;   ;0000;000000;0000;0000;000000;0000;8437;000000;0000;0000;000000;8411;0000;000000;6051;0001;000000;6024;0011;000000;0000;0060;000000;0000;0000;000000;8591;0000;000000;0000;0000;000000;0000;0000;000000;0000;0000;000000;0000;0000;000000;0000;0000;000000;0000;0000;000000;0000;0000;000000;0000;0000;000000;0000;00;000000000;                                        ;000000000                                                                                                    
0182;0001;8438;40;0000;000000000;DIRECCION RED (CAN-00)              ;DIR.RED(CAN-00)     ;S.D.                                ;00000;                              ;                              ;0000;999999999;000000000;000000000;00000000;000000;           ;00;0000;150906;000000;0000;0000;0000;0000;0000;0000;0000;0000;00;2013-09-04;000000;0;0060;0;0;0;0;0;0;0;0;0;0100;1;0;0;1;0000;0;0;000090;0;0090;0;9;000000;00;0;0;0000;0000;0000;0000;0000;0000;0000;0000;0000;0000;0000;0000;0000;   ;0000;000000;0000;0000;000000;0000;8438;000000;0000;0000;000000;8417;0000;000000;6051;0001;000000;6024;0011;000000;0000;0060;000000;0000;0000;000000;8597;0000;000000;0000;0000;000000;0000;0000;000000;0000;0000;000000;0000;0000;000000;0000;0000;000000;0000;0000;000000;0000;0000;000000;0000;0000;000000;0000;00;000000000;                                        ;000000000                                                                                                    
0182;0001;8439;40;0000;000000000;RED ESTE-RESTO                      ;RED ESTE-RESTO      ;S.D.                                ;00000;                              ;                              ;0000;999999999;000000000;000000000;00000000;000000;           ;00;0000;150906;000000;0000;0000;0000;0000;0000;0000;0000;0000;00;2011-11-23;000000;0;0000;0;0;0;0;0;0;0;0;0;0100;1;0;0;1;0000;0;0;000090;0;0090;0;9;000000;00;0;0;0000;0000;0000;0000;0000;0000;0000;0000;0000;0000;0000;0000;0000;   ;0000;000000;0000;0000;000000;0000;8439;000000;0000;0000;000000;8415;0000;000000;6051;0001;000000;6024;0011;000000;0000;0060;000000;0000;0000;000000;8595;0000;000000;0000;0000;000000;0000;0000;000000;0000;0000;000000;0000;0000;000000;0000;0000;000000;0000;0000;000000;0000;0000;000000;0000;0000;000000;0000;00;000000000;                                        ;000000000                                                                                                    
0182;0001;8440;40;0000;000000000;RED NOROESTE-RESTO                  ;RED NOROESTE-RESTO  ;S.D.                                ;00000;                              ;                              ;0000;999999999;000000000;000000000;00000000;000000;           ;00;0000;150906;000000;0000;0000;0000;0000;0000;0000;0000;0000;00;2011-11-23;000000;0;0000;0;0;0;0;0;0;0;0;0;0100;1;0;0;1;0000;0;0;000090;0;0090;0;9;000000;00;0;0;0000;0000;0000;0000;0000;0000;0000;0000;0000;0000;0000;0000;0000;   ;0000;000000;0000;0000;000000;0000;8440;000000;0000;0000;000000;8411;0000;000000;6051;0001;000000;6024;0011;000000;0000;0060;000000;0000;0000;000000;8591;0000;000000;0000;0000;000000;0000;0000;000000;0000;0000;000000;0000;0000;000000;0000;0000;000000;0000;0000;000000;0000;0000;000000;0000;0000;000000;0000;00;000000000;                                        ;000000000                                                                                                    
0182;0001;8441;40;0000;000000000;RED NORTE-RESTO                     ;RED NORTE-RESTO     ;S.D.                                ;00000;                              ;                              ;0000;999999999;000000000;000000000;00000000;000000;           ;00;0000;150906;000000;0000;0000;0000;0000;0000;0000;0000;0000;00;2011-11-23;000000;0;0000;0;0;0;0;0;0;0;0;0;0100;1;0;0;1;0000;0;0;000090;0;0090;0;9;000000;00;0;0;0000;0000;0000;0000;0000;0000;0000;0000;0000;0000;0000;0000;0000;   ;0000;000000;0000;0000;000000;0000;8441;000000;0000;0000;000000;8412;0000;000000;6051;0001;000000;6024;0011;000000;0000;0060;000000;0000;0000;000000;8592;0000;000000;0000;0000;000000;0000;0000;000000;0000;0000;000000;0000;0000;000000;0000;0000;000000;0000;0000;000000;0000;0000;000000;0000;0000;000000;0000;00;000000000;                                        ;000000000                                                                                                    
0182;0001;8442;40;0000;000000000;RED SUR-RESTO                       ;RED SUR-RESTO       ;S.D.                                ;00000;                              ;                              ;0000;999999999;000000000;000000000;00000000;000000;           ;00;0000;150906;000000;0000;0000;0000;0000;0000;0000;0000;0000;00;2011-11-23;000000;0;0000;0;0;0;0;0;0;0;0;0;0100;1;0;0;1;0000;0;0;000090;0;0090;0;9;000000;00;0;0;0000;0000;0000;0000;0000;0000;0000;0000;0000;0000;0000;0000;0000;   ;0000;000000;0000;0000;000000;0000;8442;000000;0000;0000;000000;8416;0000;000000;6051;0001;000000;6024;0011;000000;0000;0060;000000;0000;0000;000000;8596;0000;000000;0000;0000;000000;0000;0000;000000;0000;0000;000000;0000;0000;000000;0000;0000;000000;0000;0000;000000;0000;0000;000000;0000;0000;000000;0000;00;000000000;                                        ;000000000                                                                                                    
0182;0001;8444;40;0000;000000000;RED CENTRO-RESTO                    ;RED CENTRO-RESTO    ;S.D.                                ;00000;                              ;                              ;0000;999999999;000000000;000000000;00000000;000000;           ;00;0000;150906;000000;0000;0000;0000;0000;0000;0000;0000;0000;00;2011-11-23;000000;0;0000;0;0;0;0;0;0;0;0;0;0100;1;0;0;1;0000;0;0;000090;0;0090;0;9;000000;00;0;0;0000;0000;0000;0000;0000;0000;0000;0000;0000;0000;0000;0000;0000;   ;0000;000000;0000;0000;000000;0000;8444;000000;0000;0000;000000;8414;0000;000000;6051;0001;000000;6024;0011;000000;0000;0060;000000;0000;0000;000000;8594;0000;000000;0000;0000;000000;0000;0000;000000;0000;0000;000000;0000;0000;000000;0000;0000;000000;0000;0000;000000;0000;0000;000000;0000;0000;000000;0000;00;000000000;                                        ;000000000                                                                                                    
0182;0001;8445;30;0000;000000000;ZONA CORP.(CAT-00)                  ;ZONA CORP.(CAT-00)  ;S.D.                                ;00000;                              ;                              ;0000;099999999;000000000;000000000;00000000;000000;           ;00;0000;150906;000000;0000;0000;0000;0000;0000;0000;0000;0000;00;2013-09-04;000000;0;0060;0;0;0;0;0;0;0;0;0;0100;1;0;0;1;0000;0;0;000090;0;0090;0;9;000000;00;0;0;0000;0000;0000;0000;0000;0000;0000;0000;0000;0000;0000;0000;0000;   ;0000;000000;0000;8445;000000;0000;8419;000000;0000;1590;000000;8413;0023;000000;6051;0001;000000;6024;0011;000000;0000;0060;000000;0000;0000;000000;8593;0000;000000;0000;0800;000000;0000;0000;000000;0000;0000;000000;0000;0000;000000;0000;0000;000000;0000;0000;000000;0000;0000;000000;0000;0000;000000;0000;00;000000000;                                        ;000000000                                                                                                    
0182;0001;8446;30;0000;000000000;ZONA CORP.(NORT-00)                 ;ZONA CORP.(NORT-00) ;S.D.                                ;00000;                              ;                              ;0000;099999999;000000000;000000000;00000000;000000;           ;00;0000;150906;000000;0000;0000;0000;0000;0000;0000;0000;0000;00;2013-09-04;000000;0;0060;0;0;0;0;0;0;0;0;0;0100;1;0;0;1;0000;0;0;000090;0;0090;0;9;000000;00;0;0;0000;0000;0000;0000;0000;0000;0000;0000;0000;0000;0000;0000;0000;   ;0000;000000;0000;8446;000000;0000;8434;000000;0000;1592;000000;8412;0023;000000;6051;0001;000000;6024;0011;000000;0000;0060;000000;0000;0000;000000;8592;0000;000000;0000;2017;000000;0000;0000;000000;0000;0000;000000;0000;0000;000000;0000;0000;000000;0000;0000;000000;0000;0000;000000;0000;0000;000000;0000;00;000000000;                                        ;000000000                                                                                                    
0182;0001;8447;30;0000;000000000;ZONA CORP.(ESTE-00)                 ;ZONA CORP.(ESTE-00) ;S.D.                                ;00000;                              ;                              ;0000;999999999;000000000;000000000;00000000;000000;           ;00;0000;150906;000000;0000;0000;0000;0000;0000;0000;0000;0000;00;2013-09-04;000000;0;0060;0;0;0;0;0;0;0;0;0;0100;1;0;0;1;0000;0;0;000090;0;0090;0;9;000000;00;0;0;0000;0000;0000;0000;0000;0000;0000;0000;0000;0000;0000;0000;0000;   ;0000;000000;0000;8447;000000;0000;8431;000000;0000;8401;000000;8415;0023;000000;6051;0001;000000;6024;0011;000000;0000;0060;000000;0000;0000;000000;8595;0000;000000;0000;0595;000000;0000;0000;000000;0000;0000;000000;0000;0000;000000;0000;0000;000000;0000;0000;000000;0000;0000;000000;0000;0000;000000;0000;00;000000000;                                        ;000000000                                                                                                    
0182;0001;8448;30;0000;000000000;ZONA CORP.(COMPLEMENTO)             ;ZONA CORP.(COMPLEM.);S.D.                                ;00000;                              ;                              ;0000;999999999;000000000;000000000;00000000;000000;           ;00;0000;150906;000000;0000;0000;0000;0000;0000;0000;0000;0000;00;2011-11-22;000000;0;0000;0;0;0;0;0;0;0;0;0;0100;1;0;0;1;0000;0;0;000090;0;0090;0;9;000000;00;0;0;0000;0000;0000;0000;0000;0000;0000;0000;0000;0000;0000;0000;0000;   ;0000;000000;0000;8448;000000;0000;0000;000000;0000;4749;000000;8418;0023;000000;6051;0001;000000;6024;0011;000000;0000;0060;000000;0000;0000;000000;8598;0000;000000;0000;0000;000000;0000;0000;000000;0000;0000;000000;0000;0000;000000;0000;0000;000000;0000;0000;000000;0000;0000;000000;0000;0000;000000;0000;00;000000000;                                        ;000000000                                                                                                    
0182;0001;8449;30;0000;000000000;ZONA CORP.(CENT-00)                 ;ZONA CORP.(CENT-00) ;S.D.                                ;00000;                              ;                              ;0000;999999999;000000000;000000000;00000000;000000;           ;00;0000;150906;000000;0000;0000;0000;0000;0000;0000;0000;0000;00;2016-03-09;000000;0;0060;0;0;0;0;0;0;0;0;0;0100;1;0;0;1;0000;0;0;000090;0;0090;0;9;000000;00;0;0;0000;0000;0000;0000;0000;0000;0000;0000;0000;0000;0000;0000;0000;   ;0000;000000;0000;8449;000000;0000;8423;000000;0000;4992;000000;8414;0023;000000;6051;0001;000000;6024;0011;000000;0000;0060;000000;0000;0000;000000;8594;0000;000000;0000;0985;000000;0000;0000;000000;0000;0000;000000;0000;0000;000000;0000;0000;000000;0000;0000;000000;0000;0000;000000;0000;0000;000000;0000;00;000000000;                                        ;000000000                                                                                                    
0182;0001;8453;30;0000;000000000;ZONA CORP.(NORO-00)                 ;ZONA CORP.(NORO-00) ;S.D.                                ;00000;                              ;                              ;0000;099999999;000000000;000000000;00000000;000000;           ;00;0000;150906;000000;0000;0000;0000;0000;0000;0000;0000;0000;00;2013-09-04;000000;0;0060;0;0;0;0;0;0;0;0;0;0100;1;0;0;1;0000;0;0;000090;0;0090;0;9;000000;00;0;0;0000;0000;0000;0000;0000;0000;0000;0000;0000;0000;0000;0000;0000;   ;0000;000000;0000;8453;000000;0000;8436;000000;0000;8400;000000;8411;0023;000000;6051;0001;000000;6024;0011;000000;0000;0060;000000;0000;0000;000000;8591;0000;000000;0000;1985;000000;0000;0000;000000;0000;0000;000000;0000;0000;000000;0000;0000;000000;0000;0000;000000;0000;0000;000000;0000;0000;000000;0000;00;000000000;                                        ;000000000                                                                                                    
0182;0001;8454;30;0000;000000000;CORPORATIVA NORTE                   ;CORPORATIVA NORTE   ;S.D.                                ;99999;                              ;                              ;0000;213117200;000000000;000000000;00000000;000000;           ;00;0000;040621;000000;0000;0000;0000;0000;0000;0000;0000;0000;00;2021-06-04;000000;0;0000;0;0;0;0;0;0;0;0;0;0100;1;0;0;0;0000;0;0;000090;0;0090;0;9;000000;00;0;0;0000;0000;0000;0000;0000;0000;0000;0000;0000;0000;0000;0000;0000;   ;0000;000000;0000;8454;000000;0000;4501;000000;0000;3421;000000;3398;3080;000000;0000;0001;000000;0000;0010;000000;0000;0000;000000;0000;0000;000000;8360;0000;000000;0000;0000;000000;0000;0000;000000;0000;0000;000000;0000;0000;000000;0000;0000;000000;0000;0000;000000;0000;0000;000000;0000;0000;000000;0000;00;000000000;                                        ;000000000                                                                                                    
0182;0001;8455;30;0000;000000000;ZONA EMP.-CAN                       ;ZONA EMP.-CAN       ;S.D.                                ;00000;                              ;                              ;0000;999999999;000000000;000000000;00000000;000000;           ;00;0000;150906;000000;0000;0000;0000;0000;0000;0000;0000;0000;00;2020-01-20;000000;0;0060;0;0;0;0;0;0;0;0;0;0100;1;0;0;1;0000;0;0;000090;0;0090;0;9;000000;00;0;0;0000;0000;0000;0000;0000;0000;0000;0000;0000;0000;0000;0000;0000;   ;0000;000000;0000;8455;000000;0000;8438;000000;0000;1577;000000;8417;0058;000000;6051;0001;000000;6024;0011;000000;0000;0060;000000;0000;0000;000000;8597;0000;000000;0000;1989;000000;0000;0000;000000;0000;0000;000000;0000;0000;000000;0000;0000;000000;0000;0000;000000;0000;0000;000000;0000;0000;000000;0000;00;000000000;                                        ;000000000                                                                                                    
0182;0001;8456;30;0000;000000000;CORPORATIVA SUR                     ;CORPORATIVA SUR     ;S.D.                                ;99999;                              ;                              ;0000;213117200;000000000;000000000;00000000;000000;           ;00;0000;040621;000000;0000;0000;0000;0000;0000;0000;0000;0000;00;2021-06-04;000000;0;0000;0;0;0;0;0;0;0;0;0;0100;1;0;0;0;0000;0;0;000090;0;0090;0;9;000000;00;0;0;0000;0000;0000;0000;0000;0000;0000;0000;0000;0000;0000;0000;0000;   ;0000;000000;0000;8456;000000;0000;4501;000000;0000;3421;000000;3398;3080;000000;0000;0001;000000;0000;0010;000000;0000;0000;000000;0000;0000;000000;8360;0000;000000;0000;0000;000000;0000;0000;000000;0000;0000;000000;0000;0000;000000;0000;0000;000000;0000;0000;000000;0000;0000;000000;0000;0000;000000;0000;00;000000000;                                        ;000000000                                                                                                    
0182;0001;8459;30;0000;000000000;ZONA EMP.(ESTE-RESTO)               ;ZONA EMP.(ESTE-RESTO;S.D.                                ;00000;                              ;                              ;0000;999999999;000000000;000000000;00000000;000000;           ;00;0000;150906;000000;0000;0000;0000;0000;0000;0000;0000;0000;00;2011-11-22;000000;0;0000;0;0;0;0;0;0;0;0;0;0100;1;0;0;1;0000;0;0;000090;0;0090;0;9;000000;00;0;0;0000;0000;0000;0000;0000;0000;0000;0000;0000;0000;0000;0000;0000;   ;0000;000000;0000;8459;000000;0000;8439;000000;0000;1582;000000;8415;0058;000000;6051;0001;000000;6024;0011;000000;0000;0060;000000;0000;0000;000000;8595;0000;000000;0000;0595;000000;0000;0000;000000;0000;0000;000000;0000;0000;000000;0000;0000;000000;0000;0000;000000;0000;0000;000000;0000;0000;000000;0000;00;000000000;                                        ;000000000                                                                                                    
0182;0001;8460;10;0018;000000000;LEGAL ITALIA                        ;LEGAL ITALIA        ;VIA CINO DEL DUCA, 8                ;20122;                              ;                              ;0000;999999999;000000000;000000000;00000000;000000;           ;00;0000;171024;000000;0000;0000;0000;0000;0000;0000;0000;0000;00;2024-10-17;171024;1;0000;8;0;0;0;0;0;0;0;0;0102;1;0;2;3;0000;0;0;000090;0;0090;0;9;000000;00;0;0;0000;0000;0000;0000;0000;0000;0000;0000;9999;0099;0000;0000;0000;   ;0000;000000;0000;0000;000000;0000;2222;000000;0000;7771;000000;0000;7770;000000;6213;0001;000000;6038;0005;000000;0000;0060;000000;0000;0000;000000;0000;0000;000000;0000;0000;000000;0000;0000;000000;0000;0001;000000;0000;0460;000000;0000;0000;000000;0000;0000;000000;0000;0000;000000;0000;0000;000000;0000;00;000000000;                                        ;000000000                                                                                                    
0182;0001;8461;30;0000;000000000;ZONA EMP.-NOROESTE                  ;ZONA EMP.-NOROESTE  ;S.D.                                ;00000;                              ;                              ;0000;999999999;000000000;000000000;00000000;000000;           ;00;0000;150906;000000;0000;0000;0000;0000;0000;0000;0000;0000;00;2020-01-20;000000;0;0060;0;0;0;0;0;0;0;0;0;0100;1;0;0;1;0010;0;1;000090;0;0090;0;9;000000;00;0;0;0000;0000;0000;0000;0000;0000;0000;0000;0000;0000;0000;0000;0000;   ;0000;000000;0000;8461;000000;0000;8437;000000;0000;1586;000000;8411;0058;000000;6051;0001;000000;6024;0011;000000;0000;0060;000000;0000;0000;000000;8591;0000;000000;0000;1985;000000;0000;0000;000000;0000;0000;000000;0000;0000;000000;0000;0000;000000;0000;0000;000000;0000;0000;000000;0000;0000;000000;0000;00;000000000;                                        ;000000000                                                                                                    
0182;0001;8462;30;0000;000000000;ZONA EMP.(NORO-RESTO)               ;ZONA EMP.(NORO-RESTO;S.D.                                ;00000;                              ;                              ;0000;999999999;000000000;000000000;00000000;000000;           ;00;0000;150906;000000;0000;0000;0000;0000;0000;0000;0000;0000;00;2011-11-22;000000;0;0000;0;0;0;0;0;0;0;0;0;0100;1;0;0;1;0000;0;0;000090;0;0090;0;9;000000;00;0;0;0000;0000;0000;0000;0000;0000;0000;0000;0000;0000;0000;0000;0000;   ;0000;000000;0000;8462;000000;0000;8440;000000;0000;1586;000000;8411;0058;000000;6051;0001;000000;6024;0011;000000;0000;0060;000000;0000;0000;000000;8591;0000;000000;0000;1985;000000;0000;0000;000000;0000;0000;000000;0000;0000;000000;0000;0000;000000;0000;0000;000000;0000;0000;000000;0000;0000;000000;0000;00;000000000;                                        ;000000000                                                                                                    
0182;0001;8464;10;0018;000000000;LEGAL ALEMANIA                      ;LEGAL ALEMANIA      ;NEUE MAINZER STRASSE,28(FRFURT-MAIN);60311;                              ;                              ;0000;999999999;000000000;000000000;00000000;000000;           ;00;0000;171024;000000;0000;0000;0000;0000;0000;0000;0000;0000;00;2024-10-18;171024;1;0000;8;0;0;0;0;0;0;0;0;0102;1;0;2;3;0000;0;0;000090;0;0090;0;9;000000;00;0;0;0000;0000;0000;0000;0000;0000;0000;0000;9999;0099;0000;0000;0000;   ;0000;000000;0000;0000;000000;0000;4777;000000;0000;7771;000000;0000;7770;000000;6213;0001;000000;6038;0004;000000;0000;0060;000000;0000;0000;000000;0000;0000;000000;0000;0000;000000;0000;0000;000000;0000;0001;000000;0000;0480;000000;0000;0000;000000;0000;0000;000000;0000;0000;000000;0000;0000;000000;0000;00;000000000;                                        ;000000000                                                                                                    
0182;0001;8465;30;0000;000000000;ZONA EMP.-NORTE                     ;ZONA EMP.-NORTE     ;S.D.                                ;00000;                              ;                              ;0000;999999999;000000000;000000000;00000000;000000;           ;00;0000;150906;000000;0000;0000;0000;0000;0000;0000;0000;0000;00;2020-01-20;000000;0;0060;0;0;0;0;0;0;0;0;0;0100;1;0;0;1;0010;0;1;000090;0;0090;0;9;000000;00;0;0;0000;0000;0000;0000;0000;0000;0000;0000;0000;0000;0000;0000;0000;   ;0000;000000;0000;8465;000000;0000;8435;000000;0000;1587;000000;8412;0058;000000;6051;0001;000000;6024;0011;000000;0000;0060;000000;0000;0000;000000;8592;0000;000000;0000;2017;000000;0000;0000;000000;0000;0000;000000;0000;0000;000000;0000;0000;000000;0000;0000;000000;0000;0000;000000;0000;0000;000000;0000;00;000000000;                                        ;000000000                                                                                                    
0182;0001;8466;30;0000;000000000;ZONA EMP.(NORT-RESTO)               ;ZONA EMP.(NORT-RESTO;S.D.                                ;00000;                              ;                              ;0000;999999999;000000000;000000000;00000000;000000;           ;00;0000;150906;000000;0000;0000;0000;0000;0000;0000;0000;0000;00;2011-11-22;000000;0;0000;0;0;0;0;0;0;0;0;0;0100;1;0;0;1;0000;0;0;000090;0;0090;0;9;000000;00;0;0;0000;0000;0000;0000;0000;0000;0000;0000;0000;0000;0000;0000;0000;   ;0000;000000;0000;8466;000000;0000;8441;000000;0000;1587;000000;8412;0058;000000;6051;0001;000000;6024;0011;000000;0000;0060;000000;0000;0000;000000;8592;0000;000000;0000;2017;000000;0000;0000;000000;0000;0000;000000;0000;0000;000000;0000;0000;000000;0000;0000;000000;0000;0000;000000;0000;0000;000000;0000;00;000000000;                                        ;000000000                                                                                                    
0182;0001;8468;30;0000;000000000;ZONA EMP.-SUR                       ;ZONA EMP.-SUR       ;S.D.                                ;00000;                              ;                              ;0000;999999999;000000000;000000000;00000000;000000;           ;00;0000;150906;000000;0000;0000;0000;0000;0000;0000;0000;0000;00;2020-01-20;000000;0;0060;0;0;0;0;0;0;0;0;0;0100;1;0;0;1;0010;0;1;000090;0;0090;0;9;000000;00;0;0;0000;0000;0000;0000;0000;0000;0000;0000;0000;0000;0000;0000;0000;   ;0000;000000;0000;8468;000000;0000;8430;000000;0000;1588;000000;8416;0058;000000;6051;0001;000000;6024;0011;000000;0000;0060;000000;0000;0000;000000;8596;0000;000000;0000;0479;000000;0000;0000;000000;0000;0000;000000;0000;0000;000000;0000;0000;000000;0000;0000;000000;0000;0000;000000;0000;0000;000000;0000;00;000000000;                                        ;000000000                                                                                                    
0182;0001;8469;30;0000;000000000;ZONA EMP.(SUR-RESTO)                ;ZONA EMP.(SUR-RESTO);S.D.                                ;00000;                              ;                              ;0000;999999999;000000000;000000000;00000000;000000;           ;00;0000;150906;000000;0000;0000;0000;0000;0000;0000;0000;0000;00;2011-11-22;000000;0;0000;0;0;0;0;0;0;0;0;0;0100;1;0;0;1;0000;0;0;000090;0;0090;0;9;000000;00;0;0;0000;0000;0000;0000;0000;0000;0000;0000;0000;0000;0000;0000;0000;   ;0000;000000;0000;8469;000000;0000;8442;000000;0000;1588;000000;8416;0058;000000;6051;0001;000000;6024;0011;000000;0000;0060;000000;0000;0000;000000;8596;0000;000000;0000;0479;000000;0000;0000;000000;0000;0000;000000;0000;0000;000000;0000;0000;000000;0000;0000;000000;0000;0000;000000;0000;0000;000000;0000;00;000000000;                                        ;000000000                                                                                                    
0182;0001;8474;30;0000;000000000;ZONA EMP.(CENT-RESTO)               ;ZONA EMP.(CENT-RESTO;S.D.                                ;00000;                              ;                              ;0000;999999999;000000000;000000000;00000000;000000;           ;00;0000;150906;000000;0000;0000;0000;0000;0000;0000;0000;0000;00;2011-11-22;000000;0;0000;0;0;0;0;0;0;0;0;0;0100;1;0;0;1;0000;0;0;000090;0;0090;0;9;000000;00;0;0;0000;0000;0000;0000;0000;0000;0000;0000;0000;0000;0000;0000;0000;   ;0000;000000;0000;8474;000000;0000;8444;000000;0000;4142;000000;8414;0058;000000;6051;0001;000000;6024;0011;000000;0000;0060;000000;0000;0000;000000;8594;0000;000000;0000;0985;000000;0000;0000;000000;0000;0000;000000;0000;0000;000000;0000;0000;000000;0000;0000;000000;0000;0000;000000;0000;0000;000000;0000;00;000000000;                                        ;000000000                                                                                                    
0182;0001;8475;10;0018;000000000;GTB SPARK UK                        ;GTB SPARK UK        ;108 CANNON STREET                   ;99999;                              ;                              ;0000;999999999;000000000;000000000;00000000;000000;           ;00;0000;130225;000000;0000;0000;0000;0000;0000;0000;0000;0000;00;2025-02-13;130225;1;0000;8;0;0;0;0;0;0;0;0;0102;1;0;2;3;0000;0;0;000090;0;0090;0;9;000100;00;1;0;0000;0000;0000;0000;0000;0000;0000;0000;9999;0099;0000;0000;0000;   ;2429;000000;0000;8204;000000;0000;2223;000000;0000;0000;000000;0000;7723;000000;7721;0001;000000;6038;0006;000000;0000;0060;000000;0000;0000;000000;0000;0000;000000;0000;0000;000000;0000;0000;000000;0000;0001;000000;0000;0727;000000;0000;0000;000000;0000;0000;000000;0000;0000;000000;0000;0000;000000;0000;00;000000000;                                        ;000000000                                                                                                    
0182;0001;8477;30;0000;000000000;ZONA EMP.CAT                        ;ZONA EMP.CAT-02     ;S.D.                                ;00000;                              ;                              ;0000;999999999;000000000;000000000;00000000;000000;           ;00;0000;150906;000000;0000;0000;0000;0000;0000;0000;0000;0000;00;2020-01-20;000000;0;0060;0;0;0;0;0;0;0;0;0;0100;1;0;0;1;0010;0;1;000090;0;0090;0;9;000000;00;0;0;0000;0000;0000;0000;0000;0000;0000;0000;0000;0000;0000;0000;0000;   ;0000;000000;0000;8477;000000;0000;8421;000000;0000;4195;000000;8413;0058;000000;6051;0001;000000;6024;0011;000000;0000;0060;000000;0000;0000;000000;8593;0000;000000;0000;0800;000000;0000;0000;000000;0000;0000;000000;0000;0000;000000;0000;0000;000000;0000;0000;000000;0000;0000;000000;0000;0000;000000;0000;00;000000000;                                        ;000000000                                                                                                    
0182;0001;8478;30;0000;000000000;ZONA EMP.(CAT-RESTO)                ;ZONA EMP.(CAT-RESTO);S.D.                                ;00000;                              ;                              ;0000;999999999;000000000;000000000;00000000;000000;           ;00;0000;150906;000000;0000;0000;0000;0000;0000;0000;0000;0000;00;2011-11-22;000000;0;0000;0;0;0;0;0;0;0;0;0;0100;1;0;0;1;0000;0;0;000090;0;0090;0;9;000000;00;0;0;0000;0000;0000;0000;0000;0000;0000;0000;0000;0000;0000;0000;0000;   ;0000;000000;0000;8478;000000;0000;8443;000000;0000;4195;000000;8413;0058;000000;6051;0001;000000;6024;0011;000000;0000;0060;000000;0000;0000;000000;8593;0000;000000;0000;0800;000000;0000;0000;000000;0000;0000;000000;0000;0000;000000;0000;0000;000000;0000;0000;000000;0000;0000;000000;0000;0000;000000;0000;00;000000000;                                        ;000000000                                                                                                    
0182;0001;8479;30;0000;000000000;ZONA EMP.COMPLEMENTO                ;ZONA EMP.COMPLEMENTO;S.D.                                ;00000;                              ;                              ;0000;999999999;000000000;000000000;00000000;000000;           ;00;0000;150906;000000;0000;0000;0000;0000;0000;0000;0000;0000;00;2011-11-22;000000;0;0000;0;0;0;0;0;0;0;0;0;0100;1;0;0;1;0000;0;0;000090;0;0090;0;9;000000;00;0;0;0000;0000;0000;0000;0000;0000;0000;0000;0000;0000;0000;0000;0000;   ;0000;000000;0000;8479;000000;0000;0000;000000;0000;4706;000000;8418;0058;000000;6051;0001;000000;6024;0011;000000;0000;0060;000000;0000;0000;000000;8598;0000;000000;0000;0000;000000;0000;0000;000000;0000;0000;000000;0000;0000;000000;0000;0000;000000;0000;0000;000000;0000;0000;000000;0000;0000;000000;0000;00;000000000;                                        ;000000000                                                                                                    
0182;0001;8482;30;0000;000000000;ZONA INST.(CENT-00)                 ;ZONA INST.(CENT-00) ;S.D.                                ;00000;                              ;                              ;0000;999999999;000000000;000000000;00000000;000000;           ;00;0000;150906;000000;0000;0000;0000;0000;0000;0000;0000;0000;00;2016-04-21;000000;0;0060;0;0;0;0;0;0;0;0;0;0100;1;0;0;1;0000;0;0;000090;0;0090;0;9;000000;00;0;0;0000;0000;0000;0000;0000;0000;0000;0000;0000;0000;0000;0000;0000;   ;0000;000000;0000;8482;000000;0000;0000;000000;0000;1593;000000;8414;0088;000000;6051;0001;000000;6024;0011;000000;0000;0060;000000;0000;0000;000000;8594;0000;000000;0000;0985;000000;0000;0000;000000;0000;0000;000000;0000;0000;000000;0000;0000;000000;0000;0000;000000;0000;0000;000000;0000;0000;000000;0000;00;000000000;                                        ;000000000                                                                                                    
0182;0001;8485;30;0000;000000000;ZONA INST.(CENT-RESTO)              ;ZONA INST.(CENT-REST;S.D.                                ;00000;                              ;                              ;0000;999999999;000000000;000000000;00000000;000000;           ;00;0000;150906;000000;0000;0000;0000;0000;0000;0000;0000;0000;00;2011-11-22;000000;0;0000;0;0;0;0;0;0;0;0;0;0100;1;0;0;1;0000;0;0;000090;0;0090;0;9;000000;00;0;0;0000;0000;0000;0000;0000;0000;0000;0000;0000;0000;0000;0000;0000;   ;0000;000000;0000;8485;000000;0000;8444;000000;0000;1593;000000;8414;0088;000000;6051;0001;000000;6024;0011;000000;0000;0060;000000;0000;0000;000000;8594;0000;000000;0000;0985;000000;0000;0000;000000;0000;0000;000000;0000;0000;000000;0000;0000;000000;0000;0000;000000;0000;0000;000000;0000;0000;000000;0000;00;000000000;                                        ;000000000                                                                                                    
0182;0001;8490;30;0000;000000000;ZONA INST.(COMPLEMENTO)             ;ZONA INST.(COMPLEM.);S.D.                                ;00000;                              ;                              ;0000;099999999;000000000;000000000;00000000;000000;           ;00;0000;150906;000000;0000;0000;0000;0000;0000;0000;0000;0000;00;2011-11-22;000000;0;0000;0;0;0;0;0;0;0;0;0;0100;1;0;0;1;0000;0;0;000090;0;0090;0;9;000000;00;0;0;0000;0000;0000;0000;0000;0000;0000;0000;0000;0000;0000;0000;0000;   ;0000;000000;0000;8490;000000;0000;0000;000000;0000;4707;000000;8418;0088;000000;6051;0001;000000;6024;0011;000000;0000;0060;000000;0000;0000;000000;8598;0000;000000;0000;0000;000000;0000;0000;000000;0000;0000;000000;0000;0000;000000;0000;0000;000000;0000;0000;000000;0000;0000;000000;0000;0000;000000;0000;00;000000000;                                        ;000000000                                                                                                    
0182;0001;8491;10;0018;000000000;CREDIT SOLUTIONS_LND BRANCH_HTC     ;CS_LND BRANCH_HTC   ;108 CANNON STREET                   ;99999;                              ;                              ;0000;999999999;000000000;000000000;00000000;000000;           ;00;0000;130225;000000;0000;0000;0000;0000;0000;0000;0000;0000;00;2025-02-13;130225;1;0000;8;0;0;0;0;0;0;0;0;0102;1;0;2;3;0000;0;0;000090;0;0090;0;9;000100;00;1;0;0000;0000;0000;0000;0000;0000;0000;0000;9999;0099;0000;0000;0000;   ;0000;000000;0000;0000;000000;0000;2223;000000;0000;0000;000000;0000;7716;000000;7657;0001;000000;6038;0006;000000;0000;0060;000000;0000;0000;000000;0000;0000;000000;0000;0000;000000;0000;0000;000000;0000;0000;000000;0000;0729;000000;0000;0000;000000;0000;0000;000000;0000;0000;000000;0000;0000;000000;0000;00;000000000;                                        ;000000000                                                                                                    
0182;0001;8494;30;0000;000000000;ZONA INST.(CAN-00)                  ;ZONA INST.(CAN-00)  ;S.D.                                ;00000;                              ;                              ;0000;999999999;000000000;000000000;00000000;000000;           ;00;0000;150906;000000;0000;0000;0000;0000;0000;0000;0000;0000;00;2016-04-12;000000;0;0060;0;0;0;0;0;0;0;0;0;0100;1;0;0;1;0000;0;0;000090;0;0090;0;9;000000;00;0;0;0000;0000;0000;0000;0000;0000;0000;0000;0000;0000;0000;0000;0000;   ;0000;000000;0000;8494;000000;0000;0000;000000;0000;8406;000000;8417;0088;000000;6051;0001;000000;6024;0011;000000;0000;0060;000000;0000;0000;000000;8597;0000;000000;0000;1989;000000;0000;0000;000000;0000;0000;000000;0000;0000;000000;0000;0000;000000;0000;0000;000000;0000;0000;000000;0000;0000;000000;0000;00;000000000;                                        ;000000000                                                                                                    
0182;0001;8499;10;0018;000000000;UW-ITALIA                           ;UW-ITALIA           ;CORSO GIACOMO MATTEOTTI, 10         ;20121;                              ;                              ;0000;999999999;000000000;000000000;00000000;000000;           ;00;0000;120325;000000;0000;0000;0000;0000;0000;0000;0000;0000;00;2025-03-12;120325;1;0000;0;0;0;0;0;0;0;0;0;0102;1;0;2;3;0000;0;0;000090;0;0090;0;9;000000;00;0;0;0000;0000;0000;0000;0000;0000;0000;0000;0000;0000;0000;0000;0000;   ;0000;000000;0000;0000;000000;0000;2222;000000;0000;0000;000000;0000;7672;000000;7657;0001;000000;6038;0005;000000;0000;0060;000000;0000;0000;000000;0000;0000;000000;0000;0000;000000;0000;0000;000000;0000;0000;000000;0000;0461;000000;0000;0000;000000;0000;0000;000000;0000;0000;000000;0000;0000;000000;0000;00;000000000;                                        ;000000000                                                                                                    
0182;0001;8539;10;0018;000000000;HRO IB&F                            ;HRO IB&F            ;TWO MANHATTAN WEST - 375            ;10101;                              ;                              ;0000;999999999;000000000;000000000;00000000;000000;           ;00;0000;080725;000000;0000;0000;0000;0000;0000;0000;0000;0000;00;2025-07-08;080725;1;0000;8;0;0;0;0;0;0;0;0;0102;1;0;2;3;0000;0;0;000090;0;0090;0;9;000000;00;0;0;0000;0000;0000;0000;0000;0000;0000;0000;9999;0099;0000;0000;0000;   ;8299;000000;0000;8206;000000;0000;2224;000000;0000;0000;000000;0000;7627;000000;7612;0001;000000;6881;0400;000000;0000;0060;000000;0000;0000;000000;0000;0000;000000;0000;0000;000000;0000;0000;000000;0000;0001;000000;0000;0410;000000;0000;0000;000000;0000;0000;000000;0000;0000;000000;0000;0000;000000;0000;00;000000000;                                        ;000000000                                                                                                    
0182;0001;8540;10;0018;000000000;HRO GTB                             ;HRO GTB             ;TWO MANHATTAN WEST - 375            ;10101;                              ;                              ;0000;999999999;000000000;000000000;00000000;000000;           ;00;0000;080725;000000;0000;0000;0000;0000;0000;0000;0000;0000;00;2025-07-08;080725;1;0000;8;0;0;0;0;0;0;0;0;0102;1;0;2;3;0000;0;0;000090;0;0090;0;9;000000;00;0;0;0000;0000;0000;0000;0000;0000;0000;0000;9999;0099;0000;0000;0000;   ;0000;000000;0000;7900;000000;0000;2224;000000;0000;0000;000000;0000;7641;000000;7619;0001;000000;6881;0400;000000;0000;0060;000000;0000;0000;000000;0000;0000;000000;0000;0000;000000;0000;0000;000000;0000;0001;000000;0000;0411;000000;0000;0000;000000;0000;0000;000000;0000;0000;000000;0000;0000;000000;0000;00;000000000;                                        ;000000000                                                                                                    
0182;0001;8541;10;0018;000000000;HRO GCC                             ;HRO GCC             ;TWO MANHATTAN WEST - 375            ;10101;                              ;                              ;0000;999999999;000000000;000000000;00000000;000000;           ;00;0000;080725;000000;0000;0000;0000;0000;0000;0000;0000;0000;00;2025-07-08;080725;1;0000;8;0;0;0;0;0;0;0;0;0102;1;0;2;3;0000;0;0;000090;0;0090;0;9;000000;00;0;0;0000;0000;0000;0000;0000;0000;0000;0000;9999;0099;0000;0000;0000;   ;0000;000000;0000;0000;000000;0000;2224;000000;0000;0000;000000;0000;7795;000000;7223;0001;000000;6881;0400;000000;0000;0060;000000;0000;0000;000000;0000;0000;000000;0000;0000;000000;0000;0000;000000;0000;0000;000000;0000;0412;000000;0000;0000;000000;0000;0000;000000;0000;0000;000000;0000;0000;000000;0000;00;000000000;                                        ;000000000                                                                                                    
0182;0001;8562;20;0000;380060005;LOS CRISTIANOS-CTRO.BEC             ;LOS CRISTIANOS-C.BEC;BOULEVAR CHAJOFE, EDF.EDEN LOCAL-2  ;38650;                              ;                              ;0000;922752572;922752346;922752573;00000000;000000;           ;00;0000;030907;000000;0000;0000;0000;0000;0000;0000;0000;0000;00;2013-08-30;000000;0;0060;0;0;0;0;0;0;0;0;0;0100;1;0;0;1;0010;0;1;000090;0;0090;0;9;000000;00;0;0;0000;0000;0000;0000;0000;0000;0000;0000;0000;0000;0000;0000;0000;   ;8562;000000;0000;0000;000000;0000;8438;000000;0000;0000;000000;8417;0000;000000;6051;0001;000000;6024;0011;000000;0000;0060;000000;0000;0005;000000;8597;0000;000000;0000;1989;000000;0000;0000;000000;0000;0000;000000;0000;0000;000000;0000;0000;000000;0000;0000;000000;0000;0000;000000;0000;0000;000000;0000;04;000000000;                                        ;000000000                                                                                                    
0182;0001;8570;10;0018;000000000;FRANKFURT FDOS.PROP. HLD            ;FRANKF FFPP HLD     ;NEUE MAINZER STRASSE,28             ;60311;                              ;                              ;0000;999999999;000000000;000000000;00000000;000000;           ;00;0000;151225;000000;0000;0000;0000;0000;0000;0000;0000;0000;00;2025-12-15;151225;1;0000;8;0;0;0;0;0;0;0;0;0102;1;0;2;3;0000;0;0;000090;0;0090;0;9;000000;00;0;0;0000;0000;0000;0000;0000;0000;0000;0000;9999;0099;0000;0000;0000;   ;0000;000000;0000;8238;000000;0000;4777;000000;0000;7895;000000;0000;7773;000000;6212;0001;000000;6038;0004;000000;0000;0060;000000;0000;0000;000000;0000;0000;000000;0000;0000;000000;0000;0000;000000;0000;0000;000000;0000;0481;000000;0000;0000;000000;0000;0000;000000;0000;0000;000000;0000;0000;000000;0000;00;000000000;                                        ;000000000                                                                                                    
0182;0001;8571;10;0018;000000000;FDOS PROPIOS LONDRES HLD            ;FFPP LONDRES HLD    ;ONE CANADA SQUARE, 44TH FLOOR       ;99999;                              ;                              ;0000;999999999;000000000;000000000;00000000;000000;           ;00;0000;151225;000000;0000;0000;0000;0000;0000;0000;0000;0000;00;2025-12-16;151225;1;0000;8;0;0;0;0;0;0;0;0;0102;1;0;2;3;0000;0;0;000090;0;0090;0;9;000000;00;0;0;0000;0000;0000;0000;0000;0000;0000;0000;9999;0099;0000;0000;0000;   ;0000;000000;0000;2434;000000;0000;2223;000000;0000;7895;000000;0000;7773;000000;6212;0001;000000;6038;0006;000000;0000;0060;000000;0000;0000;000000;0000;0000;000000;0000;0000;000000;0000;0000;000000;0000;0000;000000;0000;0403;000000;0000;0000;000000;0000;0000;000000;0000;0000;000000;0000;0000;000000;0000;00;000000000;                                        ;000000000                                                                                                    
0182;0001;8586;10;0018;000000000;NY FDOS PROPIOS HLD                 ;NY FFPP HLD         ;375 9TH AVENUE, 8TH FLOOR           ;99999;                              ;                              ;0000;999999999;000000000;000000000;00000000;000000;           ;00;0000;151225;000000;0000;0000;0000;0000;0000;0000;0000;0000;00;2025-12-16;151225;1;0000;8;0;0;0;0;0;0;0;0;0102;1;0;2;3;0000;0;0;000090;0;0090;0;9;000000;00;0;0;0000;0000;0000;0000;0000;0000;0000;0000;9999;0099;0000;0000;0000;   ;0000;000000;0000;8208;000000;0000;2224;000000;0000;6531;000000;0000;7236;000000;7223;0001;000000;6881;0400;000000;0000;0060;000000;0000;0000;000000;0000;0000;000000;0000;0000;000000;0000;0000;000000;0000;0000;000000;0000;0413;000000;0000;0000;000000;0000;0000;000000;0000;0000;000000;0000;0000;000000;0000;00;000000000;                                        ;000000000                                                                                                    
0182;0001;8587;10;0018;000000000;NY IBF FDOS.PROP. HLD               ;NY IBF FFPP HLD     ;375 9TH AVENUE, 8TH FLOOR           ;99999;                              ;                              ;0000;999999999;000000000;000000000;00000000;000000;           ;00;0000;151225;000000;0000;0000;0000;0000;0000;0000;0000;0000;00;2025-12-16;151225;1;0000;8;0;0;0;0;0;0;0;0;0102;1;0;2;3;0000;0;0;000090;0;0090;0;9;000000;00;0;0;0000;0000;0000;0000;0000;0000;0000;0000;9999;0099;0000;0000;0000;   ;0000;000000;0000;8208;000000;0000;2224;000000;0000;6531;000000;0000;7236;000000;7223;0001;000000;6881;0400;000000;0000;0060;000000;0000;0000;000000;0000;0000;000000;0000;0000;000000;0000;0000;000000;0000;0000;000000;0000;0415;000000;0000;0000;000000;0000;0000;000000;0000;0000;000000;0000;0000;000000;0000;00;000000000;                                        ;000000000                                                                                                    
0182;0001;8597;58;0000;350160024;SUPRA-TERRITORIO CANARIAS           ;SUPRA-T.CANARIAS    ;ALBAREDA, 6 PLTA5                   ;35008;PALMAS DE GRAN CANARIA (LAS)  ;                              ;0000;928451500;000000000;928271411;00000000;000000;           ;00;0000;310108;000000;0000;0000;0000;0000;0000;0000;0000;0000;00;2022-12-13;000000;0;0060;0;0;0;0;0;0;0;0;0;0100;1;0;0;1;0012;0;1;200090;0;0090;0;9;000000;00;0;0;0000;2536;0000;0000;0000;0000;0182;0027;0039;0050;0000;0000;0000;   ;0000;000000;0000;0000;000000;0000;0000;000000;0000;0000;000000;0000;0000;000000;0000;0001;000000;6024;0011;000000;0000;0060;000000;0000;0005;000000;8597;0000;000000;0000;1989;000000;0000;6352;000000;0000;0000;000000;0000;0000;000000;0000;0000;000000;0000;0000;250208;0000;0000;000000;0000;0000;310108;0000;00;000000000;                                        ;000000000                                                                                                    
0182;0001;8598;58;0000;000000000;SUPRA-TERRITORIO COMPLEMENTO        ;SUPRA-T.COMPLEMENTO ;S.D.                                ;00000;                              ;                              ;0000;999999999;000000000;000000000;00000000;000000;           ;00;0000;310108;000000;0000;0000;0000;0000;0000;0000;0000;0000;00;2011-11-23;000000;0;0000;0;0;0;0;0;0;0;0;0;0100;1;0;0;1;0000;0;0;000090;0;0090;0;9;000000;00;0;0;0000;0000;0000;0000;0000;0000;0000;0000;0000;0000;0000;0000;0000;   ;0000;000000;0000;0000;000000;0000;0000;000000;0000;0000;000000;0000;0000;000000;0000;0001;000000;6024;0011;000000;0000;0060;000000;0000;0000;000000;8598;0000;000000;0000;0000;000000;0000;0000;000000;0000;0000;000000;0000;0000;000000;0000;0000;000000;0000;0000;250208;0000;0000;000000;0000;0000;310108;0000;00;000000000;                                        ;000000000                                                                                                    
0182;0001;8620;10;0018;000000000;TOKIO FFPP HLD                      ;TOKIO FFPP HLD      ;YAMAR TOKYO 7F, 2-1-1               ;99999;                              ;                              ;0000;999999999;000000000;000000000;00000000;000000;           ;00;0000;151225;000000;0000;0000;0000;0000;0000;0000;0000;0000;00;2025-12-16;151225;1;0000;8;0;0;0;0;0;0;0;0;0102;1;0;2;3;0000;0;0;000090;0;0090;0;9;000000;00;0;0;0000;0000;0000;0000;0000;0000;0000;0000;9999;0099;0000;0000;0000;   ;0000;000000;0000;8228;000000;0000;2226;000000;0000;7895;000000;0000;7773;000000;6212;0001;000000;6038;0732;000000;0000;0060;000000;0000;0000;000000;0000;0000;000000;0000;0000;000000;0000;0000;000000;0000;0000;000000;0000;0429;000000;0000;0000;000000;0000;0000;000000;0000;0000;000000;0000;0000;000000;0000;00;000000000;                                        ;000000000                                                                                                    
0182;0001;8621;10;0018;000000000;FDOS PROP. BRUSELAS HLD             ;FFPP BRUSELAS HLD   ;CANTERSTEEN 47                      ;99999;                              ;                              ;0000;999999999;000000000;000000000;00000000;000000;           ;00;0000;151225;000000;0000;0000;0000;0000;0000;0000;0000;0000;00;2025-12-16;151225;1;0000;8;0;0;0;0;0;0;0;0;0102;1;0;2;3;0000;0;0;000090;0;0090;0;9;000000;00;0;0;0000;0000;0000;0000;0000;0000;0000;0000;9999;0099;0000;0000;0000;   ;0000;000000;0000;7885;000000;0000;2227;000000;0000;7798;000000;0000;7778;000000;6250;0001;000000;6024;0002;000000;0000;0060;000000;0000;0000;000000;0000;0000;000000;0000;0000;000000;0000;0000;000000;0000;0000;000000;0000;0430;000000;0000;0000;000000;0000;0000;000000;0000;0000;000000;0000;0000;000000;0000;00;000000000;                                        ;000000000                                                                                                    
0182;0001;8624;10;0019;350160024;D.AGTES. CANARIAS                   ;D.AGTES. CANARIAS   ;ALBAREDA, 6 PLTA1                   ;35008;                              ;                              ;0000;928451552;000000000;928451556;00000000;000000;           ;00;0000;231298;000000;0000;0000;0000;0000;0000;0000;0000;0000;00;2021-11-23;000000;0;0060;0;0;0;0;0;0;0;0;0;0100;1;0;0;1;0012;0;1;201090;0;1090;0;9;000000;00;0;0;0000;2536;0000;0000;0000;0000;0182;0027;0039;0050;0000;0000;0000;000;0000;000000;0000;8025;000000;0000;0000;000000;0000;0063;000000;6055;0013;000000;6250;0001;000000;6024;0011;000000;0000;0060;000000;0000;0005;000000;8597;0035;000000;0000;1989;000000;0000;0000;000000;0000;0000;000000;0000;0000;000000;0000;0000;000000;0000;0000;000000;0000;8812;000000;8822;0000;000000;0000;00;000000000;                                        ;000000000                                                                                                    
0182;0001;8633;10;0001;070400012;BALEARES AUTO                       ;BALEARES AUTO       ;GRAN VIA ASIMA, 4                   ;07009;                              ;                              ;0000;971436882;902424282;971433052;00000000;000000;           ;00;0000;010311;000000;0000;0000;0000;0000;0000;0000;0000;0000;00;2023-11-10;010311;1;0000;0;0;0;0;0;0;0;0;0;1101;1;0;1;1;0003;0;0;310010;1;0010;0;1;000118;00;1;1;8934;0000;0182;8019;0000;0000;0000;0000;0000;0000;0000;0000;0000;   ;0000;000000;0000;8864;000000;0000;3985;000000;0000;5221;000000;5219;6057;000000;6250;0001;000000;6024;0011;000000;0000;0060;000000;0000;0004;000000;0000;0007;000000;0000;0595;000000;0000;0000;000000;0000;0007;000000;0000;0000;241121;0011;8017;000000;0000;0000;000000;0000;0000;000000;0000;0000;000000;0000;03;902424282;G018633A@BBVA.COM                       ;000000000                                                                                                    
0182;0001;8653;10;0001;081050001;LA LLAGOSTA                         ;LA LLAGOSTA         ;SANT JOSEP, 1                       ;08120;                              ;                              ;0000;935600753;000000000;000000000;00000000;000000;           ;00;0000;030513;000000;0000;0000;0000;0000;0000;0000;0000;0000;00;2021-08-02;030513;1;0000;0;0;0;0;0;0;0;0;0;1101;1;0;1;1;0003;0;0;310010;1;0010;0;1;008004;08;0;0;4330;2542;0182;6252;0000;0000;0182;0027;0039;0035;0000;0000;1797;   ;9637;000000;0000;5299;000000;0000;0000;000000;0000;8302;000000;6055;0013;000000;6250;0001;000000;6024;0011;000000;0000;0060;000000;0000;0009;000000;8593;0008;000000;0000;0800;000000;0000;6352;000000;0000;0007;000000;6252;0000;110220;0011;0000;000000;0000;5855;000000;0000;8811;000000;8821;0000;000000;0000;03;000000000;G018653A@BBVA.COM                       ;000000000                                                                                                    
0182;0001;8738;10;0001;081010001;L'HOSPITALET-PROGRES  41            ;L'HOSPITALET-PROGRES;PROGRES, 41                         ;08903;                              ;                              ;0000;934487000;000000000;000000000;00000000;000000;           ;00;0000;030513;000000;0000;0000;0000;0000;0000;0000;0000;0000;00;2023-02-01;030513;1;0000;0;0;0;0;0;0;0;0;0;1101;1;0;1;1;0003;0;0;310010;1;0010;0;1;008113;08;1;1;3052;2542;0182;6252;0000;0000;0182;0027;0039;0035;0000;0000;1797;   ;5278;000000;0000;8963;000000;0000;0000;000000;0000;8302;000000;6055;0013;000000;6250;0001;000000;6024;0011;000000;0000;0060;000000;0000;0009;000000;8593;0008;000000;0000;0800;000000;0000;6352;000000;0000;0007;000000;6252;0000;010223;0011;0000;000000;0000;5855;000000;0000;8811;000000;8821;0000;000000;0000;03;000000000;G018738A@BBVA.COM                       ;000000000                                                                                                    
0182;0001;8752;10;0036;082850002;TORELLO - C. DEL PONT               ;TORELLO - C. DEL PON;DEL PONT, 40                        ;08570;                              ;                              ;0000;938591112;000000000;000000000;00000000;000000;           ;00;0000;030513;000000;0000;0000;0000;0000;0000;0000;0000;0000;00;2020-02-11;030513;1;0000;0;0;0;0;0;0;0;0;0;1101;1;0;1;1;0003;0;0;310010;1;0010;0;1;008008;08;0;0;8752;2542;0182;6252;0000;0000;0182;0027;0039;0035;0000;0000;1797;   ;5273;000000;0000;5299;000000;0000;0000;000000;0000;8302;000000;6055;0013;000000;6250;0001;000000;6024;0011;000000;0000;0060;000000;0000;0009;000000;8593;0008;000000;0000;0800;000000;0000;6352;000000;0000;0007;000000;6252;0000;110220;0011;0000;000000;0002;5855;000000;0000;8811;000000;5207;0000;000000;0000;02;000000000;G018752A@BBVA.COM                       ;000000000                                                                                                    
0182;0001;8759;10;0036;080880001;LA GARRIGA - BANYS                  ;LA GARRIGA - BANYS  ;BANYS, 28                           ;08530;                              ;                              ;0000;938605143;000000000;000000000;00000000;000000;           ;00;0000;030513;000000;0000;0000;0000;0000;0000;0000;0000;0000;00;2020-02-11;030513;1;0000;0;0;0;0;0;0;0;0;0;1101;1;0;1;1;0003;0;0;310010;1;0010;0;1;008008;08;0;0;8759;2542;0182;6252;0000;0000;0182;0027;0039;0035;0000;0000;1797;   ;5275;000000;0000;5299;000000;0000;0000;000000;0000;8302;000000;6055;0013;000000;6250;0001;000000;6024;0011;000000;0000;0060;000000;0000;0009;000000;8593;0008;000000;0000;0800;000000;0000;6352;000000;0000;0007;000000;6252;0000;110220;0011;0000;000000;0002;5855;000000;0000;8811;000000;5207;0000;000000;0000;03;000000000;G018759A@BBVA.COM                       ;000000000                                                                                                    
0182;0001;8763;10;0001;082980001;VIC - GENERALITAT 24                ;VIC - GENERALITAT 24;DE LA GENERALITAT, 24               ;08500;                              ;                              ;0000;938850928;000000000;000000000;00000000;000000;           ;00;0000;030513;000000;0000;0000;0000;0000;0000;0000;0000;0000;00;2020-02-11;030513;1;0000;0;0;0;0;0;0;0;0;0;1101;1;0;1;1;0003;0;0;310010;1;0010;0;1;040113;40;1;1;3507;2542;0182;6252;0000;0000;0182;0027;0039;0035;0000;0000;1797;   ;9627;000000;0000;5299;000000;0000;0000;000000;0000;8302;000000;6055;0013;000000;6250;0001;000000;6024;0011;000000;0000;0060;000000;0000;0009;000000;8593;0008;000000;0000;0800;000000;0000;6352;000000;0000;0007;000000;6252;0000;110220;0011;0000;000000;0000;5855;000000;0000;8811;000000;5207;0000;000000;0000;04;000000000;G018763A@BBVA.COM                       ;000000000                                                                                                    
0182;0001;8764;10;0001;081150001;MARTORELLES                         ;MARTORELLES         ;AV. PIERA, 45                       ;08107;                              ;                              ;0000;935706022;000000000;000000000;00000000;000000;           ;00;0000;030513;000000;0000;0000;0000;0000;0000;0000;0000;0000;00;2023-03-02;030513;1;0000;0;0;0;0;0;0;0;0;0;1101;1;0;1;1;0003;0;0;310010;1;0010;0;1;008119;08;1;1;9728;2542;0182;6252;0000;0000;0182;0027;0039;0035;0000;0000;1797;   ;5277;000000;0000;5299;000000;0000;0000;000000;0000;8302;000000;6055;0013;000000;6250;0001;000000;6024;0011;000000;0000;0060;000000;0000;0009;000000;8593;0008;000000;0000;0800;000000;0000;6352;000000;0000;0007;000000;6252;0000;020323;0011;0000;000000;0000;5855;000000;0000;8811;000000;8821;0000;000000;0000;04;000000000;G018764A@BBVA.COM                       ;000000000                                                                                                    
0182;0001;8781;20;0000;281230007;CBC-RIVAS                           ;CBC-RIVAS           ;AV. AURELIO ALVAREZ, 4              ;28521;                              ;                              ;0000;918700811;918700992;000000000;00000000;000000;           ;00;0000;140308;000000;0000;0000;0000;0000;0000;0000;0000;0000;00;2023-02-28;000000;0;0060;0;0;0;0;0;0;0;0;0;0100;1;0;0;0;0010;0;1;000090;0;0090;0;9;005000;05;0;0;0000;2528;0000;0000;0000;0000;0182;0027;0000;0000;0000;0000;0000;   ;8781;000000;0000;9805;000000;0000;0000;000000;0000;0051;000000;6055;0013;000000;6250;0001;000000;6024;0011;000000;0000;0060;000000;0000;0012;000000;8594;0000;000000;0000;0985;000000;0000;6352;000000;0000;0000;000000;0000;0000;000000;0000;0000;000000;0000;0000;000000;0000;0000;000000;0000;0000;000000;0000;02;000000000;G018781A@BBVA.COM                       ;000000000                                                                                                    
0182;0001;8782;10;0001;350160024;CANARIAS AUTO                       ;CANARIAS AUTO       ;ALBAREDA, 6                         ;35008;                              ;                              ;0000;928451533;902424282;928453649;00000000;000000;           ;00;0000;010311;000000;0000;0000;0000;0000;0000;0000;0000;0000;00;2023-11-10;010311;1;0000;0;0;0;0;0;0;0;0;0;1101;1;0;1;1;0003;0;0;310010;1;0010;0;1;000118;00;1;1;8934;0000;0182;8019;0000;0000;0000;0000;0000;0000;0000;0000;0000;   ;0000;000000;0000;8864;000000;0000;3985;000000;0000;5221;000000;5219;6057;000000;6250;0001;000000;6024;0011;000000;0000;0060;000000;0000;0005;000000;0000;0035;000000;0000;1989;000000;0000;0000;000000;0000;0011;000000;0000;0000;241121;0011;8017;000000;0000;0000;000000;0000;0000;000000;0000;0000;000000;0000;02;902424282;G018782A@BBVA.COM                       ;000000000                                                                                                    
0182;0001;8792;10;0018;000000000;SINGAPUR FFPP HLD                   ;SINGAPUR FFPP HLD   ;UOB PLAZA 1, 55-02 FLOOR, 80 RAFFLES;99999;                              ;                              ;0000;999999999;000000000;000000000;00000000;000000;           ;00;0000;151225;000000;0000;0000;0000;0000;0000;0000;0000;0000;00;2025-12-16;151225;1;0000;8;0;0;0;0;0;0;0;0;0102;1;0;2;3;0000;0;0;000090;0;0090;0;9;000000;00;0;0;0000;0000;0000;0000;0000;0000;0000;0000;9999;0099;0000;0000;0000;   ;0000;000000;0000;8259;000000;0000;7901;000000;0000;7895;000000;0000;7773;000000;6212;0001;000000;6038;0706;000000;0000;0060;000000;0000;0000;000000;0000;0000;000000;0000;0000;000000;0000;0000;000000;0000;0000;000000;0000;0440;000000;0000;0000;000000;0000;0000;000000;0000;0000;000000;0000;0000;000000;0000;00;000000000;                                        ;000000000                                                                                                    
0182;0001;8793;10;0018;000000000;FDOS PROP. SHANGHAI HLD             ;FFPP SHANGHAI HLD   ;4501,08 JINMAO TOWER, 88 CENTURY BV ;99999;                              ;                              ;0000;999999999;000000000;000000000;00000000;000000;           ;00;0000;151225;000000;0000;0000;0000;0000;0000;0000;0000;0000;00;2025-12-16;151225;1;0000;8;0;0;0;0;0;0;0;0;0102;1;0;2;3;0000;0;0;000090;0;0090;0;9;000000;00;0;0;0000;0000;0000;0000;0000;0000;0000;0000;9999;0099;0000;0000;0000;   ;0000;000000;0000;2183;000000;0000;2246;000000;0000;7895;000000;0000;7773;000000;6212;0001;000000;6038;0720;000000;0000;0060;000000;0000;0000;000000;0000;0000;000000;0000;0000;000000;0000;0000;000000;0000;0000;000000;0000;0431;000000;0000;0000;000000;0000;0000;000000;0000;0000;000000;0000;0000;000000;0000;00;000000000;                                        ;000000000                                                                                                    
0182;0001;8861;20;0000;380060005;CBC-TFE. SUR-GOMERA                 ;CBC-TFE. SUR-GOMERA ;AV. LOS PLAYEROS, 23                ;38650;                              ;                              ;0000;922791374;922791170;000000000;00000000;000000;           ;00;0000;140308;000000;0000;0000;0000;0000;0000;0000;0000;0000;00;2025-09-04;000000;0;0060;0;0;0;0;0;0;0;0;0;0100;1;0;0;0;0010;0;1;000090;0;0090;0;9;005000;05;0;0;0000;2536;0000;0000;0000;0000;0182;0027;0000;0000;0000;0000;0000;   ;8861;000000;0000;9814;000000;0000;0000;000000;0000;0063;000000;6055;0013;000000;6250;0001;000000;6024;0011;000000;0000;0060;000000;0000;0005;000000;8597;0000;000000;0000;1989;000000;0000;6352;000000;0000;0000;000000;0000;0000;000000;0000;0000;000000;0000;0000;000000;0000;0000;000000;0000;0000;000000;0000;01;000000000;G018861A@BBVA.COM                       ;000000000                                                                                                    
0182;0001;8865;20;0000;380260019;CBC-TENERIFE NORTE                  ;CBC-TENERIFE NORTE  ;PL. DE LA CONSTITUCION, 4-5         ;38300;OROTAVA (LA)                  ;                              ;0000;922331943;000000000;922332799;00000000;000000;           ;00;0000;140308;000000;0000;0000;0000;0000;0000;0000;0000;0000;00;2023-02-28;000000;0;0060;0;0;0;0;0;0;0;0;0;0100;1;0;0;0;0010;0;1;000090;0;0090;0;9;005000;05;0;0;0000;2536;0000;0000;0000;0000;0182;0027;0000;0000;0000;0000;0000;   ;8865;000000;0000;9814;000000;0000;0000;000000;0000;0063;000000;6055;0013;000000;6250;0001;000000;6024;0011;000000;0000;0060;000000;0000;0005;000000;8597;0000;000000;0000;1989;000000;0000;6352;000000;0000;0000;000000;0000;0000;000000;0000;0000;000000;0000;0000;300408;0000;0000;000000;0000;0000;000000;0000;02;000000000;G018865A@BBVA.COM                       ;000000000                                                                                                    
0182;0001;8872;10;0018;000000000;MENA TB                             ;MENA - TB           ;CORSO VITTORIO EMANUELE II, 9       ;20122;                              ;                              ;0000;999999999;000000000;000000000;00000000;000000;           ;00;0000;121125;000000;0000;0000;0000;0000;0000;0000;0000;0000;00;2025-11-13;121125;1;0000;8;0;0;0;0;0;0;0;0;0102;1;0;2;3;0000;0;0;000090;0;0090;0;9;000100;00;1;0;0000;0000;0000;0000;0000;0000;0000;0000;9999;0099;0000;0000;0000;   ;7898;000000;0000;8202;000000;0000;2222;000000;0000;0000;000000;0000;7723;000000;7721;0001;000000;6038;0005;000000;0000;0060;000000;0000;0000;000000;0000;0000;000000;0000;0000;000000;0000;0000;000000;0000;0000;000000;0000;0407;000000;0000;0000;000000;0000;0000;000000;0000;0000;000000;0000;0000;000000;0000;00;000000000;                                        ;000000000                                                                                                    
0182;0001;8873;10;0018;000000000;M&A  ITALIA                         ;M&A  ITALIA         ;CORSO VITTORIO EMANUELE II, 9       ;20122;                              ;                              ;0000;999999999;000000000;000000000;00000000;000000;           ;00;0000;121125;000000;0000;0000;0000;0000;0000;0000;0000;0000;00;2025-11-12;121125;1;0000;8;0;0;0;0;0;0;0;0;0102;1;0;2;3;0000;0;0;000090;0;0090;0;9;000100;00;1;0;0000;0000;0000;0000;0000;0000;0000;0000;9999;0099;0000;0000;0000;   ;0000;000000;0000;0000;000000;0000;2222;000000;0000;7689;000000;0000;7682;000000;7657;0001;000000;6038;0005;000000;0000;0060;000000;0000;0000;000000;0000;0000;000000;0000;0000;000000;0000;0000;000000;0000;0001;000000;0000;0408;000000;0000;0000;000000;0000;0000;000000;0000;0000;000000;0000;0000;000000;0000;00;000000000;                                        ;000000000                                                                                                    
0182;0001;8884;20;0000;350040003;CBC-LANZAROTE                       ;CBC-LANZAROTE       ;LEON Y CASTILLO, 8                  ;35500;ARRECIFE                      ;                              ;0000;928815050;000000000;000000000;00000000;000000;           ;00;0000;140308;000000;0000;0000;0000;0000;0000;0000;0000;0000;00;2021-08-03;000000;0;0060;0;0;0;0;0;0;0;0;0;0100;1;0;0;0;0010;0;1;000090;0;0090;0;9;005000;05;0;0;0000;2536;0000;0000;0000;0000;0182;0027;0000;0000;0000;0000;0000;   ;8884;000000;0000;9816;000000;0000;0000;000000;0000;0063;000000;6055;0013;000000;6250;0001;000000;6024;0011;000000;0000;0060;000000;0000;0005;000000;8597;0000;000000;0000;1989;000000;0000;6352;000000;0000;0000;000000;0000;0000;000000;0000;0000;000000;0000;0000;170109;0000;0000;000000;0000;0000;000000;0000;02;000000000;G018884A@BBVA.COM                       ;000000000                                                                                                    
0182;0001;8890;20;0000;350160024;CBC-LAS PALMAS-MESA Y LOPEZ         ;CBC-LAS PALMAS-MESA ;AV. MESA Y LOPEZ, 44                ;35008;                              ;                              ;0000;910000000;000000000;000000000;00000000;000000;           ;00;0000;140308;000000;0000;0000;0000;0000;0000;0000;0000;0000;00;2022-08-03;000000;0;0060;0;0;0;0;0;0;0;0;0;0100;1;0;0;0;0010;0;1;000090;0;0090;0;9;041000;41;0;0;0000;2536;0000;0000;0000;0000;0182;0027;0000;0000;0000;0000;0000;   ;8890;000000;0000;9816;000000;0000;0000;000000;0000;0063;000000;6055;0013;000000;6250;0001;000000;6024;0011;000000;0000;0060;000000;0000;0005;000000;8597;0000;000000;0000;1989;000000;0000;6352;000000;0000;0000;000000;0000;0000;000000;0000;0000;000000;0000;0000;000000;0000;0000;000000;0000;0000;000000;0000;01;000000000;G018890A@BBVA.COM                       ;000000000                                                                                                    
0182;0001;8892;10;0026;170790005;Z.CONTIGO-DT SUR-GIRONA             ;Z.C.-DT SUR-GIRONA  ;CAMPCARDOS, 33                      ;17006;                              ;                              ;0000;918330625;000000000;000000000;00000000;000000;           ;00;0000;081123;000000;0000;0000;0000;0000;0000;0000;0000;0000;00;2024-02-15;081123;1;0000;0;0;0;0;0;0;0;0;0;1101;1;0;1;1;0003;0;0;310000;1;0000;0;0;000110;00;1;1;0000;2527;0182;6252;0000;0000;0182;0027;0039;0035;0000;0000;6000;   ;0000;000000;0000;2526;000000;0000;0000;000000;0000;0072;000000;6055;0013;000000;6250;0001;000000;6024;0011;000000;0000;0060;000000;0000;0009;000000;8596;0017;000000;0000;0479;000000;0000;6352;000000;0000;0012;000000;6252;0000;101123;0011;0000;000000;0002;5855;000000;0000;8817;000000;8827;0000;000000;0000;00;000000000;G018320A@BBVA.COM                       ;000000000                                                                                                    
0182;0001;8893;10;0018;000000000;DATA UK                             ;DATA UK             ;ONE CANADA SQUARE 44F               ;99999;                              ;                              ;0000;999999999;000000000;000000000;00000000;000000;           ;00;0000;080725;000000;0000;0000;0000;0000;0000;0000;0000;0000;00;2025-07-08;080725;1;0000;8;0;0;0;0;0;0;0;0;0102;1;0;2;3;0000;0;0;000090;0;0090;0;9;000000;00;0;0;0000;0000;0000;0000;0000;0000;0000;0000;9999;0099;0000;0000;0000;   ;0000;000000;0000;0000;000000;0000;2223;000000;0000;0000;000000;0000;7672;000000;7657;0001;000000;6038;0006;000000;0000;0060;000000;0000;0000;000000;0000;0000;000000;0000;0000;000000;0000;0000;000000;0000;0001;000000;0000;0402;000000;0000;0000;000000;0000;0000;000000;0000;0000;000000;0000;0000;000000;0000;00;000000000;                                        ;000000000                                                                                                    
0182;0001;8894;20;0000;350160024;CBC-LAS PALMAS-CIUDAD ALTA          ;CBC-LAS PALMAS-CIUDA;DON PEDRO INFINITO, 64              ;35012;                              ;                              ;0000;928201200;928201300;000000000;00000000;000000;           ;00;0000;140308;000000;0000;0000;0000;0000;0000;0000;0000;0000;00;2019-01-14;000000;0;0060;0;0;0;0;0;0;0;0;0;0100;1;0;0;0;0010;0;1;000090;0;0090;0;9;005000;05;0;0;0000;2536;0000;0000;0000;0000;0182;0027;0000;0000;0000;0000;0000;   ;8894;000000;0000;9816;000000;0000;0000;000000;0000;0063;000000;6055;0013;000000;6250;0001;000000;6024;0011;000000;0000;0060;000000;0000;0005;000000;8597;0000;000000;0000;1989;000000;0000;6352;000000;0000;0000;000000;0000;0000;000000;0000;0000;000000;0000;0000;000000;0000;0000;000000;0000;0000;000000;0000;03;000000000;G018894A@BBVA.COM                       ;000000000                                                                                                    
0182;0001;8896;20;0000;350160024;CBC-LAS PALMAS-TRIANA               ;CBC-LAS PALMAS-TRIAN;MAYOR DE TRIANA, 91                 ;35002;                              ;                              ;0000;928360144;000000000;000000000;00000000;000000;           ;00;0000;140308;000000;0000;0000;0000;0000;0000;0000;0000;0000;00;2020-06-02;000000;0;0060;0;0;0;0;0;0;0;0;0;0100;1;0;0;0;0010;0;1;000090;0;0090;0;9;041000;41;0;0;0000;2536;0000;0000;0000;0000;0182;0027;0000;0000;0000;0000;0000;   ;8896;000000;0000;9816;000000;0000;0000;000000;0000;0063;000000;6055;0013;000000;6250;0001;000000;6024;0011;000000;0000;0060;000000;0000;0005;000000;8597;0000;000000;0000;1989;000000;0000;6352;000000;0000;0000;000000;0000;0000;000000;0000;0000;000000;0000;0000;000000;0000;0000;000000;0000;0000;000000;0000;01;000000000;G018896A@BBVA.COM                       ;000000000                                                                                                    
0182;0001;8898;20;0000;350060002;CBC - GRAN CANARIA NOROESTE         ;CBC-G CANARIA NOROES;FRANCISCO GOURIE, 5                 ;35400;                              ;                              ;0000;928600062;928600082;000000000;00000000;000000;           ;00;0000;140308;000000;0000;0000;0000;0000;0000;0000;0000;0000;00;2021-08-02;000000;0;0060;0;0;0;0;0;0;0;0;0;0100;1;0;0;0;0010;0;1;000090;0;0090;0;9;005000;05;0;0;0000;2536;0000;0000;0000;0000;0182;0027;0000;0000;0000;0000;0000;   ;8898;000000;0000;9816;000000;0000;0000;000000;0000;0063;000000;6055;0013;000000;6250;0001;000000;6024;0011;000000;0000;0060;000000;0000;0005;000000;8597;0000;000000;0000;1989;000000;0000;6352;000000;0000;0000;000000;0000;0000;000000;0000;0000;000000;0000;0000;000000;0000;0000;000000;0000;0000;000000;0000;02;000000000;G018898A@BBVA.COM                       ;000000000                                                                                                    
0182;0001;8911;20;0000;290690013;CBC-S.PEDRO ALCANTARA               ;CBC-S.PEDRO ALCANTAR;LAGASCA ESQ.ALVAREZ QUINTERO        ;29670;                              ;                              ;0000;952799877;952799720;000000000;00000000;000000;           ;00;0000;130123;000000;0000;0000;0000;0000;0000;0000;0000;0000;00;2023-01-16;000000;0;0060;0;0;0;0;0;0;0;0;0;0100;1;0;0;0;0010;0;1;000090;0;0090;0;9;005000;05;0;0;0000;2527;0000;0000;0000;0000;0182;0027;0000;0000;0000;0000;0000;   ;8911;000000;0000;9818;000000;0000;0000;000000;0000;0072;000000;6055;0013;000000;6250;0001;000000;6024;0011;000000;0000;0060;000000;0000;0001;000000;8596;0000;000000;0000;0479;000000;0000;6352;000000;0000;0000;000000;0000;0000;000000;0000;0000;000000;0000;0000;000000;0000;0000;000000;0000;0000;000000;0000;02;000000000;G018911A@BBVA.COM                       ;000000000                                                                                                    
0182;0001;8914;20;0000;290540001;CBC-FUENGIROLA                      ;CBC-FUENGIROLA      ;ALFONSO XIII, 6 EDIF.S.FERNANDO     ;29640;FUENGIROLA                    ;                              ;0000;952198067;952198396;000000000;00000000;000000;           ;00;0000;140308;000000;0000;0000;0000;0000;0000;0000;0000;0000;00;2023-08-31;000000;0;0060;0;0;0;0;0;0;0;0;0;0100;1;0;0;0;0010;0;1;000090;0;0090;0;9;005000;05;0;0;0000;2527;0000;0000;0000;0000;0182;0027;0000;0000;0000;0000;0000;   ;8914;000000;0000;9817;000000;0000;0000;000000;0000;0072;000000;6055;0013;000000;6250;0001;000000;6024;0011;000000;0000;0060;000000;0000;0001;000000;8596;0000;000000;0000;0479;000000;0000;6352;000000;0000;0000;000000;0000;0000;000000;0000;0000;000000;0000;0000;140408;0000;0000;000000;0000;0000;000000;0000;01;000000000;G018914A@BBVA.COM                       ;000000000                                                                                                    
0182;0001;8918;20;0000;299010001;CBC-TORREMOLINOS                    ;CBC-TORREMOLINOS    ;PL. COSTA DEL SOL, 9                ;29620;TORREMOLINOS                  ;                              ;0000;952378769;952378300;000000000;00000000;000000;           ;00;0000;140308;000000;0000;0000;0000;0000;0000;0000;0000;0000;00;2023-05-02;000000;0;0060;0;0;0;0;0;0;0;0;0;0100;1;0;0;0;0010;0;1;000090;0;0090;0;9;005000;05;0;0;0000;2527;0000;0000;0000;0000;0182;0027;0000;0000;0000;0000;0000;   ;8918;000000;0000;9817;000000;0000;0000;000000;0000;0072;000000;6055;0013;000000;6250;0001;000000;6024;0011;000000;0000;0060;000000;0000;0001;000000;8596;0000;000000;0000;0479;000000;0000;6352;000000;0000;0000;000000;0000;0000;000000;0000;0000;000000;0000;0000;140408;0000;0000;000000;0000;0000;000000;0000;01;000000000;G018918A@BBVA.COM                       ;000000000                                                                                                    
0182;0001;8919;20;0000;110320007;CBC-SANLUCAR BDA.-ANCHA             ;CBC-SANLUCAR BDA.-AN;ANCHA, 11                           ;11540;                              ;                              ;0000;956385260;956385262;000000000;00000000;000000;           ;00;0000;130123;000000;0000;0000;0000;0000;0000;0000;0000;0000;00;2023-01-16;000000;0;0060;0;0;0;0;0;0;0;0;0;0100;1;0;0;0;0010;0;1;000090;0;0090;0;9;005000;05;0;0;0000;2527;0000;0000;0000;0000;0182;0027;0000;0000;0000;0000;0000;   ;8919;000000;0000;9822;000000;0000;0000;000000;0000;0072;000000;6055;0013;000000;6250;0001;000000;6024;0011;000000;0000;0060;000000;0000;0001;000000;8596;0000;000000;0000;0479;000000;0000;6352;000000;0000;0000;000000;0000;0000;000000;0000;0000;000000;0000;0000;000000;0000;0000;000000;0000;0000;000000;0000;02;000000000;G018919A@BBVA.COM                       ;000000000                                                                                                    
0182;0001;8920;20;0000;110270014;CBC-PUERTO SANTA MARIA              ;CBC-PUERTO SANTA MAR;VIRGEN DE LOS MILAGROS, 87          ;11500;                              ;                              ;0000;956542047;000000000;000000000;00000000;000000;           ;00;0000;140308;000000;0000;0000;0000;0000;0000;0000;0000;0000;00;2021-08-04;000000;0;0060;0;0;0;0;0;0;0;0;0;0100;1;0;0;0;0010;0;1;000090;0;0090;0;9;005000;05;0;0;0000;2527;0000;0000;0000;0000;0182;0027;0000;0000;0000;0000;0000;   ;8920;000000;0000;9822;000000;0000;0000;000000;0000;0072;000000;6055;0013;000000;6250;0001;000000;6024;0011;000000;0000;0060;000000;0000;0001;000000;8596;0000;000000;0000;0479;000000;0000;6352;000000;0000;0000;000000;0000;0000;000000;0000;0000;000000;0000;0000;000000;0000;0000;000000;0000;0000;000000;0000;02;000000000;G018920A@BBVA.COM                       ;000000000                                                                                                    
0182;0001;8925;10;0026;081690001;Z.CONTIGO-DT SUR-EL PRAT            ;Z.C.-DT SUR-EL PRAT ;CL DEL ROURE,6 EDIFICIO PRAT 2 - PLT;08820;                              ;                              ;0000;918330625;000000000;000000000;00000000;000000;           ;00;0000;081123;000000;0000;0000;0000;0000;0000;0000;0000;0000;00;2024-10-08;081123;1;0000;0;0;0;0;0;0;0;0;0;1101;1;0;1;1;0003;0;0;310000;1;0000;0;0;000110;00;1;1;0000;2527;0182;6252;0000;0000;0182;0027;0039;0035;0000;0000;6000;   ;0000;000000;0000;2526;000000;0000;0000;000000;0000;0072;000000;6055;0013;000000;6250;0001;000000;6024;0011;000000;0000;0060;000000;0000;0009;000000;8596;0008;000000;0000;0479;000000;0000;6352;000000;0000;0012;000000;6252;0000;081024;0011;0000;000000;0000;0000;000000;0000;8817;000000;8827;0000;000000;0000;00;000000000;G015210A@BBVA.COM                       ;000000000                                                                                                    
0182;0001;8957;20;0000;110220001;CBC-CAMPO GIBRALTAR                 ;CBC-CAMPO GIBRALTAR ;JARDINES, 13                        ;11300;                              ;                              ;0000;956692035;956692036;000000000;00000000;000000;           ;00;0000;140308;000000;0000;0000;0000;0000;0000;0000;0000;0000;00;2021-08-09;000000;0;0060;0;0;0;0;0;0;0;0;0;0100;1;0;0;0;0010;0;1;000090;0;0090;0;9;005000;05;0;0;0000;2527;0000;0000;0000;0000;0182;0027;0000;0000;0000;0000;0000;   ;8957;000000;0000;9822;000000;0000;0000;000000;0000;0072;000000;6055;0013;000000;6250;0001;000000;6024;0011;000000;0000;0060;000000;0000;0001;000000;8596;0000;000000;0000;0479;000000;0000;6352;000000;0000;0000;000000;0000;0000;000000;0000;0000;000000;0000;0000;000000;0000;0000;000000;0000;0000;000000;0000;01;000000000;G018957A@BBVA.COM                       ;000000000                                                                                                    
0182;0001;8959;20;0000;210440004;CBC-LEPE                            ;CBC-LEPE            ;REAL, 3                             ;21440;                              ;                              ;0000;959382829;000000000;000000000;00000000;000000;           ;00;0000;140308;000000;0000;0000;0000;0000;0000;0000;0000;0000;00;2021-08-04;000000;0;0060;0;0;0;0;0;0;0;0;0;0100;1;0;0;0;0010;0;1;000090;0;0090;0;9;005000;05;0;0;0000;2527;0000;0000;0000;0000;0182;0027;0000;0000;0000;0000;0000;   ;8959;000000;0000;9826;000000;0000;0000;000000;0000;0072;000000;6055;0013;000000;6250;0001;000000;6024;0011;000000;0000;0060;000000;0000;0001;000000;8596;0000;000000;0000;0479;000000;0000;6352;000000;0000;0000;000000;0000;0000;000000;0000;0000;000000;0000;0000;000000;0000;0000;000000;0000;0000;000000;0000;03;000000000;G018959A@BBVA.COM                       ;000000000                                                                                                    
0182;0001;9007;50;0000;150300001;DR NOROESTE-REAL ESTATE BEC         ;DR NOROESTE-R.E.BEC ;DURAN LORIGA, 9 BAJA                ;15003;                              ;                              ;0000;999999999;000000000;000000000;00000000;000000;           ;00;0000;220216;000000;0000;0000;0000;0000;0000;0000;0000;0000;00;2016-01-20;000000;0;0060;0;0;0;0;0;0;0;0;0;0100;1;0;0;1;0010;0;1;000090;0;0090;0;9;000000;00;0;0;0000;5798;0000;0000;0000;0000;0000;0000;0000;0000;0000;0000;0000;   ;0000;000000;0000;0000;000000;0000;0000;000000;0000;9007;000000;8411;8484;000000;6051;0001;000000;6024;0011;000000;0000;0060;000000;0000;0011;000000;8591;0000;000000;0000;1985;000000;0000;0000;000000;0000;0000;000000;0000;0000;000000;0000;0000;000000;0000;0000;000000;0000;0000;000000;0000;0000;000000;0000;00;000000000;                                        ;000000000                                                                                                    
0182;0001;9008;20;0000;049020003;CBC-EL EJIDO                        ;CBC-EL EJIDO        ;CARRETERA DE MALAGA, 272            ;04700;                              ;                              ;0000;950487718;950487073;000000000;00000000;000000;           ;00;0000;140308;000000;0000;0000;0000;0000;0000;0000;0000;0000;00;2021-08-09;000000;0;0060;0;0;0;0;0;0;0;0;0;0100;1;0;0;0;0010;0;1;000090;0;0090;0;9;005000;05;0;0;0000;2527;0000;0000;0000;0000;0182;0027;0000;0000;0000;0000;0000;   ;9008;000000;0000;9821;000000;0000;0000;000000;0000;0072;000000;6055;0013;000000;6250;0001;000000;6024;0011;000000;0000;0060;000000;0000;0001;000000;8596;0000;000000;0000;0479;000000;0000;6352;000000;0000;0000;000000;0000;0000;000000;0000;0000;000000;0000;0000;000000;0000;0000;000000;0000;0000;000000;0000;02;000000000;G019008A@BBVA.COM                       ;000000000                                                                                                    
0182;0001;9018;10;0018;000000000;BEC ALEMANIA                        ;BEC ALEMANIA        ;NEUE MAINZER STRASSE,28(FRFURT-MAIN);60311;                              ;                              ;0000;913748515;913746073;000000000;00000000;000000;           ;00;0000;281123;000000;0000;0000;0000;0000;0000;0000;0000;0000;00;2024-04-09;281123;1;0000;8;0;0;0;0;0;0;0;0;0102;1;0;2;3;0000;0;0;000090;0;0090;0;9;000110;00;1;1;0000;0000;0182;6252;0000;0000;0000;0000;9999;0099;0000;0000;4000;   ;0000;000000;0000;4625;000000;0000;4777;000000;0000;4644;000000;0000;7778;000000;6250;0001;000000;6024;0004;000000;0000;0060;000000;0000;0000;000000;0000;0000;000000;0000;1555;000000;0000;6352;000000;0000;0000;000000;0000;0508;000000;0011;0000;000000;0000;0000;000000;0000;0000;000000;0000;0000;000000;0000;00;000000000;                                        ;000000000                                                                                                    
0182;0001;9036;20;0000;430370002;CBC CALAFELL                        ;CBC CALAFELL        ;CALLE DE SANT PERE, 20              ;43820;                              ;                              ;0000;977693722;000000000;000000000;00000000;000000;           ;00;0000;130123;000000;0000;0000;0000;0000;0000;0000;0000;0000;00;2023-02-01;000000;0;0060;0;0;0;0;0;0;0;0;0;0100;1;0;0;1;0010;0;1;000090;0;0090;0;9;005000;05;0;0;0000;2542;0000;0000;0000;0000;0182;0027;0039;0035;0000;0000;0000;   ;9036;000000;0000;9928;000000;0000;0000;000000;0000;8302;000000;6055;0013;000000;6250;0001;000000;6024;0011;000000;0000;0060;000000;0000;0009;000000;8593;0000;000000;0000;0800;000000;0000;6352;000000;0000;0000;000000;0000;0000;000000;0000;0000;000000;0000;5855;000000;0000;8811;000000;5207;0000;000000;0000;03;000000000;G019036A@BBVA.COM                       ;000000000                                                                                                    
0182;0001;9053;20;0000;312010002;CBC-PAMPLONA                        ;CBC-PAMPLONA        ;AV. CARLOS III, 33                  ;31004;                              ;                              ;0000;948169900;000000000;000000000;00000000;000000;           ;00;0000;140308;000000;0000;0000;0000;0000;0000;0000;0000;0000;00;2021-08-04;000000;0;0060;0;0;0;0;0;0;0;0;0;0100;1;0;0;0;0010;0;1;000090;0;0090;0;9;041000;41;0;0;0000;2529;0000;0000;0000;0000;0182;0027;0000;0000;0000;0000;0000;   ;9053;000000;0000;9832;000000;0000;0000;000000;0000;1523;000000;6055;0013;000000;6250;0001;000000;6024;0011;000000;0000;0060;000000;0000;0013;000000;8592;0000;000000;0000;2017;000000;0000;6352;000000;0000;0000;000000;0000;0000;000000;0000;0000;000000;0000;0000;000000;0000;0000;000000;0000;0000;000000;0000;01;000000000;G019053A@BBVA.COM                       ;000000000                                                                                                    
0182;0001;9061;20;0000;312010002;CBC-PAMPLONA MONASTERIO DE URDAX    ;CBC-PAMPLONA MONASTE;MONASTERIO DE URDAX, 45             ;31011;                              ;                              ;0000;948254412;000000000;000000000;00000000;000000;           ;00;0000;130123;000000;0000;0000;0000;0000;0000;0000;0000;0000;00;2023-01-16;000000;0;0060;0;0;0;0;0;0;0;0;0;0100;1;0;0;0;0010;0;1;000090;0;0090;0;9;005000;05;0;0;0000;2529;0000;0000;0000;0000;0182;0027;0000;0000;0000;0000;0000;   ;9061;000000;0000;9830;000000;0000;0000;000000;0000;1523;000000;6055;0013;000000;6250;0001;000000;6024;0011;000000;0000;0060;000000;0000;0013;000000;8592;0000;000000;0000;2017;000000;0000;6352;000000;0000;0000;000000;0000;0000;000000;0000;0000;000000;0000;0000;000000;0000;0000;000000;0000;0000;000000;0000;02;000000000;G019061A@BBVA.COM                       ;000000000                                                                                                    
0182;0001;9065;20;0000;260180001;CBC-ARNEDO                          ;CBC-ARNEDO          ;JUAN CARLOS I, 14                   ;26580;                              ;                              ;0000;941380962;941380386;000000000;00000000;000000;           ;00;0000;130123;000000;0000;0000;0000;0000;0000;0000;0000;0000;00;2023-01-16;000000;0;0060;0;0;0;0;0;0;0;0;0;0100;1;0;0;0;0010;0;1;000090;0;0090;0;9;005000;05;0;0;0000;2529;0000;0000;0000;0000;0182;0027;0000;0000;0000;0000;0000;   ;9065;000000;0000;9830;000000;0000;0000;000000;0000;1523;000000;6055;0013;000000;6250;0001;000000;6024;0011;000000;0000;0060;000000;0000;0016;000000;8592;0000;000000;0000;2017;000000;0000;6352;000000;0000;0000;000000;0000;0000;000000;0000;0000;000000;0000;0000;000000;0000;0000;000000;0000;0000;000000;0000;03;000000000;G019065A@BBVA.COM                       ;000000000                                                                                                    
0182;0001;9074;20;0000;310970001;CBC-NAVARRA NORTE                   ;CBC-NAVARRA NORTE   ;SAN ANDRES, 8                       ;31200;                              ;                              ;0000;948556305;000000000;000000000;00000000;000000;           ;00;0000;041214;000000;0000;0000;0000;0000;0000;0000;0000;0000;00;2021-08-04;000000;0;0060;0;0;0;0;0;0;0;0;0;0100;1;0;0;0;0010;0;1;000090;0;0090;0;9;005000;05;0;0;0000;2529;0000;0000;0000;0000;0182;0027;0000;0000;0000;0000;0000;   ;9074;000000;0000;9832;000000;0000;0000;000000;0000;1523;000000;6055;0013;000000;6250;0001;000000;6024;0011;000000;0000;0060;000000;0000;0013;000000;8592;0000;000000;0000;2017;000000;0000;6352;000000;0000;0000;000000;0000;0000;000000;0000;0000;000000;0000;0000;000000;0000;0000;000000;0000;0000;000000;0000;03;000000000;                                        ;000000000                                                                                                    
0182;0001;9196;20;0000;200800001;CBC-ZUMARRAGA                       ;CBC-ZUMARRAGA       ;J.M. IPARRAGUIRRE, 12               ;20700;                              ;                              ;0000;943712090;943712161;000000000;00000000;000000;           ;00;0000;130123;000000;0000;0000;0000;0000;0000;0000;0000;0000;00;2023-01-16;000000;0;0060;0;0;0;0;0;0;0;0;0;0100;1;0;0;0;0010;0;1;000090;0;0090;0;9;005000;05;0;0;0000;2529;0000;0000;0000;0000;0182;0027;0000;0000;0000;0000;0000;   ;9196;000000;0000;9832;000000;0000;0000;000000;0000;1523;000000;6055;0013;000000;6250;0001;000000;6024;0011;000000;0000;0060;000000;0000;0015;000000;8592;0000;000000;0000;2017;000000;0000;6352;000000;0000;0000;000000;0000;0000;000000;0000;0000;000000;0000;0000;000000;0000;0000;000000;0000;0000;000000;0000;02;000000000;G019196A@BBVA.COM                       ;000000000                                                                                                    
0182;0001;9226;20;0000;480130004;CBC-BARAKALDO                       ;CBC-BARAKALDO       ;NAFARROA, 11                        ;48901;SAN VICENTE DE BARAKALDO      ;                              ;0000;944180000;944189179;944189178;00000000;000000;           ;00;0000;140308;000000;0000;0000;0000;0000;0000;0000;0000;0000;00;2021-08-04;000000;0;0060;0;0;0;0;0;0;0;0;0;0100;1;0;0;0;0010;0;1;000090;0;0090;0;9;005000;05;0;0;0000;2529;0000;0000;0000;0000;0182;0027;0000;0000;0000;0000;0000;   ;9226;000000;0000;9833;000000;0000;0000;000000;0000;1523;000000;6055;0013;000000;6250;0001;000000;6024;0011;000000;0000;0060;000000;0000;0015;000000;8592;0000;000000;0000;2017;000000;0000;6352;000000;0000;0000;000000;0000;0000;000000;0000;0000;000000;0000;0000;240408;0000;0000;000000;0000;0000;000000;0000;02;000000000;G019226A@BBVA.COM                       ;000000000                                                                                                    
0182;0001;9252;20;0000;480150001;CBC-BASAURI                         ;CBC-BASAURI         ;AGUIRRE LEHENDAKARI, 56             ;48970;                              ;                              ;0000;944562650;944562654;000000000;00000000;000000;           ;00;0000;140308;000000;0000;0000;0000;0000;0000;0000;0000;0000;00;2023-01-18;000000;0;0060;0;0;0;0;0;0;0;0;0;0100;1;0;0;0;0010;0;1;000090;0;0090;0;9;005000;05;0;0;0000;2529;0000;0000;0000;0000;0182;0027;0000;0000;0000;0000;0000;   ;9252;000000;0000;9836;000000;0000;0000;000000;0000;1523;000000;6055;0013;000000;6250;0001;000000;6024;0011;000000;0000;0060;000000;0000;0015;000000;8592;0000;000000;0000;2017;000000;0000;6352;000000;0000;0000;000000;0000;0000;000000;0000;0000;000000;0000;0000;000000;0000;0000;000000;0000;0000;000000;0000;02;000000000;G019252A@BBVA.COM                       ;000000000                                                                                                    
0182;0001;9269;20;0000;390160007;CBC-MURIEDAS                        ;CBC-MURIEDAS        ;AV. CONCORDIA, 5                    ;39600;MURIEDAS                      ;                              ;0000;942251944;942251945;942250441;00000000;000000;           ;00;0000;140308;000000;0000;0000;0000;0000;0000;0000;0000;0000;00;2021-08-04;000000;0;0060;0;0;0;0;0;0;0;0;0;0100;1;0;0;0;0010;0;1;000090;0;0090;0;9;005000;05;0;0;0000;2529;0000;0000;0000;0000;0182;0027;0000;0000;0000;0000;0000;   ;9269;000000;0000;9836;000000;0000;0000;000000;0000;1523;000000;6055;0013;000000;6250;0001;000000;6024;0011;000000;0000;0060;000000;0000;0006;000000;8592;0000;000000;0000;2017;000000;0000;6352;000000;0000;0000;000000;0000;0000;000000;0000;0000;000000;0000;0000;050508;0000;0000;000000;0000;0000;000000;0000;03;000000000;G019269A@BBVA.COM                       ;000000000                                                                                                    
0182;0001;9282;20;0000;330310300;CBC-LA FELGUERA                     ;CBC-LA FELGUERA     ;CELESTINO CABEZA, 18                ;33930;                              ;                              ;0000;985678038;985678177;000000000;00000000;000000;           ;00;0000;130123;000000;0000;0000;0000;0000;0000;0000;0000;0000;00;2023-01-16;000000;0;0060;0;0;0;0;0;0;0;0;0;0100;1;0;0;0;0010;0;1;000090;0;0090;0;9;005000;05;0;0;0000;2522;0000;0000;0000;0000;0182;0027;0000;0000;0000;0000;0000;   ;9282;000000;0000;9839;000000;0000;0000;000000;0000;1525;000000;6055;0013;000000;6250;0001;000000;6024;0011;000000;0000;0060;000000;0000;0003;000000;8591;0000;000000;0000;1985;000000;0000;6352;000000;0000;0000;000000;0000;0000;000000;0000;0000;000000;0000;0000;000000;0000;0000;000000;0000;0000;000000;0000;03;000000000;                                        ;000000000                                                                                                    
0182;0001;9320;10;0030;000000000;AFP-PREVISION BOLIVIA (PERSONAL)    ;AFP-PREVISI. BOLIVIA;ED.BISA-M.RIVERO(SN)-STA.CRUZ SIERRA;00000;                              ;                              ;5913;000325151;000369671;000366864;00000000;000000;00000000000;00;0000;161097;000000;0000;0000;0000;0000;0000;0000;0000;0000;00;2011-10-27;000000;0;0000;0;0;0;0;0;0;0;0;0;0100;1;0;0;3;0000;0;0;000090;0;0090;0;9;000100;00;1;0;0000;0000;0000;0000;0000;0000;0000;0000;0000;0099;0000;0000;0000;   ;0000;000000;0000;0000;000000;0000;0000;000000;0000;0000;000000;0000;0000;000000;0000;0001;000000;0000;0516;000000;0000;0060;000000;0000;0000;000000;0000;0000;000000;0000;0000;000000;0000;0000;000000;0000;0001;000000;0000;0000;000000;0000;0000;000000;0000;0000;000000;0000;0000;000000;0000;0000;000000;0000;00;000000000;                                        ;000000000                                                                                                    
0182;0001;9321;10;0030;000000000;AFP-PREVISION EL SALVADOR (PERSONAL);AFP-PREV.EL SALVADOR;CTRA.AEROP.COMALAPA, KM.4,5-S.MARCOS;00000;                              ;                              ;0503;002803666;000000000;002801360;00000000;000000;00000000000;00;0000;300198;000000;0000;0000;0000;0000;0000;0000;0000;0000;00;2011-10-28;000000;0;0000;0;0;0;0;0;0;0;0;0;0100;1;0;0;3;0000;0;0;000090;0;0090;0;9;000100;00;1;0;0000;0000;0000;0000;0000;0000;0000;0000;0000;0099;0000;0000;0000;   ;0000;000000;0000;0000;000000;0000;0000;000000;0000;0000;000000;0000;0000;000000;0000;0001;000000;0000;0428;000000;0000;0060;000000;0000;0000;000000;0000;0000;000000;0000;0000;000000;0000;0000;000000;0000;0000;000000;0000;0000;000000;0000;0000;000000;0000;0000;000000;0000;0000;000000;0000;0000;000000;0000;00;000000000;                                        ;000000000                                                                                                    
0182;0001;9358;20;0000;320090201;CBC-O BARCO VALDEORRAS              ;CBC-O BARCO VALDEORR;MARCELINO SUAREZ, 23                ;32300;                              ;                              ;0000;988320028;988320445;000000000;00000000;000000;           ;00;0000;130123;000000;0000;0000;0000;0000;0000;0000;0000;0000;00;2023-01-16;000000;0;0060;0;0;0;0;0;0;0;0;0;0100;1;0;0;0;0010;0;1;000090;0;0090;0;9;005000;05;0;0;0000;2522;0000;0000;0000;0000;0182;0027;0000;0000;0000;0000;0000;   ;9358;000000;0000;9842;000000;0000;0000;000000;0000;1525;000000;6055;0013;000000;6250;0001;000000;6024;0011;000000;0000;0060;000000;0000;0011;000000;8591;0000;000000;0000;1985;000000;0000;6352;000000;0000;0000;000000;0000;0000;000000;0000;0000;000000;0000;0000;000000;0000;0000;000000;0000;0000;000000;0000;03;000000000;G019358A@BBVA.COM                       ;000000000                                                                                                    
0182;0001;9372;20;0000;360601201;CBC-VILAGARCIA DE AROUSA            ;CBC-VILAGARCIA DE AR;PL. DE GALICIA, 7                   ;36600;VILAGARCIA                    ;                              ;0000;986565067;986565965;000000000;00000000;000000;           ;00;0000;140308;000000;0000;0000;0000;0000;0000;0000;0000;0000;00;2021-08-02;000000;0;0060;0;0;0;0;0;0;0;0;0;0100;1;0;0;0;0010;0;1;000090;0;0090;0;9;005000;05;0;0;0000;2522;0000;0000;0000;0000;0182;0027;0000;0000;0000;0000;0000;   ;9372;000000;0000;9844;000000;0000;0000;000000;0000;1525;000000;6055;0013;000000;6250;0001;000000;6024;0011;000000;0000;0060;000000;0000;0011;000000;8591;0000;000000;0000;1985;000000;0000;6352;000000;0000;0000;000000;0000;0000;000000;0000;0000;000000;0000;0000;040708;0000;0000;000000;0000;0000;000000;0000;03;000000000;G019372A@BBVA.COM                       ;000000000                                                                                                    
0182;0001;9411;20;0000;150310200;CBC-O BURGO                         ;CBC-O BURGO         ;SANJURJO CARRICARTE, 1              ;15670;                              ;                              ;0000;981612004;981612692;000000000;00000000;000000;           ;00;0000;130123;000000;0000;0000;0000;0000;0000;0000;0000;0000;00;2023-01-16;000000;0;0060;0;0;0;0;0;0;0;0;0;0100;1;0;0;0;0010;0;1;000090;0;0090;0;9;005000;05;0;0;0000;2522;0000;0000;0000;0000;0182;0027;0000;0000;0000;0000;0000;   ;9411;000000;0000;9845;000000;0000;0000;000000;0000;1525;000000;6055;0013;000000;6250;0001;000000;6024;0011;000000;0000;0060;000000;0000;0011;000000;8591;0000;000000;0000;1985;000000;0000;6352;000000;0000;0000;000000;0000;0000;000000;0000;0000;000000;0000;0000;000000;0000;0000;000000;0000;0000;000000;0000;03;000000000;G019411A@BBVA.COM                       ;000000000                                                                                                    
0182;0001;9415;20;0000;371070003;CBC-CIUDAD RODRIGO                  ;CBC-CIUDAD RODRIGO  ;SANCHEZ ARJONA, 11                  ;37500;                              ;                              ;0000;923480446;923481283;000000000;00000000;000000;           ;00;0000;130123;000000;0000;0000;0000;0000;0000;0000;0000;0000;00;2023-02-13;000000;0;0060;0;0;0;0;0;0;0;0;0;0100;1;0;0;0;0010;0;1;000090;0;0090;0;9;005000;05;0;0;0000;2522;0000;0000;0000;0000;0182;0027;0000;0000;0000;0000;0000;   ;9415;000000;0000;9847;000000;0000;0000;000000;0000;1525;000000;6055;0013;000000;6250;0001;000000;6024;0011;000000;0000;0060;000000;0000;0007;000000;8591;0000;000000;0000;1985;000000;0000;6352;000000;0000;0000;000000;0000;0000;000000;0000;0000;000000;0000;0000;000000;0000;0000;000000;0000;0000;000000;0000;03;000000000;g019415a@bbva.com                       ;000000000                                                                                                    
0182;0001;9446;20;0000;030090001;CBC ALCOI                           ;CBC ALCOI           ;AV. DEL PAIS VALENCIA, 40-42        ;03801;                              ;                              ;0000;965548711;000000000;000000000;00000000;000000;           ;00;0000;140308;000000;0000;0000;0000;0000;0000;0000;0000;0000;00;2021-08-02;000000;0;0060;0;0;0;0;0;0;0;0;0;0100;1;0;0;0;0010;0;1;000090;0;0090;0;9;005000;05;0;0;0000;2534;0000;0000;0000;0000;0182;0027;0000;0000;0000;0000;0000;   ;9446;000000;0000;9884;000000;0000;0000;000000;0000;1964;000000;6055;0013;000000;6250;0001;000000;6024;0011;000000;0000;0060;000000;0000;0017;000000;8595;0000;000000;0000;0595;000000;0000;2591;000000;0000;0000;000000;0000;0000;000000;0000;0000;000000;0000;0000;000000;0000;0000;000000;0000;0000;000000;0000;02;000000000;G019446A@BBVA.COM                       ;000000000                                                                                                    
0182;0001;9450;20;0000;030650011;CBC-ELCHE                           ;CBC-ELCHE           ;AV. COMUNITAT VALENCIANA, 15        ;03201;                              ;                              ;0000;965434326;000000000;000000000;00000000;000000;           ;00;0000;140308;000000;0000;0000;0000;0000;0000;0000;0000;0000;00;2023-02-28;000000;0;0060;0;0;0;0;0;0;0;0;0;0100;1;0;0;0;0010;0;1;000090;0;0090;0;9;041000;41;0;0;0000;2534;0000;0000;0000;0000;0182;0027;0000;0000;0000;0000;0000;   ;9450;000000;0000;9884;000000;0000;0000;000000;0000;1964;000000;6055;0013;000000;6250;0001;000000;6024;0011;000000;0000;0060;000000;0000;0017;000000;8595;0000;000000;0000;0595;000000;0000;2591;000000;0000;0000;000000;0000;0000;000000;0000;0000;000000;0000;0000;000000;0000;0000;000000;0000;0000;000000;0000;01;000000000;G019450A@BBVA.COM                       ;000000000                                                                                                    
0182;0001;9477;20;0000;070400012;CBC-PALMA DE MALLORCA               ;CBC-PALMA MALLORCA  ;PL. DE L'OLIVAR, 6                  ;07002;PALMA                         ;                              ;0000;971179041;000000000;000000000;00000000;000000;           ;00;0000;140308;000000;0000;0000;0000;0000;0000;0000;0000;0000;00;2021-12-01;000000;0;0060;0;0;0;0;0;0;0;0;0;0100;1;0;0;0;0010;0;1;000090;0;0090;0;9;041000;41;0;0;0000;2534;0000;0000;0000;0000;0182;0027;0000;0000;0000;0000;0000;   ;9477;000000;0000;9883;000000;0000;0000;000000;0000;1964;000000;6055;0013;000000;6250;0001;000000;6024;0011;000000;0000;0060;000000;0000;0004;000000;8595;0000;000000;0000;0595;000000;0000;2591;000000;0000;0000;000000;0000;0000;000000;0000;0000;000000;0000;0000;230508;0000;0000;000000;0000;0000;000000;0000;01;000000000;G019477A@BBVA.COM                       ;000000000                                                                                                    
0182;0001;9484;20;0000;070400012;CBC-BORNE                           ;CBC-BORNE           ;AV. SANT FERRAN, 24                 ;07011;                              ;                              ;0000;971222097;000000000;000000000;00000000;000000;           ;00;0000;130123;000000;0000;0000;0000;0000;0000;0000;0000;0000;00;2023-01-16;000000;0;0060;0;0;0;0;0;0;0;0;0;0100;1;0;0;0;0010;0;1;000090;0;0090;0;9;005000;05;0;0;0000;2534;0000;0000;0000;0000;0182;0027;0000;0000;0000;0000;0000;   ;9484;000000;0000;9883;000000;0000;0000;000000;0000;1964;000000;6055;0013;000000;6250;0001;000000;6024;0011;000000;0000;0060;000000;0000;0004;000000;8595;0000;000000;0000;0595;000000;0000;2591;000000;0000;0000;000000;0000;0000;000000;0000;0000;000000;0000;0000;000000;0000;0000;000000;0000;0000;000000;0000;02;000000000;G019484A@BBVA.COM                       ;000000000                                                                                                    
0182;0001;9491;10;0001;070400012;BALEARES CONSUMO                    ;BALEARES CONSUMO    ;GRAN VIA ASIMA, 4                   ;07009;                              ;                              ;0000;999999999;000000000;000000000;00000000;000000;           ;00;0000;051016;000000;0000;0000;0000;0000;0000;0000;0000;0000;00;2021-11-24;280916;1;0000;0;0;0;0;0;0;0;0;0;0101;1;0;1;1;0003;0;0;310010;1;0010;0;1;000119;00;1;1;9987;0000;0182;6252;0000;0000;0182;0027;0039;0075;0000;0000;0000;   ;0000;000000;0000;9997;000000;0000;0000;000000;0000;9332;000000;0000;6057;000000;6250;0001;000000;6024;0011;000000;0000;0060;000000;0000;0004;000000;9032;0007;000000;0000;0595;000000;0000;0000;000000;0000;0000;000000;6252;0000;241121;0011;9587;000000;0000;0000;000000;0000;0000;000000;0000;0000;000000;0000;00;000000000;G019491A@BBVA.COM                       ;000000000                                                                                                    
0182;0001;9520;20;0000;462200005;CBC-SAGUNTO-PUERTO                  ;CBC-SAGUNTO-PUERTO  ;AV. 9 DE OCTUBRE, 50                ;46520;                              ;                              ;0000;962670100;962670101;000000000;00000000;000000;           ;00;0000;140308;000000;0000;0000;0000;0000;0000;0000;0000;0000;00;2021-08-02;000000;0;0060;0;0;0;0;0;0;0;0;0;0100;1;0;0;0;0010;0;1;000090;0;0090;0;9;005000;05;0;0;0000;2534;0000;0000;0000;0000;0182;0027;0000;0000;0000;0000;0000;   ;9520;000000;0000;9889;000000;0000;0000;000000;0000;1964;000000;6055;0013;000000;6250;0001;000000;6024;0011;000000;0000;0060;000000;0000;0017;000000;8595;0000;000000;0000;0595;000000;0000;2591;000000;0000;0000;000000;0000;0000;000000;0000;0000;000000;0000;0000;000000;0000;0000;000000;0000;0000;000000;0000;02;000000000;G019520A@BBVA.COM                       ;000000000                                                                                                    
0182;0001;9523;20;0000;460130001;CBC-ALBORAIA-AV.M.NOSTRU            ;CBC-ALBORAIA-AV.M.NO;AV. MARE NOSTRUM, 1                 ;46120;                              ;                              ;0000;961861183;000000000;000000000;00000000;000000;           ;00;0000;130123;000000;0000;0000;0000;0000;0000;0000;0000;0000;00;2023-01-16;000000;0;0060;0;0;0;0;0;0;0;0;0;0100;1;0;0;0;0010;0;1;000090;0;0090;0;9;005000;05;0;0;0000;2534;0000;0000;0000;0000;0182;0027;0000;0000;0000;0000;0000;   ;9523;000000;0000;9889;000000;0000;0000;000000;0000;1964;000000;6055;0013;000000;6250;0001;000000;6024;0011;000000;0000;0060;000000;0000;0017;000000;8595;0000;000000;0000;0595;000000;0000;2591;000000;0000;0000;000000;0000;0000;000000;0000;0000;000000;0000;0000;000000;0000;0000;000000;0000;0000;000000;0000;03;000000000;G019523A@BBVA.COM                       ;000000000                                                                                                    
0182;0001;9528;10;0001;350160024;CANARIAS CONSUMO                    ;CANARIAS CONSUMO    ;ALBAREDA, 6                         ;35008;                              ;                              ;0000;999999999;000000000;000000000;00000000;000000;           ;00;0000;051016;000000;0000;0000;0000;0000;0000;0000;0000;0000;00;2021-11-24;280916;1;0000;0;0;0;0;0;0;0;0;0;0101;1;0;1;1;0003;0;0;310010;1;0010;0;1;000119;00;1;1;9987;0000;0182;6252;0000;0000;0182;0027;0039;0050;0000;0000;0000;   ;0000;000000;0000;9652;000000;0000;0000;000000;0000;9332;000000;0000;6057;000000;6250;0001;000000;6024;0011;000000;0000;0060;000000;0000;0005;000000;9032;0035;000000;0000;1989;000000;0000;0000;000000;0000;0000;000000;6252;0000;241121;0011;9587;000000;0000;0000;000000;0000;0000;000000;0000;0000;000000;0000;00;000000000;G019528A@BBVA.COM                       ;000000000                                                                                                    
0182;0001;9553;10;0001;460130001;PATACONA                            ;PATACONA            ;AV. MARE NOSTRUM, 1                 ;46120;                              ;                              ;0000;963561658;963561658;000000000;00000000;000000;           ;00;0000;211000;000000;0000;0000;0000;0000;0000;0000;0000;0000;00;2022-11-16;010100;1;0000;0;0;0;0;0;0;0;0;0;0101;1;0;1;1;0003;0;0;311010;1;1010;0;1;007111;07;1;1;1520;2534;0182;6252;0000;0000;0182;0027;0039;0065;0000;0000;7710;000;9526;000000;0000;9889;000000;0000;0000;000000;0000;1964;000000;6055;0013;000000;6250;0001;000000;6024;0011;000000;0000;0060;000000;0000;0017;000000;8595;0046;000000;0000;0595;000000;0000;6352;000000;0000;0009;000000;6252;0000;161122;0011;0000;000000;0000;5859;000000;0000;8814;000000;8824;0000;000000;0000;04;902224466;G019553A@BBVA.COM                       ;000000000                                                                                                    
0182;0001;9572;20;0000;431630006;CBC-EL VENDRELL                     ;CBC-EL VENDRELL     ;DOCTOR ROBERT, 10                   ;43700;VENDRELL (EL)                 ;                              ;0000;977662166;000000000;000000000;00000000;000000;           ;00;0000;140308;000000;0000;0000;0000;0000;0000;0000;0000;0000;00;2021-08-02;000000;0;0060;0;0;0;0;0;0;0;0;0;0100;1;0;0;0;0010;0;1;000090;0;0090;0;9;005000;05;0;0;0000;2542;0000;0000;0000;0000;0182;0027;0000;0000;0000;0000;0000;   ;9572;000000;0000;9928;000000;0000;0000;000000;0000;8302;000000;6055;0013;000000;6250;0001;000000;6024;0011;000000;0000;0060;000000;0000;0009;000000;8593;0000;000000;0000;0800;000000;0000;6352;000000;0000;0000;000000;0000;0000;000000;0000;0000;000000;0000;5855;190508;0000;8811;000000;5207;0000;000000;0000;02;000000000;G019572A@BBVA.COM                       ;000000000                                                                                                    
0182;0001;9628;20;0000;082180003;CBC SANT JOAN VILATORRADA           ;CBC S.JOAN VILATORRA;MAJOR, 58                           ;08250;                              ;                              ;0000;938727109;000000000;000000000;00000000;000000;           ;00;0000;140308;000000;0000;0000;0000;0000;0000;0000;0000;0000;00;2018-11-23;000000;0;0060;0;0;0;0;0;0;0;0;0;0100;1;0;0;0;0010;0;1;000090;0;0090;0;9;005000;05;0;0;0000;2542;0000;0000;0000;0000;0182;0027;0000;0000;0000;0000;0000;   ;9628;000000;0000;9910;000000;0000;0000;000000;0000;8302;000000;6055;0013;000000;6250;0001;000000;6024;0011;000000;0000;0060;000000;0000;0009;000000;8593;0000;000000;0000;0800;000000;0000;6352;000000;0000;0000;000000;0000;0000;000000;0000;0000;000000;0000;5855;000000;0000;8811;000000;5207;0000;000000;0000;02;000000000;G019628A@BBVA.COM                       ;000000000                                                                                                    
0182;0001;9654;20;0000;081690001;CBC-EL PRAT DE LLOBREGAT            ;CBC-EL PRAT DE LL.  ;AV. VIRGEN DE MONTSERRAT, 99        ;08820;                              ;                              ;0000;933793962;000000000;000000000;00000000;000000;           ;00;0000;130123;000000;0000;0000;0000;0000;0000;0000;0000;0000;00;2023-02-13;000000;0;0060;0;0;0;0;0;0;0;0;0;0100;1;0;0;0;0010;0;1;000090;0;0090;0;9;005000;05;0;0;0000;2542;0000;0000;0000;0000;0182;0027;0000;0000;0000;0000;0000;   ;9654;000000;0000;9919;000000;0000;0000;000000;0000;8302;000000;6055;0013;000000;6250;0001;000000;6024;0011;000000;0000;0060;000000;0000;0009;000000;8593;0000;000000;0000;0800;000000;0000;6352;000000;0000;0000;000000;0000;0000;000000;0000;0000;000000;0000;5855;000000;0000;8811;000000;8821;0000;000000;0000;02;000000000;g019654a@bbva.com                       ;000000000                                                                                                    
0182;0001;9667;20;0000;082020006;CBC-ST CELONI                       ;CBC-ST CELONI       ;SANT JOSEP, 87                      ;08470;                              ;                              ;0000;938673764;938484026;000000000;00000000;000000;           ;00;0000;130123;000000;0000;0000;0000;0000;0000;0000;0000;0000;00;2023-01-16;000000;0;0060;0;0;0;0;0;0;0;0;0;0100;1;0;0;0;0010;0;1;000090;0;0090;0;9;005000;05;0;0;0000;2542;0000;0000;0000;0000;0182;0027;0000;0000;0000;0000;0000;   ;9667;000000;0000;5299;000000;0000;0000;000000;0000;8302;000000;6055;0013;000000;6250;0001;000000;6024;0011;000000;0000;0060;000000;0000;0009;000000;8593;0000;000000;0000;0800;000000;0000;6352;000000;0000;0000;000000;0000;0000;000000;0000;0000;000000;0000;5855;000000;0000;8811;000000;5207;0000;000000;0000;03;000000000;G019667A@BBVA.COM                       ;000000000                                                                                                    
0182;0001;9702;10;0013;000000000;COMPLEMENTO CORPORATIVA NOROESTE    ;COMPL.CORP.NOROESTE ;S.D.                                ;00000;                              ;                              ;0000;999999999;000000000;000000000;00000000;000000;           ;00;0000;300608;000000;0000;0000;0000;0000;0000;0000;0000;0000;00;2011-11-21;300608;1;0000;0;0;0;0;0;0;0;0;0;0101;1;0;1;1;0000;0;0;000000;0;0000;0;0;000000;00;0;0;0000;0000;0000;0000;0000;0000;0182;0027;0039;0070;0000;0000;2200;   ;0000;000000;0000;0000;000000;0000;8436;000000;0000;8400;000000;8411;0023;000000;6051;0001;000000;6024;0011;000000;0000;0060;000000;0000;0000;000000;8591;0000;000000;0000;1555;000000;0000;0000;000000;0000;0000;000000;0000;0000;000000;0000;0000;000000;0000;0000;260608;0000;0000;000000;0000;0000;000000;0000;00;000000000;                                        ;000000000                                                                                                    
0182;0001;9705;10;0013;000000000;COMPLEMENTO CORPORATIVA ESTE        ;COMPL.CORPORAT.ESTE ;S.D.                                ;00000;                              ;                              ;0000;999999999;000000000;000000000;00000000;000000;           ;00;0000;300608;000000;0000;0000;0000;0000;0000;0000;0000;0000;00;2017-07-21;300608;1;0000;0;0;0;0;0;0;0;0;0;0101;1;0;1;1;0000;0;0;000000;0;0000;0;0;000000;00;0;0;0000;0000;0000;0000;0000;0000;0182;0027;0039;0065;0000;0000;7710;   ;0000;000000;0000;0000;000000;0000;8431;000000;0000;8401;000000;8415;0023;000000;6051;0001;000000;6024;0011;000000;0000;0060;000000;0000;0000;000000;8595;0000;000000;0000;1555;000000;0000;0000;000000;0000;0000;000000;0000;0000;000000;0000;0000;000000;0000;0000;260608;0000;0000;000000;0000;0000;000000;0000;00;000000000;                                        ;000000000                                                                                                    
0182;0001;9706;10;0013;000000000;COMPLEMENTO CORPORATIVA SUR         ;COMPL.CORPORAT.SUR  ;S.D.                                ;00000;                              ;                              ;0000;999999999;000000000;000000000;00000000;000000;           ;00;0000;300608;000000;0000;0000;0000;0000;0000;0000;0000;0000;00;2011-11-21;300608;1;0000;0;0;0;0;0;0;0;0;0;0101;1;0;1;1;0000;0;0;000000;0;0000;0;0;000000;00;0;0;0000;0000;0000;0000;0000;0000;0182;0027;0039;0085;0000;0000;6000;   ;0000;000000;0000;0000;000000;0000;8429;000000;0000;8402;000000;8416;0023;000000;6051;0001;000000;6024;0011;000000;0000;0060;000000;0000;0000;000000;8596;0000;000000;0000;1555;000000;0000;0000;000000;0000;0000;000000;0000;0000;000000;0000;0000;000000;0000;0000;260608;0000;0000;000000;0000;0000;000000;0000;00;000000000;                                        ;000000000                                                                                                    
0182;0001;9713;10;0013;350160024;COMPLEMENTO EMPRESAS CANARIAS       ;COMP.EMPRES.CANARIAS;ALBAREDA, 6 PLTA1                   ;35008;PALMAS DE GRAN CANARIA (LAS)  ;                              ;0000;928451570;928451528;928451576;00000000;000000;           ;00;0000;300608;000000;0000;0000;0000;0000;0000;0000;0000;0000;00;2022-12-13;300608;1;0000;0;0;0;0;0;0;0;0;0;0101;1;0;1;1;0002;0;0;200000;0;0000;0;0;000000;00;0;0;0000;0000;0000;0000;0000;0000;0182;0027;0039;0050;0000;0000;4951;   ;0000;000000;0000;0000;000000;0000;8438;000000;0000;1577;000000;8417;0058;000000;6051;0001;000000;6024;0011;000000;0000;0060;000000;0000;0005;000000;8597;0035;000000;0000;1555;000000;0000;0000;000000;0000;0000;000000;0000;0000;000000;0000;0000;000000;0000;0000;260608;0000;0000;000000;0000;0000;000000;0000;00;000000000;                                        ;000000000                                                                                                    
0182;0001;9720;10;0013;000000000;COMPLEMENTO INSTITUCIONES CANARIAS  ;COMP.INSTIT.CANARIAS;S.D.                                ;00000;                              ;                              ;0000;999999999;000000000;000000000;00000000;000000;           ;00;0000;300608;000000;0000;0000;0000;0000;0000;0000;0000;0000;00;2016-04-11;300608;1;0000;0;0;0;0;0;0;0;0;0;0101;1;0;1;1;0000;0;0;000000;0;0000;0;0;000000;00;0;0;0000;0000;0000;0000;0000;0000;0182;0027;0039;0050;0000;0000;4951;   ;0000;000000;0000;0000;000000;0000;0000;000000;0000;8406;000000;8417;0088;000000;6051;0001;000000;6024;0011;000000;0000;0060;000000;0000;0000;000000;8597;0000;000000;0000;1555;000000;0000;0000;000000;0000;0000;000000;0000;0000;000000;0000;0000;000000;0000;0000;260608;0000;0000;000000;0000;0000;000000;0000;00;000000000;                                        ;000000000                                                                                                    
0182;0001;9723;10;0001;081080004;LLICA DE VALL                       ;LLICA DE VALL       ;AV. MONTSERRAT, 35                  ;08185;                              ;                              ;0000;938445115;000000000;000000000;00000000;000000;           ;00;0000;030513;000000;0000;0000;0000;0000;0000;0000;0000;0000;00;2023-03-02;030513;1;0000;0;0;0;0;0;0;0;0;0;1101;1;0;1;1;0003;0;0;310010;1;0010;0;1;008005;08;0;0;5011;2542;0182;6252;0000;0000;0182;0027;0039;0035;0000;0000;1797;   ;9636;000000;0000;5299;000000;0000;0000;000000;0000;8302;000000;6055;0013;000000;6250;0001;000000;6024;0011;000000;0000;0060;000000;0000;0009;000000;8593;0008;000000;0000;0800;000000;0000;6352;000000;0000;0007;000000;6252;0000;020323;0011;0000;000000;0000;5855;000000;0000;8811;000000;5207;0000;000000;0000;04;000000000;G019723A@BBVA.COM                       ;000000000                                                                                                    
0182;0001;9727;10;0001;431710005;VILASECA RAMON D'OLZINA             ;VILASECA RAMON D'OLZ;AV. RAMON D'OLZINA ESQ/ESTRELLA     ;43480;                              ;                              ;0000;977392759;000000000;000000000;00000000;000000;           ;00;0000;030513;000000;0000;0000;0000;0000;0000;0000;0000;0000;00;2023-03-02;030513;1;0000;0;0;0;0;0;0;0;0;0;1101;1;0;1;1;0003;0;0;310010;1;0010;0;1;008111;08;1;1;1377;2542;0182;6252;0000;0000;0182;0027;0039;0035;0000;0000;6240;   ;9678;000000;0000;9928;000000;0000;0000;000000;0000;8302;000000;6055;0013;000000;6250;0001;000000;6024;0011;000000;0000;0060;000000;0000;0009;000000;8593;0043;000000;0000;0800;000000;0000;6352;000000;0000;0007;000000;6252;0000;020323;0011;0000;000000;0000;5855;000000;0000;8811;000000;5207;0000;000000;0000;03;000000000;G019727A@BBVA.COM                       ;000000000                                                                                                    
0182;0001;9728;10;0036;081360001;MONTORNES                           ;MONTORNES           ;AV. ONZE DE SETEMBRE, 34            ;08170;                              ;                              ;0000;935721199;000000000;000000000;00000000;000000;           ;00;0000;030513;000000;0000;0000;0000;0000;0000;0000;0000;0000;00;2023-03-02;030513;1;0000;0;0;0;0;0;0;0;0;0;1101;1;0;1;1;0003;0;0;310010;1;0010;0;1;008009;08;0;0;9728;2542;0182;6252;0000;0000;0182;0027;0039;0035;0000;0000;1797;   ;5277;000000;0000;5299;000000;0000;0000;000000;0000;8302;000000;6055;0013;000000;6250;0001;000000;6024;0011;000000;0000;0060;000000;0000;0009;000000;8593;0008;000000;0000;0800;000000;0000;6352;000000;0000;0007;000000;6252;0000;020323;0011;0000;000000;0002;5855;000000;0000;8811;000000;8821;0000;000000;0000;03;000000000;G019728A@BBVA.COM                       ;000000000                                                                                                    
0182;0001;9732;10;0001;081010001;L'HOSPITALET-MERCAT BELLVITGE       ;L'HOSPITALET-MERCAT ;RBLA. MARINA, 200 (POLIGON BELLVITGE;08907;                              ;                              ;0000;933359955;000000000;000000000;00000000;000000;           ;00;0000;030513;000000;0000;0000;0000;0000;0000;0000;0000;0000;00;2021-11-24;030513;1;0000;0;0;0;0;0;0;0;0;0;1101;1;0;1;1;0003;0;0;310010;1;0010;0;1;040113;40;1;1;3050;2542;0182;6252;0000;0000;0182;0027;0039;0035;0000;0000;1797;   ;9655;000000;0000;8963;000000;0000;0000;000000;0000;8302;000000;6055;0013;000000;6250;0001;000000;6024;0011;000000;0000;0060;000000;0000;0009;000000;8593;0008;000000;0000;0800;000000;0000;6352;000000;0000;0007;000000;6252;0000;110220;0011;0000;000000;0000;5855;000000;0000;8811;000000;8821;0000;000000;0000;04;000000000;G019732A@BBVA.COM                       ;000000000                                                                                                    
0182;0001;9746;10;0001;080170002;ELS HOSTALETS DE BALENYA            ;ELS HOSTALETS DE BAL;BOSCH I JOVER, 1                    ;08550;                              ;                              ;0000;938820101;000000000;000000000;00000000;000000;           ;00;0000;030513;000000;0000;0000;0000;0000;0000;0000;0000;0000;00;2023-02-23;030513;1;0000;0;0;0;0;0;0;0;0;0;1101;1;0;1;1;0003;0;0;310010;1;0010;0;1;008003;08;0;0;3507;2542;0182;6252;0000;0000;0182;0027;0039;0035;0000;0000;1797;   ;9627;000000;0000;5299;000000;0000;0000;000000;0000;8302;000000;6055;0013;000000;6250;0001;000000;6024;0011;000000;0000;0060;000000;0000;0009;000000;8593;0008;000000;0000;0800;000000;0000;6352;000000;0000;0007;000000;6252;0000;110220;0011;0000;000000;0000;5855;000000;0000;8811;000000;5207;0000;000000;0000;05;000000000;G019746A@BBVA.COM                       ;000000000                                                                                                    
0182;0001;9772;10;0018;000000000;B.INTERNAC.ANDORRA                  ;B.INTERNAC.ANDORRA  ;AV. MERITXELL, 32                   ;00000;                              ;                              ;0000;999999999;000000000;000000000;00000000;000000;00000000000;00;0000;010175;000000;0000;0000;0000;0000;0000;0000;0000;0000;00;2011-10-28;000000;0;0000;8;0;0;0;0;0;0;0;0;0101;1;0;1;0;0000;0;0;000090;0;0090;0;9;000100;00;1;0;0000;0000;0000;0000;0000;0000;0000;0000;0000;0099;0000;0000;0000;   ;0000;000000;0000;0000;000000;0000;0000;000000;0000;0000;000000;0000;0000;000000;0000;0001;000000;0000;0043;000000;0000;0060;000000;0000;0000;000000;0000;0000;000000;0000;0000;000000;0000;0000;000000;0000;0001;000000;0000;0000;000000;0000;0000;000000;0000;0000;000000;0000;0000;000000;0000;0000;000000;0000;00;000000000;                                        ;000000000                                                                                                    
0182;0001;9774;10;0018;000000000;B.B.V.A.-PANAMA, S.A.               ;B.B.V.A.-PANAMA,S.A.;AV. SAMUEL LEWIS ED.COMOSA OF.7     ;00000;                              ;                              ;0000;999999999;000000000;000000000;00000000;000000;00000000000;00;0000;010175;000000;0000;0000;0000;0000;0000;0000;0000;0000;00;2011-10-28;000000;0;0000;8;0;0;0;0;0;0;0;0;0101;1;0;1;0;0000;0;0;000090;0;0090;0;9;000100;00;1;0;0000;0000;0000;0000;0000;0000;0000;0000;0000;0099;0000;0000;0000;   ;0000;000000;0000;0000;000000;0000;0000;000000;0000;0000;000000;0000;0000;000000;0000;0001;000000;0000;0442;000000;0000;0060;000000;0000;0000;000000;0000;0000;000000;0000;0000;000000;0000;0000;000000;0000;0001;000000;0000;0000;000000;0000;0000;000000;0000;0000;000000;0000;0000;000000;0000;0000;000000;0000;00;000000000;                                        ;000000000                                                                                                    
0182;0001;9775;10;0018;000000000;B.B.V.A.SCHWEIZ-ZURI                ;B.B.V.A.SCHWEIZ-ZURI;SELNAUSTRASSE 32, 4TH FLOOR         ;08001;                              ;                              ;0410;002659511;000000000;002659711;00000000;000000;00000000000;00;0000;010175;000000;0000;0000;0000;0000;0000;0000;0000;0000;00;2024-03-20;000000;0;0000;8;0;0;0;0;0;0;0;0;0101;1;0;1;0;0000;0;0;000090;0;0090;0;9;000100;00;1;0;0000;0000;0000;0000;0000;0000;0000;0000;0000;0099;0000;0000;0000;   ;0000;000000;0000;0000;000000;0000;0000;000000;0000;0000;000000;0000;0000;000000;0000;0001;000000;0000;0036;000000;0000;0060;000000;0000;0000;000000;0000;0000;000000;0000;0000;000000;0000;0000;000000;0000;0001;000000;0000;0000;000000;0000;0000;000000;0000;0000;000000;0000;0000;000000;0000;0000;000000;0000;00;000000000;                                        ;000000000                                                                                                    
0182;0001;9776;10;0018;000000000;B.B.V.A.-DEUTSCHLAND A.G.           ;B.B.V.A.-DEUTSCHLAND;FRIEDENSSTR. 11                     ;00000;                              ;                              ;0000;999999999;000000000;000000000;00000000;000000;00000000000;00;0000;010175;000000;0000;0000;0000;0000;0000;0000;0000;0000;00;2011-10-28;000000;0;0000;8;0;0;0;0;0;0;0;0;0101;1;0;1;0;0000;0;0;000090;0;0090;0;9;000100;00;1;0;0000;0000;0000;0000;0000;0000;0000;0000;0000;0099;0000;0000;0000;   ;0000;000000;0000;0000;000000;0000;0000;000000;0000;0000;000000;0000;0000;000000;0000;0001;000000;0000;0004;000000;0000;0060;000000;0000;0000;000000;0000;0000;000000;0000;0000;000000;0000;0000;000000;0000;0001;000000;0000;0000;000000;0000;0000;000000;0000;0000;000000;0000;0000;000000;0000;0000;000000;0000;00;000000000;                                        ;000000000                                                                                                    
0182;0001;9777;10;0018;000000000;B.B.V.A. INTER.LA HAYA              ;B.B.V.A. INT.LA HAYA;SIN DOMICILIO CONOCIDO              ;00000;                              ;                              ;0000;999999999;000000000;000000000;00000000;000000;00000000000;00;0000;010175;000000;0000;0000;0000;0000;0000;0000;0000;0000;00;2011-10-28;000000;0;0000;8;0;0;0;0;0;0;0;0;0101;1;0;1;0;0000;0;0;000090;0;0090;0;9;000100;00;1;0;0000;0000;0000;0000;0000;0000;0000;0000;0000;0099;0000;0000;0000;   ;0000;000000;0000;0000;000000;0000;0000;000000;0000;0000;000000;0000;0000;000000;0000;0001;000000;0000;0003;000000;0000;0060;000000;0000;0000;000000;0000;0000;000000;0000;0000;000000;0000;0000;000000;0000;0001;000000;0000;0000;000000;0000;0000;000000;0000;0000;000000;0000;0000;000000;0000;0000;000000;0000;00;000000000;                                        ;000000000                                                                                                    
0182;0001;9778;10;0018;000000000;INFORMATION SECURITY                ;INFORM. SECURITY    ;1345 AV.OF THE AMERICAS, 44 FL, NY  ;10105;                              ;                              ;0000;127281500;000000000;000000000;00000000;000000;           ;00;0000;210317;000000;0000;0000;0000;0000;0000;0000;0000;0000;00;2017-03-31;210317;1;0000;8;0;0;0;0;0;0;0;0;0102;1;0;2;3;0000;0;0;000090;0;0090;0;9;000100;00;1;0;0000;0000;0000;0000;0000;0000;0182;0027;0039;0030;0000;0000;0000;   ;0000;000000;0000;8257;000000;0000;2224;000000;0000;0000;000000;0000;7893;000000;6052;0001;000000;0000;0400;000000;0000;0060;000000;0000;0000;000000;0000;0000;000000;0000;0000;000000;0000;0000;000000;0000;0000;000000;0000;0230;000000;0000;0000;000000;0000;0000;000000;0000;0000;000000;0000;0000;000000;0000;00;000000000;                                        ;000000000                                                                                                    
0182;0001;9792;10;0001;080230004;BIGUES I RIELLS                     ;BIGUES I RIELLS     ;AVINGUDA PRAT DE LA RIBA, 74        ;08415;                              ;                              ;0000;938657610;000000000;000000000;00000000;000000;           ;00;0000;030513;000000;0000;0000;0000;0000;0000;0000;0000;0000;00;2021-11-24;030513;1;0000;0;0;0;0;0;0;0;0;0;1101;1;0;1;1;0003;0;0;310010;1;0010;0;1;008008;08;0;0;8759;2542;0182;6252;0000;0000;0182;0027;0039;0035;0000;0000;1797;   ;5275;000000;0000;5299;000000;0000;0000;000000;0000;8302;000000;6055;0013;000000;6250;0001;000000;6024;0011;000000;0000;0060;000000;0000;0009;000000;8593;0008;000000;0000;0800;000000;0000;6352;000000;0000;0007;000000;6252;0000;110220;0011;0000;000000;0000;5855;000000;0000;8811;000000;5207;0000;000000;0000;05;000000000;G019792A@BBVA.COM                       ;000000000                                                                                                    
0182;0001;9798;10;0001;082020006;ST CELONI                           ;ST CELONI           ;SANT JOSEP, 87                      ;08470;                              ;                              ;0000;938673764;000000000;000000000;00000000;000000;           ;00;0000;030513;000000;0000;0000;0000;0000;0000;0000;0000;0000;00;2020-08-03;030513;1;0000;0;0;0;0;0;0;0;0;0;1101;1;0;1;1;0003;0;0;310010;1;0010;0;1;008009;08;0;0;9796;2542;0182;6252;0000;0000;0182;0027;0039;0035;0000;0000;1797;   ;9635;000000;0000;9920;000000;0000;0000;000000;0000;8302;000000;6055;0013;000000;6250;0001;000000;6024;0011;000000;0000;0060;000000;0000;0009;000000;8593;0008;000000;0000;0800;000000;0000;6352;000000;0000;0007;000000;6252;0000;110220;0011;0000;000000;0000;5855;000000;0000;8811;000000;5207;0000;000000;0000;03;000000000;G019798A@BBVA.COM                       ;000000000                                                                                                    
0182;0001;9799;10;0018;000000000;B.B.V.A. I.BANK JERSEY              ;B.B.V.A. I.B. JERSEY;25, HILL STREET                     ;00000;                              ;                              ;0000;999999999;000000000;000000000;00000000;000000;00000000000;00;0000;010175;000000;0000;0000;0000;0000;0000;0000;0000;0000;00;2011-10-28;000000;0;0000;8;0;0;0;0;0;0;0;0;0101;1;0;1;0;0000;0;0;000090;0;0090;0;9;000100;00;1;0;0000;0000;0000;0000;0000;0000;0000;0000;0000;0099;0000;0000;0000;   ;0000;000000;0000;0000;000000;0000;0000;000000;0000;0000;000000;0000;0000;000000;0000;0001;000000;0000;0054;000000;0000;0060;000000;0000;0000;000000;0000;0000;000000;0000;0000;000000;0000;0000;000000;0000;0001;000000;0000;0000;000000;0000;0000;000000;0000;0000;000000;0000;0000;000000;0000;0000;000000;0000;00;000000000;                                        ;000000000                                                                                                    
0182;0001;9815;30;0000;350160024;Z.GRAN CANARIA SUR E ISLAS          ;Z.G.CANARIA SUR ISLA;ALBAREDA, 6 PLTA2                   ;35008;                              ;                              ;0000;999999999;000000000;000000000;00000000;000000;           ;00;0000;140308;000000;0000;0000;0000;0000;0000;0000;0000;0000;00;2021-12-01;000000;0;0060;0;0;0;0;0;0;0;0;0;0100;1;0;0;0;0010;0;1;000090;0;0090;0;9;000000;00;0;0;0000;2536;0000;0000;0000;0000;0182;0027;0000;0000;0000;0000;0000;   ;0000;000000;0000;9815;000000;0000;0000;000000;0000;0063;000000;6055;0013;000000;6250;0001;000000;6024;0011;000000;0000;0060;000000;0000;0005;000000;8597;0000;000000;0000;1989;000000;0000;0000;000000;0000;0000;000000;0000;0000;000000;0000;0000;000000;0000;0000;000000;0000;8812;000000;8822;0000;000000;0000;00;000000000;                                        ;000000000                                                                                                    
0182;0001;9816;30;0000;350160024;Z. LAS PALMAS                       ;Z. LAS PALMAS       ;ALBAREDA, 6 PLTA2                   ;35008;                              ;                              ;0000;099999999;000000000;000000000;00000000;000000;           ;00;0000;140308;000000;0000;0000;0000;0000;0000;0000;0000;0000;00;2021-12-01;000000;0;0060;0;0;0;0;0;0;0;0;0;0100;1;0;0;0;0010;0;1;000090;0;0090;0;9;000000;00;0;0;0000;2536;0000;0000;0000;0000;0182;0027;0000;0000;0000;0000;0000;   ;0000;000000;0000;9816;000000;0000;0000;000000;0000;0063;000000;6055;0013;000000;6250;0001;000000;6024;0011;000000;0000;0060;000000;0000;0005;000000;8597;0000;000000;0000;1989;000000;0000;0000;000000;0000;0000;000000;0000;0000;000000;0000;0000;000000;0000;0000;000000;0000;8812;000000;8822;0000;000000;0000;00;000000000;                                        ;000000000                                                                                                    
0182;0001;9830;30;0000;312010002;Z. NAVARRA/RIOJA                    ;Z. NAVARRA/RIOJA    ;CARLOS III, 33                      ;31004;                              ;                              ;0000;948169942;000000000;948169960;00000000;000000;           ;00;0000;140308;000000;0000;0000;0000;0000;0000;0000;0000;0000;00;2015-01-27;000000;0;0060;0;0;0;0;0;0;0;0;0;0100;1;0;0;0;0010;0;1;000090;0;0090;0;9;000000;00;0;0;0000;2529;0000;0000;0000;0000;0182;0027;0000;0000;0000;0000;0000;   ;0000;000000;0000;9830;000000;0000;0000;000000;0000;1523;000000;6055;0013;000000;6250;0001;000000;6024;0011;000000;0000;0060;000000;0000;0013;000000;8592;0000;000000;0000;2017;000000;0000;0000;000000;0000;0000;000000;0000;0000;000000;0000;0000;000000;0000;0000;000000;0000;8816;000000;8826;0000;000000;0000;00;000000000;                                        ;000000000                                                                                                    
0182;0001;9866;10;0013;280790001;COMPLEMENTO AREA NEGOCIOS GLOBALES  ;COMPL.AREA.NEG.GLOB.;VIA DE LOS POBLADOS S/N.            ;28033;                              ;                              ;0000;915378546;000000000;000000000;00000000;000000;           ;00;0000;190506;000000;0000;0000;0000;0000;0000;0000;0000;0000;00;2023-01-10;190506;1;0000;0;0;0;0;0;0;0;0;0;0102;1;0;2;2;0000;0;0;000000;0;0000;0;0;000000;00;0;0;0000;0000;0000;0000;0000;0000;0182;0027;0039;0030;0000;0000;0000;   ;0000;000000;0000;0000;000000;0000;0000;000000;0000;6056;000000;0000;6039;000000;6212;0001;000000;6038;0011;000000;0000;0060;000000;0000;0012;000000;0000;0028;000000;0000;1555;000000;0000;0000;000000;0000;0000;000000;0000;0000;000000;0000;0000;000000;0000;0000;000000;0000;0000;000000;0000;0000;000000;0000;00;000000000;                                        ;000000000                                                                                                    
0182;0001;9883;30;0000;070400012;Z. BALEARES                         ;Z. BALEARES         ;PL. DE L'OLIVAR, 6 PLTA1            ;07002;                              ;                              ;0000;971179157;000000000;000000000;00000000;000000;           ;00;0000;140308;000000;0000;0000;0000;0000;0000;0000;0000;0000;00;2021-12-01;000000;0;0060;0;0;0;0;0;0;0;0;0;0100;1;0;0;0;0010;0;1;000090;0;0090;0;9;000000;00;0;0;0000;2534;0000;0000;0000;0000;0182;0027;0000;0000;0000;0000;0000;   ;0000;000000;0000;9883;000000;0000;0000;000000;0000;1964;000000;6055;0013;000000;6250;0001;000000;6024;0011;000000;0000;0060;000000;0000;0004;000000;8595;0000;000000;0000;0595;000000;0000;0000;000000;0000;0000;000000;0000;0000;000000;0000;0000;000000;0000;0000;000000;0000;8814;000000;8824;0000;000000;0000;00;000000000;                                        ;000000000                                                                                                    
0182;0001;9934;10;0014;172100004;VENTALLO-OTP                        ;VENTALLO-OTP        ;PZ. MAJOR, 3                        ;17473;                              ;                              ;0000;972794267;000000000;000000000;00000000;000000;00000000000;00;0000;010175;060720;0182;5670;0000;0000;0182;2570;0000;0000;00;2021-02-15;000000;0;5670;0;0;0;0;0;0;0;0;0;0100;1;0;0;0;0000;0;0;010090;1;0090;0;9;009770;09;7;7;0000;2542;0182;6252;0000;0000;0182;0027;0039;0035;0000;0000;2770;   ;9668;000000;0000;9920;000000;0000;0000;000000;0000;8302;000000;6055;0013;000000;6250;0001;000000;6024;0011;000000;0000;0060;000000;0000;0009;000000;8593;0017;000000;0000;0800;000000;0000;6352;000000;0000;0007;000000;6252;0000;170118;0011;0000;000000;0000;5855;000000;0000;8811;000000;5207;0000;000000;0000;00;000000000;                                        ;000000000                                                                                                    
0182;0001;9945;10;0018;000000000;SG-DBU-CLIENT COVERAGE              ;SG-DBU-CLIENT COVERA;UOB PLAZA, 1 55-02 80 RAFFLES PLACE ;00000;                              ;                              ;0000;099999999;000000000;000000000;00000000;000000;           ;00;0000;110308;000000;0000;0000;0000;0000;0000;0000;0000;0000;00;2025-08-20;110308;1;0000;8;0;0;0;0;0;0;0;0;0102;1;0;2;3;0000;0;0;000090;0;0090;0;9;000000;00;0;0;0000;0000;0000;0000;0000;0000;0000;0000;9999;0099;0000;0000;0000;   ;0000;000000;0000;0000;000000;0000;7901;000000;0000;0000;000000;0000;7785;000000;6212;0001;000000;6038;0706;000000;0000;0060;000000;0000;0000;000000;0000;0000;000000;0000;0000;000000;0000;0000;000000;0000;0000;000000;0000;0135;000000;0000;0000;000000;0000;0000;000000;0000;0000;000000;0000;0000;000000;0000;00;000000000;                                        ;000000000                                                                                                    